P-TPT_mean,P-TPT_std,P-TPT_min,P-TPT_max,P-TPT_median,T-TPT_mean,T-TPT_std,T-TPT_min,T-TPT_max,T-TPT_median,P-MON-CKP_mean,P-MON-CKP_std,P-MON-CKP_min,P-MON-CKP_max,P-MON-CKP_median,T-JUS-CKP_mean,T-JUS-CKP_std,T-JUS-CKP_min,T-JUS-CKP_max,T-JUS-CKP_median,label
10055352.940695982,21292.30225032206,9994737.0,10094480.0,10054590.0,119.03277150609824,0.036517277421440994,118.9421,119.0983,119.0381,1579690.8084815934,178385.7926740942,996066.8,2240969.0,1589945.0,84.23640185129238,0.41392974880768213,82.68953,85.37827,84.2772,0
10019339.591286886,17637.862020909954,9974787.0,10074540.0,10014690.0,119.03386682099627,0.02852591752830486,118.9421,119.0983,119.0333,1575567.4374909354,178638.8128263671,979429.4,2219992.0,1584508.0,84.14844907234897,0.4257434609697358,82.94777,85.47701,84.16666,0
9996878.423564212,18632.8663832003,9914938.0,10034640.0,9996462.0,118.97373817045265,0.030892323046329367,118.9225,119.0593,118.9746,1568945.1906904057,187075.8757224474,983769.6,2280754.0,1584577.0,84.10540348440028,0.4314797185726688,82.26421,85.4846,84.1217,0
9941311.035654128,29016.698853934788,9894989.0,9994737.0,9939823.5,118.8483071083661,0.03894460923649724,118.7468,118.9421,118.864,1566691.9866142615,187024.63981161657,999683.6,2261947.0,1576925.0,83.98951886917462,0.3893866935774517,82.40851,85.10484,84.02706,0
9907400.261916764,20975.331679513685,9855090.0,9974787.0,9913148.0,118.76610476110459,0.02213980236907527,118.7468,118.8249,118.7502,1563509.3964767826,190043.7289487762,981599.5,2221439.0,1583859.0,83.78571968744748,0.41700584302310156,82.18065,85.12003,83.80666,0
9895539.626898414,13939.781507188165,9855090.0,9914938.0,9894989.0,118.7858038249522,6.475378756488596e-05,118.7858,118.7874,118.7858,1554503.697457532,194990.61588285028,975089.3,2264840.0,1567334.5,83.74658110867364,0.4238383476730865,82.30977,85.07445,83.76248,0
9894622.62083847,17957.736734232276,9855090.0,9974787.0,9894989.0,118.79341078354446,0.011851650146302156,118.7858,118.8249,118.7858,1554993.3174083624,194006.09149044385,998960.2,2246756.0,1565041.0,83.78931587826476,0.43732364247551314,82.11229,85.14281,83.80847,0
13845788.541492037,45113.7059698196,13765210.0,13924800.0,13848670.0,117.6693798770606,0.06872266893408323,117.5749,117.7702,117.6792,5792548.384911987,26999.095138514855,5693567.0,5872960.0,5792691.0,70.31875482089968,0.14257427705002923,69.61047,70.67381,70.32122,0
13837438.150926497,45886.69088128927,13745260.0,13923900.0,13842200.0,117.69653340984156,0.05420498068107061,117.5749,117.7702,117.7191,5783661.930358842,25068.65939812545,5658846.0,5865003.0,5784589.0,70.34664120360523,0.12328439478606958,69.98264,70.67381,70.35024,0
13847298.518725857,33845.17171646069,13765210.0,13904850.0,13846760.0,117.70309832055085,0.041686019057236165,117.5749,117.7702,117.7079,5796332.485136875,22338.94490990857,5687056.0,5866450.0,5796583.0,70.31431460392992,0.10671747766398856,69.81554,70.60545,70.32667,0
13848117.216016978,39946.37827091178,13765210.0,13944750.0,13847395.0,117.70161825086565,0.049494416303431606,117.4577,117.7702,117.7119,5789078.713615548,26269.31600587141,5681993.0,5874407.0,5789533.0,70.26434696805539,0.11955108151730502,69.77756,70.54469,70.26619,0
13841011.993262213,37076.31871790226,13765210.0,13904850.0,13842460.0,117.70089669286918,0.0542195253207208,117.5749,117.7702,117.7145,5786752.330376193,26148.832845746536,5664323.0,5860632.0,5787393.5,70.30886895058954,0.11732108070424371,69.79316,70.6127,70.31206,0
13847773.173339272,18053.708080521814,13805110.0,13884900.0,13845000.0,117.69737706442451,0.039950907828903266,117.5749,117.7702,117.7039,5796360.3080906505,21570.975090866257,5703694.0,5849089.0,5798145.0,70.37718066818864,0.09272741677720203,70.09657,70.71938,70.3795,0
13851923.695603784,27201.53023364429,13805110.0,13904850.0,13851790.0,117.658808458542,0.05211438461900285,117.5749,117.7702,117.66655,5799982.786867,23387.308432420265,5689950.0,5875853.0,5800856.0,70.23557554312744,0.09912750003806176,69.75478,70.48392,70.250345,0
13869962.330367075,28019.908388248827,13805110.0,13924800.0,13872935.0,117.64611907119021,0.047349272877774996,117.5749,117.7702,117.6359,5818646.69727475,24972.64863186964,5711651.0,5893937.0,5819492.0,70.13954190989989,0.12805947225269995,69.65604,70.45354,70.13349500000001,0
13891601.720525963,23827.740359638727,13845000.0,13964700.0,13892400.0,117.63346781814128,0.037283342419700174,117.5749,117.7312,117.6365,5842413.442556274,24944.82670614396,5716714.0,5911298.0,5843119.5,70.01164485569421,0.08960280536878484,69.61806,70.26366,70.02087,0
13890229.478891449,38046.859050676794,13805110.0,13944750.0,13893930.0,117.61678523244701,0.05833969108034306,117.4968,117.7312,117.6149,5840973.105458429,25199.530947373358,5744202.0,5917085.0,5842513.0,70.00403688908878,0.11427157642911627,69.57249,70.38519,70.01402,0
14182688.652110213,88516.76659223356,13984650.0,14363690.0,14176830.0,116.49105164232715,0.10162280633308376,115.8562,116.7546,116.4868,6084081.297887424,30227.090790093353,5942403.0,6201365.0,6086414.0,68.1312224278085,0.21969320087292687,67.56734,68.62308,68.13636,0
14171163.800913412,73065.1165324036,13884900.0,14303850.0,14175925.0,116.54356352409359,0.1161969408736031,116.1297,116.9499,116.51155,6079916.660825799,61183.33443443477,5852706.0,6248384.0,6080362.0,68.82272087706217,0.3295915112962819,67.64329,70.27126,68.836765,0
14139917.1874826,59365.60452318454,14004600.0,14244000.0,14164200.0,116.55301077454202,0.07595402009630287,116.2078,116.7937,116.5364,6069164.011860348,30752.865899272303,5926488.0,6144220.0,6071095.0,68.9800960821872,0.15381511374566248,68.41041,69.51173,68.99474,0
14165200.971764049,50102.08737232979,14064450.0,14263950.0,14171530.0,116.57526417668437,0.06507217484323155,116.2078,116.7937,116.5732,6079996.471176964,31467.94166116942,5962656.0,6162304.0,6081215.0,68.96132269723232,0.21811202147831626,67.77241,69.77756,68.94676,0
14152729.363321025,33759.34905103655,14064450.0,14224050.0,14160960.0,116.53521076983327,0.04614335937405957,116.2859,116.7937,116.5424,6085345.358117937,27865.2209511527,5921425.0,6164474.0,6086919.0,68.99097827123195,0.16491211498273642,68.22813,69.85352,68.995945,0
14161916.725165935,53989.86002373212,14064450.0,14343740.0,14161000.0,116.52122860839239,0.05124138284038291,116.2078,116.8328,116.5203,6081322.045505681,35524.370177255,5940956.0,6178941.0,6082734.0,68.96703551805602,0.1687414133323108,68.25091,69.73199,68.98130499999999,0
14151605.694637787,61454.61978158914,14024550.0,14263950.0,14158170.0,116.47905450748928,0.07546406019373111,116.1687,116.6375,116.4896,6068508.904894481,34200.9690964381,5973507.0,6173878.0,6067845.0,68.94634955342725,0.18417888848322028,68.36484,69.37501,68.94366,0
14239663.80842826,36244.37337053239,14164200.0,14303850.0,14239420.0,116.79612551484203,0.03959424008405834,116.6765,116.9464,116.7937,6113929.905448628,33778.13927575006,5974230.0,6218726.0,6114102.0,69.37726610964592,0.1247814520848742,69.00285,69.76237,69.37425,0
14242033.976823222,70061.66636161372,14044500.0,14403590.0,14249630.0,116.83037330213382,0.11835099876818186,116.5203,117.1062,116.8229,6120498.30943228,44195.10129890849,5957593.0,6252000.0,6119015.0,69.5156438458967,0.16203948728567635,68.9117,69.99783,69.49866,0
14254555.158348255,33876.570245730196,14164200.0,14343740.0,14255080.0,116.84751215868397,0.05129258524918963,116.6375,116.989,116.8357,6147548.135239481,33273.006776674294,6008952.0,6247660.0,6148229.0,69.60265762309758,0.10339011788979878,69.21551,70.10416,69.597805,0
14239476.554946285,62279.11975278197,13964700.0,14383640.0,14244000.0,116.81375947851387,0.0981207458107333,116.2859,117.1062,116.8328,6139128.082083707,36187.260798711475,5965026.0,6241874.0,6141905.0,69.57830586559983,0.1335972289088055,69.01044,69.8763,69.60287,0
14227710.593921108,40468.728289764316,14104350.0,14303850.0,14231760.0,116.80808633925578,0.07787462668019954,116.5593,116.9499,116.8111,6139330.619287071,46331.938185653475,5930818.0,6317826.0,6139727.5,69.49685893507655,0.22827113858490988,68.14458,70.29404,69.4938,0
14232426.782906558,38522.85695082706,14104350.0,14303850.0,14236750.0,116.81908004267744,0.041794687875204274,116.6375,116.989,116.8274,6137780.355402066,34852.81830599669,5961210.0,6257787.0,6140701.0,69.42609568789308,0.1430101319523849,68.5927,70.08897,69.41772,0
14222006.180269457,18942.78665571874,14184150.0,14270760.0,14224050.0,116.72994085847901,0.04602991539041919,116.5203,116.7937,116.7433,6144401.534461642,28469.049853277855,5993761.0,6228853.0,6146016.0,69.42732726088408,0.13193968260147215,68.90411,69.89149,69.417545,0
14225736.193630999,27344.68253927008,14164200.0,14263950.0,14229810.0,116.75992777530338,0.04313885933116517,116.5984,116.8328,116.7652,6141234.612069925,27324.80978303456,6027036.0,6225236.0,6143009.0,69.35914850406414,0.09244588934925665,68.98766,69.73959,69.35917,0
14218216.446731571,19268.04666270306,14164200.0,14263950.0,14224050.0,116.62343890959666,0.06330679072763488,116.5203,116.7937,116.6131,6135155.111376912,27309.289966054414,6014015.0,6216556.0,6135769.0,69.28898637329624,0.1244590582245608,68.86613,69.64845,69.29223,0
14223537.528991971,13107.886685659452,14184150.0,14263950.0,14224050.0,116.62930273751114,0.05354270815556121,116.551,116.7937,116.6127,6137225.641726137,30352.13581318194,5991591.0,6223790.0,6139997.0,69.15272503512489,0.0952788660506946,68.66106,69.39021,69.16051,0
14231849.38573979,20216.475037265453,14184150.0,14263950.0,14244000.0,116.7337982091051,0.04249147209406196,116.5984,116.7937,116.73904999999999,6139434.84679759,26426.4809162111,6003165.0,6219449.0,6139885.5,69.11194167875475,0.12687117794674274,68.63827,69.45856,69.117535,0
14233970.959271468,20713.03250588796,14184150.0,14263950.0,14239770.0,116.75487017151796,0.028094671362683267,116.6375,116.7937,116.7546,6144679.470361473,25591.17461003238,5992315.0,6214386.0,6146318.0,69.14651208559137,0.09838617232925015,68.74461,69.43578,69.14471,0
14227445.883705283,25168.0348291558,14184150.0,14283900.0,14230030.0,116.71992661769654,0.047546200521358335,116.5203,116.7937,116.7225,6141522.416283503,24897.710675000344,6012568.0,6212216.0,6142833.0,69.00925758438936,0.1268450663923214,68.6003,69.39021,69.01276,0
14222714.004149377,37012.296778537035,14104350.0,14283900.0,14232495.0,116.7650426544802,0.056887346387711264,116.5203,116.9109,116.7711,6131014.335090277,28780.902257104364,5987251.0,6240427.0,6132081.0,69.07182057474488,0.19790139407936744,68.56991,69.69402,69.050695,0
14215082.978687223,20059.338445817433,14184150.0,14263950.0,14213730.0,116.80436741299171,0.017456228277005405,116.7546,116.8718,116.8002,6133963.917526358,27487.598095524965,6015462.0,6223066.0,6135949.0,69.50645610758419,0.11280248541830597,69.12437,69.78516,69.51385,0
14218143.638942976,30657.1441027615,14144250.0,14263950.0,14224050.0,116.80545022531292,0.023857466712929938,116.6765,116.8718,116.7937,6130624.784144646,26781.65166632628,6024142.0,6209322.0,6131285.0,69.43625037885954,0.0999635812839636,69.04082,69.80795,69.43983,0
14203888.040257199,38536.66276079962,14104350.0,14263950.0,14204320.0,116.7941328823036,0.03653978074099734,116.5984,116.8718,116.7937,6122810.379983226,32915.48196212903,5980017.0,6205706.0,6127865.0,69.41570477215544,0.10855810454602463,68.98766,69.7244,69.41797,0
14219757.27899861,86848.45215255054,14004600.0,14423540.0,14228160.0,116.781804,0.09796632528167797,116.5593,117.0671,116.7937,6139927.1708484,61807.63605399574,5983634.0,6292509.0,6142871.0,69.47792525563283,0.1654315329123478,68.9193,69.92947,69.48007,0
14199468.567531455,32357.86752818692,14124300.0,14263950.0,14199400.0,116.7687448780759,0.04434445057059504,116.6375,116.8718,116.793,6117850.478510188,29677.506963328102,5995931.0,6204982.0,6118744.5,69.34142186393497,0.1174792273970922,68.85854,69.7244,69.34098,0
14210760.466321243,28660.843311857192,14164200.0,14263950.0,14213430.0,116.80300528163127,0.013189093881703494,116.7937,116.8718,116.7937,6128682.01225695,30648.628181166834,6006781.0,6234640.0,6131826.0,69.30172012869798,0.09556927451401175,68.92689,69.61806,69.30007,0
14219031.367191864,37588.9142769264,14144250.0,14283900.0,14217940.0,116.74188557380712,0.06371402440965002,116.5593,116.8328,116.7668,6128486.941278355,26745.453448182994,6020525.0,6207876.0,6129388.5,69.31630933735613,0.11043335333737188,68.96487,69.65604,69.318395,0
14206113.11942462,60918.106885707726,14084400.0,14323790.0,14206170.0,116.74060510147189,0.09292164297162515,116.4812,116.989,116.7481,6107653.204393399,33470.10485695532,5947466.0,6210769.0,6110386.0,69.16296768342997,0.13454148401588187,68.78258,69.62566,69.17095499999999,0
14202238.1137023,75265.28268442559,13984650.0,14343740.0,14219095.0,116.7548175351484,0.1145688380832684,116.2468,116.9499,116.7721,6094845.850145057,42918.9432441326,5959040.0,6198472.0,6098303.0,69.21080363200178,0.16395458862438478,68.69903,69.7244,69.24076,0
14222920.469106914,44067.96951843504,14143460.0,14343740.0,14221100.0,116.79100903671514,0.05715892161084773,116.5984,116.9109,116.8009,6119626.1856927965,33200.18248667536,5977124.0,6249107.0,6120590.0,69.31165714357346,0.17977884445645748,68.38003,69.82314,69.32619,0
14227604.01162141,57671.985481219665,14124300.0,14323790.0,14233595.0,116.77507855067604,0.0790984888824559,116.5984,116.9499,116.7847,6124949.142585764,32576.160299016832,5995931.0,6232470.0,6121729.5,69.33591790088278,0.12995459362959474,68.92689,69.67123,69.33982,0
14204521.420691961,57229.925738966376,14084400.0,14303850.0,14200040.0,116.7380475346816,0.09330768053185225,116.5203,116.9499,116.7502,6096126.59891916,37028.09061673998,5981464.0,6203535.0,6092114.0,69.20521383308262,0.13961783374412792,68.74461,69.59528,69.19839,0
14203925.411553763,59620.15351960843,14044500.0,14303850.0,14207770.0,116.76926139967502,0.07950954864402365,116.5203,116.9499,116.7904,6087703.537177117,37590.80947789589,5943126.0,6173154.0,6086682.0,69.30015072841374,0.12963110651695,68.82056,69.64845,69.30263,0
14230507.316472694,50806.71988318972,14144250.0,14323790.0,14226370.0,116.72975515331244,0.08559395593541738,116.5203,116.8718,116.7492,6116843.673679499,33765.504525059965,6016185.0,6207152.0,6119655.5,69.31135422224709,0.11521863986108825,68.7598,69.65604,69.31149,0
14180107.660087474,68889.35193145598,14024550.0,14323790.0,14184150.0,116.69009489177974,0.09248463280294712,116.5203,116.8328,116.7111,6076630.369631042,48734.54424296458,5934446.0,6206429.0,6070593.0,69.12511411685544,0.15675864374814302,68.66106,69.51173,69.13361,0
14221846.77694711,68750.21026456075,14124300.0,14463440.0,14204100.0,116.63082895001115,0.10172162263946256,116.364,116.8328,116.5984,6111211.74447668,36683.2689266859,6006781.0,6240427.0,6108021.5,69.00153498605222,0.1557164235525815,68.35725,69.35982,69.023135,0
14200135.894331623,33637.42925470283,14144250.0,14283900.0,14192050.0,116.5875566112475,0.04635465883034835,116.5203,116.7546,116.5776,6084909.955757643,27786.818321476225,5976400.0,6165197.0,6086652.5,68.79575970207542,0.12282033233006148,68.34206,69.11678,68.79359,0
14197872.167910032,59539.41313754339,14044500.0,14303850.0,14196415.0,116.59587972386149,0.08707726325789099,116.364,116.7937,116.59,6087587.711557733,34039.87845415069,5974230.0,6197749.0,6084369.0,68.73210097873287,0.11729969261644445,68.22053,69.04082,68.745865,0
14221789.03322926,57512.21653117011,14094290.0,14323790.0,14228370.0,116.64153586083853,0.09606753205450612,116.4812,116.7937,116.6264,6098745.913302855,37946.981867017224,5975677.0,6218726.0,6099719.5,68.68839658006245,0.12499463146061053,68.33446,69.04082,68.688935,0
14201020.735087818,28556.60374483306,14124300.0,14263950.0,14204100.0,116.68440951125076,0.05850697340512605,116.4812,116.7937,116.6904,6091578.890466304,26407.11877943756,5977124.0,6161581.0,6094368.0,68.84320015375118,0.16646222599539912,68.14458,69.26868,68.85716,0
14201981.870118277,25717.177281252785,14144250.0,14244000.0,14202230.0,116.67241423231421,0.056742095374192045,116.364,116.7937,116.6726,6101078.550937291,25449.507864640338,5959763.0,6165197.0,6104184.5,69.0559260276724,0.12521864722564574,68.24332,69.69402,69.06046,0
14201293.741079394,26454.508253292734,14164200.0,14263950.0,14195795.0,116.62545878679751,0.05399554119228759,116.5393,116.7546,116.62035,6099711.341882248,22050.634876669843,6003165.0,6191238.0,6099854.0,69.11143344446923,0.10126328548375303,68.79777,69.42818,69.10576,0
14204770.858050847,29232.615415506745,14144250.0,14263950.0,14204100.0,116.59118361396075,0.04695353560051228,116.4812,116.7156,116.58675,6099876.566012489,25965.748618028832,5988697.0,6175324.0,6101831.0,69.13131421219893,0.11240441891211914,68.73701,69.51173,69.13666,0
14200227.802185548,52100.88868996308,14004600.0,14303850.0,14199280.0,116.73819901873327,0.08833386766953528,116.364,116.9499,116.7546,6092165.196643622,32451.76011866382,5976400.0,6189791.0,6091512.0,69.0430107353925,0.1483966818668597,68.37244,69.65604,69.056815,0
14190823.237946777,18046.76376142021,14124300.0,14244000.0,14186645.0,116.73352245295624,0.0598652217722158,116.5593,116.8328,116.7546,6091856.170081283,23999.86761490013,5948190.0,6157240.0,6092732.5,69.17639544928181,0.13626486604665972,68.73701,69.54211,69.18160499999999,0
14211400.774928454,26790.07003290635,14164200.0,14263950.0,14206660.0,116.74169804163628,0.03604435970488235,116.6375,116.7937,116.7546,6109670.08635879,26409.739579897556,6021249.0,6197025.0,6109848.0,69.25065809157735,0.09473101160417725,68.85854,69.54971,69.25413,0
14088959.359555656,161894.40555506875,13845000.0,14383640.0,14074435.0,116.78318610859215,0.21836923306915432,116.325,117.1453,116.78385,5998070.967127635,33651.874139722684,5876577.0,6082734.0,5998387.0,69.51240172863297,0.3774696792015121,68.62308,70.23328,69.535155,0
14117575.199637024,115317.97624358075,13944750.0,14303850.0,14119030.0,116.83631670258622,0.15753646481935132,116.5203,117.1453,116.8328,6024889.046506352,31876.852681794386,5904788.0,6118902.0,6022731.0,69.5720028504991,0.26753866806582943,68.89651,70.12695,69.593395,0
14107545.744525548,151438.5938727831,13904850.0,14603090.0,14094615.0,116.90578432902863,0.1762239437128436,116.2859,117.2624,116.90965,6038158.155530601,81054.7440356329,5847643.0,6276595.0,6009891.0,69.5477299494666,0.4270789375469214,67.84077,70.22569,69.643005,0
14096477.914532833,76935.84010016125,13964700.0,14244000.0,14099360.0,116.88807536701945,0.08336865792996258,116.5593,117.0281,116.8852,6016884.59718903,29629.109851209814,5894661.0,6086351.0,6020503.0,69.67449401672926,0.20055599602647214,69.06361,70.27885,69.670355,0
9696760.342074495,13657.338691315512,9675544.0,9735393.0,9696044.0,118.47330000000001,1.4211250334826397e-14,118.4733,118.4733,118.4733,1492112.3447469517,175753.6349735919,1051765.0,2164293.0,1498079.0,83.46049964311564,0.3752355354600252,82.11229,84.41367,83.49666,0
9682695.689764922,14132.409374083443,9655594.0,9715443.0,9681113.0,118.47330000000001,1.4211251483583e-14,118.4733,118.4733,118.4733,1489837.2908593444,177379.00168470634,1021384.0,2182377.0,1494437.0,83.50098284158803,0.4192326521873035,81.96799,84.58836,83.52293,0
9677466.224631203,14514.416568665449,9635645.0,9715443.0,9675544.0,118.47360149754135,0.0008249436251556853,118.4733,118.4771,118.4733,1495113.5837617344,172923.16514497492,1035852.0,2084000.0,1499887.0,83.61915181716586,0.3675808007103295,82.27179,84.70229,83.665775,0
9676079.915361026,10847.879872721407,9655594.0,9715443.0,9675544.0,118.4895093002509,0.0070617423497204845,118.4773,118.5017,118.4895,1503628.9566768887,176650.81852274135,1045979.0,2157059.0,1510338.0,83.56381957290213,0.3649590175697273,82.27179,84.6795,83.60896,0
9671820.598848905,9656.167512780507,9635645.0,9715443.0,9675544.0,118.50621655118462,0.003687380877180464,118.4986,118.5124,118.5063,1508517.277492177,175209.35311117058,1014151.0,2152719.0,1515842.0,83.48724267881092,0.3210602838991982,82.53763,84.50481,83.49457000000001,0
9679665.430242924,22042.25932750732,9615695.0,9715443.0,9682395.5,118.48633724648987,0.0070277114709200415,118.4742,118.4985,118.4863,1536406.211332739,174150.81157913135,1004024.0,2254713.0,1541842.0,83.47942000111432,0.3483642799611494,82.26421,84.58076,83.493055,0
9693667.676888766,12257.471425802029,9655594.0,9735393.0,9695493.0,118.50763390019515,0.020997853353884686,118.4733,118.5441,118.5076,1536224.295344299,173971.75143068252,1055382.0,2193228.0,1540685.0,83.31640205631447,0.36274633399831374,82.03635,84.33771,83.28597,0
9661055.546795836,11612.552504533234,9635645.0,9715443.0,9658321.0,118.57260168698848,0.01296223179731313,118.5444,118.5905,118.5758,1486445.7150381382,180008.19469522685,996066.8,2150549.0,1493449.0,83.35409952897945,0.39483279193688514,81.83127,84.39847,83.36017,0
9654193.645933015,12196.682643027423,9635645.0,9675544.0,9654267.5,118.5475874207188,0.014244728064407464,118.5229,118.5723,118.5476,1483765.0982585957,181799.8078552629,996790.1,2149826.0,1484795.0,83.44714478913987,0.3962894362638877,81.81609,84.54279,83.44861499999999,0
9665458.820891349,18491.60272899987,9635645.0,9735393.0,9663750.0,118.50597076553152,0.00791892953882129,118.4932,118.5228,118.5054,1483732.455236817,179146.81364818447,1010534.0,2175867.0,1486636.0,83.36715682491752,0.3892115235285675,81.75531,84.75545,83.38674,0
9660953.088304421,14849.834254703595,9615695.0,9715443.0,9662798.0,118.48134518186906,0.006432783188046825,118.4733,118.4931,118.4809,1496584.5620593172,180921.19811834412,1004747.0,2170803.0,1498182.0,83.48894947453834,0.3921982342333865,82.13509,84.53519,83.503105,0
9656052.233265834,10948.21930549283,9635645.0,9675544.0,9655594.0,118.47330000000002,2.8422508814713616e-14,118.4733,118.4733,118.4733,1483058.1160985488,170160.41805462333,1028618.0,2141869.0,1488236.5,83.25974514062325,0.3354869094040422,82.17307,84.42885,83.316375,0
9655168.980819773,74513.00022616393,9396249.0,9755342.0,9667445.0,118.47330000000002,2.842250412093333e-14,118.4733,118.4733,118.4733,1474025.1048481797,185813.23395688017,1031511.0,2182377.0,1475523.0,83.13266199854611,0.43879577803469105,81.60341,84.49721,83.18992,0
9666236.061533308,26369.168294496034,9635645.0,9755342.0,9660249.0,118.47330053045957,9.288277160367355e-06,118.4733,118.4735,118.4733,1483953.3441844883,177473.18690268978,1032235.0,2113658.0,1489109.0,83.24855051482494,0.3639361810439324,82.24901,84.36101,83.22577,0
9666787.124707064,19921.554814116145,9615695.0,9715443.0,9666642.0,118.49668258006919,0.011088191146306338,118.4738,118.5124,118.4995,1481022.4905144514,181072.47983831994,1039468.0,2160676.0,1484335.0,83.23686064948107,0.35720435993983435,82.00597,84.38329,83.23841,0
9639971.383550944,14800.642466030251,9595745.0,9675544.0,9635645.0,118.47338784175875,0.01408859355356568,118.449,118.4978,118.4734,1479622.9254547483,177802.31455891745,972195.8,2206971.0,1486253.0,83.32696686865306,0.39276528100754887,82.11229,84.39847,83.352605,0
9640780.602397546,11759.84502087527,9615695.0,9675544.0,9638278.0,118.4544949205464,0.015193477150527376,118.4343,118.4856,118.4491,1475037.3488709228,181054.59537648803,1035852.0,2112935.0,1480067.0,83.20914243992193,0.3478142113156082,82.13509,84.35291,83.21166,0
9642782.079507466,13136.18508293408,9615695.0,9675544.0,9639077.0,118.52194980499219,0.020324382589066766,118.4859,118.5515,118.5225,1475399.7043124582,176256.68665828492,1035128.0,2183101.0,1481159.5,83.22496300423445,0.4054596177522962,81.45911,84.30733,83.23902000000001,0
9636258.951400513,9476.09078698219,9615695.0,9655594.0,9635645.0,118.53651831268833,0.007116460287133043,118.5242,118.5488,118.5365,1475331.3378473385,176416.35489647725,979429.4,2110765.0,1481786.5,83.24911461555631,0.37010217226574,82.15027,84.3605,83.25064499999999,0
9641783.849801488,32467.462902437215,9495998.0,9755342.0,9639272.0,118.51854310797964,0.0035589103161393692,118.5124,118.5252,118.5185,1474689.6326119779,174160.54873068584,1015597.0,2149826.0,1481235.0,83.31466046916066,0.3724550641588141,81.88443,84.39847,83.29679,0
9644415.325859575,23687.2602449738,9575796.0,9715443.0,9640862.5,118.53764047513074,0.0070796274018970545,118.5254,118.5499,118.5376,1482963.014354067,181268.20089676263,1021384.0,2207695.0,1484335.0,83.35405000166907,0.4456610217363434,81.54265,84.70229,83.404595,0
9641310.749329459,14621.636189365972,9595745.0,9675544.0,9641569.0,118.52983147630755,0.01396010160993883,118.5054,118.5515,118.53,1480904.7122261957,177543.52258362286,1042362.0,2161400.0,1483611.0,83.36857354492624,0.44512056889897755,81.61861,84.40607,83.418385,0
9637876.00179332,14040.919832721715,9595745.0,9695493.0,9635645.0,118.48514963012776,0.009351095109304108,118.4733,118.5051,118.4815,1481995.327112755,170802.14928170774,1006194.0,2150549.0,1488186.5,83.24036832156467,0.39512725871794196,81.81609,84.49721,83.24843000000001,0
9638186.838316597,10290.213552227366,9615695.0,9675544.0,9635645.0,118.49419988717139,0.006979787702828068,118.4821,118.5063,118.4942,1476218.5783594719,178493.77576675254,1025001.0,2105701.0,1478239.0,83.25930808981158,0.3731666534390211,81.92241,84.42126,83.23823,0
9636261.341795562,10396.179822614162,9615695.0,9675544.0,9635645.0,118.50455137301053,0.005548730468927537,118.4936,118.5124,118.5059,1478437.3917843532,180800.4958522087,1026448.0,2107148.0,1483231.5,83.3168098514907,0.41482981586231094,82.27179,84.46683,83.29568,0
9626153.523399707,21464.071017719278,9535897.0,9675544.0,9630711.5,118.4815499831252,0.0065204595120391335,118.4733,118.4934,118.4812,1484562.575767803,178513.6840065787,1039468.0,2141869.0,1483153.0,83.37587430475871,0.3766580605357088,81.89203,84.45164,83.37042,0
16640740.48149179,5373.772461780137,16637950.0,16657890.0,16637950.0,118.06069088505429,0.025590581440269725,118.0046,118.1218,118.0596,7324741.002087392,26133.52388186332,7236494.0,7371762.0,7330065.0,173.09610000000006,5.684737442386633e-14,173.0961,173.0961,173.0961,0
16640757.218384322,5308.2300738591175,16637950.0,16657890.0,16637950.0,118.11728139010287,0.00986443948297136,118.0827,118.1218,118.1218,7315664.708021994,48259.465115157625,7120033.0,7449162.0,7319173.0,173.09610000000004,2.8423713146394397e-14,173.0961,173.0961,173.0961,0
16640424.025719877,7950.446862959466,16618000.0,16657890.0,16637950.0,118.1075689124965,0.01649972114087521,118.0437,118.1218,118.1133,7311929.3019289905,62679.18838816213,7070121.0,7419504.0,7328862.0,173.0961,0.0,173.0961,173.0961,173.0961,0
16636967.549825784,7413.503285399834,16618000.0,16657890.0,16637950.0,118.1188460348432,0.01777629695126563,118.0827,118.1609,118.1218,7311237.897979094,60086.255061596225,7074461.0,7456395.0,7321127.0,173.0961,0.0,173.0961,173.0961,173.0961,0
16642431.202124685,6231.758308226709,16637950.0,16657890.0,16637950.0,118.12000457086943,0.014594529675655173,118.0827,118.1609,118.1218,7320788.309756779,75936.48254643413,7019485.0,7504137.0,7336501.5,173.0961,0.0,173.0961,173.0961,173.0961,0
16532335.65223503,7459.817320722059,16518250.0,16538200.0,16538200.0,118.10187347483836,0.011313726049283252,118.0827,118.1218,118.1016,7257521.301518133,26927.848533812587,7169945.0,7326913.0,7262354.0,173.09610000000006,5.684741446189971e-14,173.0961,173.0961,173.0961,0
16538200.0,0.0,16538200.0,16538200.0,16538200.0,118.10559609211442,0.01261143832740965,118.0827,118.1218,118.1063,7253167.162595953,34252.86069415706,7148244.0,7342104.0,7254144.0,173.09610000000004,2.842369300924792e-14,173.0961,173.0961,173.0961,0
16538200.0,0.0,16538200.0,16538200.0,16538200.0,118.10338099288802,0.015837603678687282,118.0437,118.1218,118.105,7267532.062473853,45620.65209720942,7069398.0,7390569.0,7268864.0,173.09610000000004,2.8423691349407174e-14,173.0961,173.0961,173.0961,0
8248199.224206018,47474.823028951694,8125130.0,8360534.0,8239175.0,117.03179146782358,0.1809807381153032,116.6765,117.4577,116.989,1744887.404138161,260050.00492469594,1171120.0,2636647.0,1732761.0,73.97493308582234,0.5886883702245294,72.08652,76.08924,73.98838,0
8128748.196209962,194265.5045882843,7780334.0,8762186.0,8085728.0,117.26781673095198,0.7662525694830667,116.5984,118.9811,116.8845,1705032.2680418135,240353.66378878127,1151589.0,2524526.0,1691939.0,73.17696393929229,0.7661120129763185,70.70419,75.96012,73.15923,0
8597382.044634907,164145.45388297556,8338922.0,8837662.0,8587959.0,117.6318428205699,0.3194258085943976,117.2234,118.3562,117.614,1755521.214937667,241371.4494587352,1145802.0,2541164.0,1747975.0,76.0561751485975,0.6784066022219913,73.75748,78.10959,76.092595,0
8182677.29814114,114678.74233170428,7939931.0,8338922.0,8185286.5,116.95727302983082,0.23130319568158247,116.5984,117.3406,116.989,1703434.8603628674,252925.43296464215,1152312.0,2456531.0,1682379.0,74.13058334594835,0.7782018690488617,71.646,76.22595,74.134845,0
7985855.724963388,158917.57997153327,7800284.0,8418720.0,7919981.0,116.95717957080095,0.5446088074133285,116.2859,117.9655,116.6681,1671820.4623183508,224230.3471774424,1092274.0,2404449.0,1655530.0,72.43748582572941,0.6540806778572181,70.27885,74.5398,72.35840999999999,0
8148195.044943821,160741.85267695392,7900871.0,8418720.0,8122303.0,116.82158739448823,0.28933812610893334,116.4812,117.5359,116.6765,1706102.179160378,228681.74353511157,1182694.0,2458701.0,1687792.0,73.58590293700038,0.8823628884756578,71.28902,76.43862,73.63318,0
7795557.377337489,107626.39568912184,7560889.0,7919981.0,7840183.0,116.1428785952805,0.3432613554410712,115.5828,116.6375,116.0684,1688906.2901825467,230609.0389054819,1145802.0,2419639.0,1663439.0,71.36502403662065,0.8627306634431492,68.38003,73.91699,71.478205,0
7598037.371518067,273997.385012063,7161897.0,8119477.0,7478846.0,116.04774040720439,0.7356413066430428,114.9969,117.2624,115.5535,1645838.0288063542,224251.27807068985,1110358.0,2500656.0,1626017.0,69.27571314185032,1.1029923128272576,66.71667,72.81567,69.12911,0
7826577.688004033,156142.52282839856,7580839.0,8119477.0,7803675.0,116.09304339157705,0.2687223822934388,115.6568,116.6375,116.08494999999999,1678027.7603046596,229582.91255059422,1171843.0,2610606.0,1661052.0,71.2149241795475,0.8046936451131496,68.62308,73.71951,71.29972000000001,0
8095361.110987048,363837.1424118764,7341444.0,8498519.0,8214570.0,117.01968243635552,0.6433451836103714,115.2312,117.8093,117.1641,1693794.5136779812,231198.16657057602,1140015.0,2415299.0,1681089.0,71.8491462237606,2.083524693582203,67.52936,75.21578,72.673165,0
7907015.722175639,110531.48553295342,7660637.0,8119477.0,7905304.0,116.55921598747832,0.3262485259039398,116.0125,117.3617,116.5562,1678333.4235563753,233191.78158273065,1129165.0,2400109.0,1655554.0,72.01462746715859,0.851768613988251,69.50413,74.66132,71.99918,0
8036564.534557838,101575.70670799742,7880082.0,8179326.0,8050524.5,116.7574353338544,0.3398387110375921,116.325,117.4187,116.6375,1688963.9691826708,214637.30154807522,1214522.0,2434106.0,1676809.0,72.42429823414471,0.6728606061954499,70.29404,74.46385,72.4473,0
7709833.713687151,88818.94584092885,7540939.0,7880082.0,7678924.0,116.06012170949721,0.1759419329089098,115.739,116.7922,115.9995,1665481.734972067,235632.13596064187,1132058.0,2549121.0,1644233.5,70.579278150838,0.7931923042610871,68.78258,73.71951,70.511605,0
7822093.22093414,96308.28980003211,7620737.0,7979830.0,7828028.5,116.29604458445341,0.32677451968101706,115.8953,116.9499,116.1266,1664365.6637544802,217945.04771132144,1153036.0,2436276.0,1653131.0,70.78163951332886,0.6729885388476293,68.40282,72.98277,70.81723,0
7781271.279449603,105907.54622981299,7580839.0,7919981.0,7805678.0,116.27956645038596,0.1801602122824709,115.8953,116.7156,116.2859,1657917.4008837678,220446.73284085628,1142185.0,2410236.0,1640219.0,70.4916904849536,0.6812708155810187,68.50156,72.67896,70.570005,0
8231278.870226428,349260.0164341688,7740435.0,8717964.0,8038437.0,117.41430717021515,0.6488574601492607,116.2859,118.3171,117.614,1665630.5757575757,211347.79918698818,1177630.0,2393598.0,1642944.0,72.60506925706883,1.7818078754204385,69.68642,76.97029,71.83935500000001,0
8326606.1264380785,103259.9138885996,8159376.0,8561693.0,8331520.0,117.21113583352131,0.1742917697555835,116.9109,117.614,117.2624,1727776.9894540943,235904.1793673015,1160993.0,2470274.0,1708926.0,74.42295730205278,0.6273743613439275,72.11691,76.52976,74.430365,0
8309536.109837632,107075.62833287299,8079578.0,8478569.0,8338922.0,117.46282483847408,0.37970964735649004,116.7937,118.0827,117.5158,1700006.0589358953,228312.02127001967,1160993.0,2404449.0,1682801.0,73.86845132198438,0.7310142688795059,71.4789,76.07405,73.87648,0
8388560.571124552,59310.411730228,8279073.0,8498519.0,8371113.5,117.51942080533155,0.19998179852500286,117.1062,117.8874,117.5235,1706240.9800067204,235624.02710408496,1132058.0,2586735.0,1687141.0,74.56913053035395,0.5758718242289925,72.73212,76.56014,74.60258,0
8159982.311188615,109223.03271303886,7979830.0,8338922.0,8143308.0,116.95054844461944,0.17099514281364322,116.6375,117.3406,116.97,1697043.7240254262,229642.6891641958,1169673.0,2440617.0,1674868.0,73.66803813973112,0.8144310197831511,71.327,75.9829,73.68382,0
8766900.941507751,384031.3356400777,7800284.0,9136905.0,8877560.0,118.39018142076503,0.5263814204100823,116.5984,119.528,118.278,1727240.3280361325,238981.71819847624,1184864.0,2524526.0,1716147.5,75.91625199063232,2.192711089807473,70.3624,79.12735,77.01283,0
8555418.941680193,104595.11498121708,8359869.0,8767506.0,8563854.0,117.62933251805002,0.10952290548395424,117.3796,117.8093,117.6366,1740042.1266580848,241687.97738810375,1163886.0,2552737.0,1717329.0,76.04275107964403,0.7039965515350869,74.17523,78.07921,75.96999,0
8225775.793840317,65749.07203328075,8139426.0,8358871.0,8187971.0,117.15936419126264,0.1502690281576828,116.7937,117.4174,117.1684,1704578.244546114,230074.03453812498,1184140.0,2469551.0,1685091.0,74.08180719633991,0.7117500750006818,72.17767,76.62091,74.03738,0
8019977.65821229,60438.271720612676,7880082.0,8151529.0,8025049.0,116.70512287709498,0.17509106465158078,116.2859,116.989,116.7156,1674686.96424581,215859.4717708428,1164610.0,2444234.0,1659291.0,72.78963065810055,0.537360104421496,71.30421,74.91197,72.75829999999999,0
7702239.285984954,97688.72037228616,7501040.0,7880082.0,7705556.0,116.149952638618,0.2507404613249978,115.6609,117.0489,116.1347,1665289.7153524659,218871.19866648657,1148696.0,2425426.0,1645692.0,70.70793857787685,0.8355050850820916,68.40282,73.37012,70.65748,0
8111505.181099293,148477.21644105588,7640687.0,8338922.0,8119477.0,116.87470022275434,0.2771154031237242,116.5984,117.7312,116.7485,1687115.1178927438,225364.3674874175,1164610.0,2559248.0,1663969.0,72.46988775185166,1.009455600606716,69.06361,75.03349,72.722,0
7973660.905331761,65804.07529795336,7880082.0,8059628.0,7963409.0,116.76829403899096,0.15068659327202275,116.5984,117.0281,116.6843,1678521.827462217,222630.38096075886,1174013.0,2544057.0,1654686.0,72.27845743244004,0.5385494805179113,70.46114,74.22839,72.28086,0
8197240.174671754,137998.1633520704,7880082.0,8378822.0,8214868.5,117.2335599876557,0.38551733755796197,116.5984,117.8484,117.3,1693904.2168667938,228890.32487633775,1178354.0,2389981.0,1669515.0,73.478400581304,0.9029954204000314,71.13712,75.84619,73.60213999999999,0
8355805.470381722,151506.1788409263,7999780.0,8578317.0,8358871.0,117.59580783505153,0.3936303520907273,116.8328,118.3562,117.4774,1715737.3697966007,230911.2768380076,1154483.0,2429766.0,1700258.0,74.54786104764558,0.9530434602831155,71.61562,77.04624,74.76563,0
8155111.056528796,136889.00141914657,7880082.0,8338922.0,8160801.0,116.94889977052667,0.3162426950602126,116.325,117.4577,116.9786,1720867.135221358,225492.24265456214,1184140.0,2429043.0,1710023.0,73.97206960933565,0.8337069213325206,71.03078,76.36267,74.07649,0
7765261.4691736875,62104.45790621909,7624474.0,7880082.0,7779600.0,116.18633425765776,0.21250093725753494,115.6609,116.4421,116.2859,1676232.9575405903,221565.66562760033,1179077.0,2410959.0,1648899.0,71.32880342409194,0.704751136283369,68.94208,73.84103,71.31535,0
7431187.8890687805,70093.16104573004,7341444.0,7640687.0,7401292.0,115.47503488722643,0.15962960466865622,115.2312,115.8562,115.41714999999999,1654020.037125949,230565.97343140826,1132058.0,2379131.0,1631756.0,68.95258014571237,0.8019229607979536,66.8154,71.83588,68.84334,0
8222985.414469274,695979.0799906511,7401292.0,9416199.0,8009075.5,117.56652954748603,1.217806316517117,115.4656,119.3327,118.09015,1653175.77424581,205377.33034822924,1190651.0,2443510.0,1630803.0,71.70329499217877,3.2989467092471534,67.49138,78.80075,70.481525,0
8781639.163979245,199979.84273399634,8518468.0,9268692.0,8698015.0,117.88285139764547,0.15166437461447782,117.6531,118.278,117.8186,1792909.1013781175,248960.2341696281,1215968.0,2521633.0,1796947.0,77.08710842381298,0.7030990547628894,75.06387,79.37039,77.06144,0
8467353.068645537,51819.43248970186,8338922.0,8538418.0,8480804.0,117.63283752585389,0.1740098539318034,117.3015,117.9265,117.67,1727410.1750237576,227113.26167377396,1192097.0,2404449.0,1705080.0,75.74553663480351,0.5179302434584417,73.76508,77.41841,75.74277,0
8178054.7895001955,67852.12756022032,8044068.0,8338922.0,8179326.0,117.10359924441708,0.13811644379817062,116.7937,117.3406,117.0816,1694266.3833324006,224368.33833932786,1159546.0,2448574.0,1677472.0,74.03016396149324,0.6895064003141484,71.965,76.64369,74.01851,0
8166011.635608342,58184.829340809745,8019729.0,8279073.0,8159376.0,117.20323416973346,0.279654297737908,116.7546,117.8093,117.08445,1691968.474461916,219499.21284147995,1200778.0,2491975.0,1681812.0,73.54261244507639,0.5527534739884855,71.61562,75.56516,73.57267,0
8058616.242913608,45330.29051869125,7959880.0,8139426.0,8039679.0,116.94722223602484,0.16582117770002824,116.6375,117.3015,116.95085,1680920.0671936758,215523.59751236488,1185587.0,2423256.0,1669298.0,72.99568406267645,0.48514473254437845,71.69917,75.30692,72.992985,0
7978882.525385568,66370.46901006876,7880082.0,8139426.0,7952565.0,116.58701611505123,0.10930666625212038,116.2859,116.8376,116.6248,1681034.3367105708,220686.5521106414,1132058.0,2395768.0,1659629.0,72.58933176066644,0.5548929104895701,71.15231,74.41827,72.53876500000001,0
8114695.746032636,270220.4474742051,7720486.0,8458620.0,8198040.0,117.12991381147312,0.5376430861248817,116.1687,118.239,117.1688,1681556.6662367522,221488.9587399907,1189204.0,2440617.0,1660617.0,72.68500987775472,1.412726833863761,69.86871,75.86897,72.28654,0
8191050.457213262,137852.7078088455,7900031.0,8378822.0,8195445.0,117.14458164202509,0.43374614511192383,116.5984,117.8093,117.1628,1707644.7290546596,226672.36160994382,1181247.0,2450744.0,1689552.0,73.5918548235887,0.8201712460523326,70.96243,75.6715,73.64425499999999,0
8190119.807498319,156498.86526466196,7919981.0,8733617.0,8139426.0,117.42092194014793,0.8647789438525166,116.6765,119.6061,116.989,1705000.8208921766,227699.76607676136,1189927.0,2396492.0,1691047.0,73.52631613707689,0.6136362110926691,71.76752,75.53478,73.547355,0
8857684.709341398,174652.32187901458,8578317.0,9116956.0,8864210.0,118.0958945452509,0.42042984224647734,117.4968,118.9811,118.06875,1762337.002296147,250021.33543692247,1193544.0,2465211.0,1749301.5,77.11762312219982,0.8540480514768997,74.07649,79.36281,77.20874,0
8456184.584014684,59894.462645947344,8299023.0,8583970.0,8478569.0,117.57179166249513,0.15562166147309606,117.2624,117.8484,117.6358,1734041.347739029,232616.8763348212,1182694.0,2441340.0,1721500.0,75.62943570498915,0.5327381306311115,73.78027,77.50956,75.59858,0
8096719.0756142605,113097.23575412265,7900031.0,8299023.0,8119477.0,116.88220249622208,0.2153299971044667,116.5203,117.3406,116.9196,1700738.4119885822,216459.85751130074,1176907.0,2375514.0,1686634.0,73.58377424469693,0.8678493472220266,71.19788,76.26393,73.64407,0
7875189.759591221,66953.32910644008,7760446.0,8059628.0,7875770.0,116.63186541575921,0.31948430127276084,116.286,117.4577,116.5675,1660785.180320545,212676.59597211043,1146781.0,2414472.0,1638923.0,71.67937890880661,0.5552637470594762,69.49255,73.52171,71.66195,0
8517865.533559661,271164.7378274091,7959880.0,8817712.0,8589622.0,117.83988670414071,0.38250137874188833,116.989,118.6296,117.8809,1707464.4856967942,226719.38669653726,1196437.0,2417469.0,1686297.0,74.67580260574353,1.6248892329817297,71.21307,77.60829,75.37528,0
8282931.0912237605,139830.38809929873,8039679.0,8518468.0,8294496.5,117.25738878963824,0.20063736344491168,116.9109,117.5749,117.32945000000001,1711391.2691491737,234492.9009464847,1161716.0,2436276.0,1700233.5,74.66354013343012,0.8559040113274173,72.36755,76.9475,74.68474499999999,0
8164393.0836268095,83578.72153327137,7979830.0,8299023.0,8159376.0,117.05858418581252,0.18035852669817753,116.7156,117.3796,116.9798,1689142.0407512996,214330.84849241094,1200778.0,2527420.0,1669515.0,73.77158275923752,0.610135110704397,71.82829,75.831,73.80559,0
8357723.0646604765,301586.4486658419,7979830.0,8877560.0,8179326.0,117.82130846291533,0.6466050111788495,116.6375,119.0593,117.5749,1697630.7250811053,226692.73567441883,1197884.0,2437723.0,1668792.0,74.19441431424096,1.3215998231584822,71.22826,78.14755,73.790735,0
8538475.375160912,149593.50368995641,8338922.0,8837662.0,8498519.0,117.59310795880673,0.18042828699025146,117.3406,118.0046,117.5289,1741744.945206246,242829.38066548388,1170397.0,2472445.0,1720174.0,75.83975470308391,0.7665897554285492,73.69672,77.82096,75.78188,0
8141074.4966611015,110159.28478147877,7979830.0,8318973.0,8119477.0,117.12431114635503,0.23501465219410758,116.6375,117.5749,117.1791,1698846.4563717307,242372.35405783597,1145079.0,2536824.0,1684561.0,73.14295752253757,0.9165105332922441,70.26366,75.46642,73.12258499999999,0
8135510.029936448,89034.45914500974,8019729.0,8299023.0,8107383.5,117.00958620804994,0.11383743161989356,116.6765,117.2576,116.9871,1706221.259839447,233200.8969260073,1140015.0,2418916.0,1694278.0,73.82693325788827,0.62569116344361,71.95741,75.93733,73.83825,0
8087873.034578763,60826.34167221879,7979830.0,8179326.0,8092877.0,117.02059576813853,0.24864294165425083,116.6375,117.4187,116.9731,1707533.3678378528,226214.9950784812,1170397.0,2393598.0,1700475.0,73.43721030680996,0.5158718608469217,71.91183,75.31452,73.42524,0
7866702.2327398565,116530.67617910297,7680586.0,8039679.0,7834119.0,116.43274307082659,0.1985363864156402,116.0906,116.989,116.3812,1690189.7586091422,238037.72503092382,1138569.0,2518740.0,1676893.0,72.19157191717365,0.8941652407187278,69.93707,74.50182,72.20248,0
8122092.988012156,205704.74734646606,7560889.0,8299023.0,8209482.5,117.2471913496173,0.3641797541188883,116.2078,118.1609,117.2736,1679392.9779941468,218327.2812493786,1163886.0,2423256.0,1667634.0,73.01998630459254,1.342936766203706,69.5649,75.86897,73.524255,0
8031871.37015059,54979.568936253236,7939931.0,8139426.0,8031378.0,116.89867848065835,0.12431407479004963,116.6375,117.1843,116.9248,1688776.0347645972,235563.75352441095,1147972.0,2386365.0,1666766.0,73.13772771091082,0.5751236930411154,71.25105,75.3449,73.14703,0
7927698.903431674,87496.96876424697,7700536.0,8059628.0,7935941.0,116.74786500587808,0.39510124157728466,116.2468,117.7702,116.6192,1679212.0952807479,224696.3108895181,1159546.0,2396492.0,1659774.0,72.25737382690478,0.671972828628462,69.92188,74.49423,72.30172,0
8395275.197615182,205174.34746925771,8039679.0,8757864.0,8358871.0,117.7749725801937,0.34503437586247027,117.1453,118.3952,117.6696,1688227.8820466886,220384.09735457442,1142185.0,2422533.0,1678979.0,74.31504544253485,1.2241201976178848,71.08395,77.66906,74.22733,0
8522119.931674588,73356.54747573793,8368846.0,8706865.0,8508494.0,117.66720810735254,0.15918004462993865,117.3406,117.9655,117.6615,1731984.3424657534,239628.2017770336,1145079.0,2427596.0,1723188.0,75.9910462113503,0.5074987059896968,74.31954,77.51715,76.0155,0
8301953.503666798,57773.10038533407,8139426.0,8378822.0,8318973.0,117.43797408050159,0.2155087766019745,117.1062,117.7702,117.3669,1712506.4142081398,238067.87633354665,1145802.0,2387088.0,1695556.0,74.83106254716454,0.5559699270262862,72.95238,76.71965,74.83507,0
8387869.6427772185,181958.54071851313,8119477.0,8618216.0,8454938.0,117.69221601767931,0.3514390559701887,117.1843,118.6296,117.68905,1696341.0904106523,226309.12026065344,1160269.0,2417469.0,1685694.0,74.71351029372272,0.9798609778209897,72.37514,77.20574,74.74095,0
8194043.23028779,143366.18740765736,7979830.0,8478569.0,8176019.0,117.11524010617491,0.20015197828335587,116.7481,117.4187,117.0624,1705686.7500977926,242524.01644519522,1123378.0,2418192.0,1692518.0,74.18745722939367,0.9171958611088097,71.8055,77.00067,74.13008,0
8038499.737261777,119825.21675382143,7800284.0,8199275.0,8039394.0,117.01866953005712,0.3479597795487599,116.4421,117.5749,117.0032,1670064.6189560595,221778.83995234146,1122655.0,2426873.0,1648489.0,72.78383818356613,0.7118661306867352,70.66621,75.1854,72.82238,0
8133462.861404494,52878.1067430886,8039679.0,8219225.0,8135972.5,117.03616066292135,0.12642375535513603,116.7593,117.2624,116.989,1667879.4463483146,225155.08138707958,1134952.0,2469551.0,1646235.0,73.31849845112359,0.4996931099733854,71.66879,75.30692,73.294895,0
8075898.809845022,51411.07995660922,7979830.0,8159376.0,8068474.5,116.99731238711115,0.19773047553111137,116.6375,117.3796,116.9597,1667154.0580332256,221706.5092993236,1141462.0,2430490.0,1648423.0,72.8992250668971,0.5628846511663846,70.94724,75.0259,72.90629000000001,0
7951226.076006459,61574.81762442856,7840183.0,8079578.0,7945084.0,116.75104349908123,0.17858536220116816,116.4812,117.3015,116.6843,1662028.6580544573,227288.20016500828,1134952.0,2495592.0,1640846.0,72.22808387883512,0.6561184194581797,70.05859,74.43346,72.17463,0
8542921.430297967,61044.61355261128,8398771.0,8638166.0,8558083.0,117.9419227067669,0.27701927199475296,117.3796,118.3562,118.0123,1704928.904149262,230055.7421218045,1134952.0,2483295.0,1687575.0,75.8352344427736,0.5452678139975221,74.16003,77.50956,75.83607,0
8358969.568278013,106568.09551292848,8179326.0,8578317.0,8338922.0,117.36953429494321,0.17906596568244162,117.0671,117.9655,117.3406,1712987.0994653597,247513.0083922338,1150866.0,2469551.0,1697437.0,75.13135023501893,0.797838875913781,72.90681,77.46398,75.05748,0
8040878.581831371,104353.25832784077,7740435.0,8179326.0,8046329.0,116.98868829864405,0.40412309143645214,116.4421,118.3171,116.9499,1681338.861224262,227411.32547586923,1145802.0,2398662.0,1658182.0,73.19809259360527,0.8058159493956796,70.86369,75.07147,73.29063,0
8356805.111365157,65038.27004243321,8183150.0,8458620.0,8358871.0,117.42805196854785,0.2554688081377468,117.0671,117.9655,117.3796,1691093.9030782958,224051.73844978694,1166780.0,2382748.0,1674253.0,74.31796769629713,0.759769760271452,71.76752,76.16519,74.425365,0
8280690.9287353745,159360.8537031043,8059628.0,8658115.0,8233189.0,117.53732399932824,0.421549310596304,116.989,118.3562,117.6531,1690553.6985388792,236260.19260845808,1178354.0,2455084.0,1670238.0,73.98695471981189,0.7352983796406537,72.10931,76.469,73.94079,0
8415188.276355337,130479.32891214878,8199275.0,8658115.0,8383975.0,117.40436123232773,0.18661977908100288,116.989,117.8282,117.3941,1736638.16158299,231941.07720719613,1153759.0,2449297.0,1728445.0,75.05783716408772,0.7016324190633835,73.35493,76.92472,75.04716,0
8029837.4046226675,90120.05981369437,7860133.0,8219225.0,8026406.0,116.91656015594543,0.2144559093354116,116.4812,117.4408,116.9669,1674332.414981899,220798.9034239072,1174013.0,2359600.0,1655096.0,72.92149969479253,0.7300277694371555,71.0004,75.42085,72.86099,0
8387175.878741841,115873.14903922951,7999780.0,8518468.0,8418720.0,117.61845435516543,0.15336004238545226,117.3015,118.0437,117.6531,1697721.8016542876,231913.77815816386,1163886.0,2437723.0,1687544.5,74.40972597119064,0.8103570498882251,71.66879,76.26393,74.57322,0
8208016.832461316,114936.14489971765,7979830.0,8398771.0,8202301.5,117.34793311254595,0.3371364357399572,116.7156,117.9655,117.3015,1688796.8461538462,225500.45816352265,1147249.0,2456531.0,1669515.0,73.90891412223088,0.7878958649676034,71.70676,76.3019,73.890275,0
8352628.890220571,65744.7981613686,8187270.0,8458620.0,8371045.5,117.35787050416386,0.157930454610618,117.0281,117.6531,117.3796,1700554.6689173982,231639.53883592103,1141462.0,2425426.0,1685236.0,74.50868606459599,0.5038615890525573,72.97517,76.37786,74.503785,0
8231420.0062094275,146379.6868939475,7919981.0,8438670.0,8213443.0,117.35034803274061,0.43443404101016747,116.6765,118.0046,117.4338,1676914.7829523003,225613.9425735751,1149419.0,2371174.0,1649586.0,73.65808052272085,0.8248063438095454,71.37257,76.21076,73.72356,0
8257324.277686419,72117.5144344475,8099527.0,8398771.0,8264085.0,117.36618007371705,0.28783665259986774,116.989,117.8874,117.2234,1682846.54743408,232206.42442499657,1116144.0,2446404.0,1665850.0,73.86293546696909,0.6101515289842915,71.36497,76.20317,73.88028,0
8375505.131860181,112855.45867904974,8199275.0,8578317.0,8315912.5,117.64916995435823,0.36607565502254746,117.0281,118.3562,117.55445,1696468.5797061115,239795.79073858788,1137845.0,2468104.0,1676037.0,74.45841320549927,0.78295322472983,72.25362,77.24372,74.37777,0
8276861.201023473,86810.56100177004,8149787.0,8478569.0,8259124.0,117.28680617977531,0.1125966402848158,116.989,117.4577,117.3116,1698817.9674046056,237429.92723700698,1158099.0,2394322.0,1682053.0,74.43505201245968,0.6592502008797093,72.27641,76.82598,74.3722,0
8329391.919062832,89278.36446038328,8179326.0,8478569.0,8299023.0,116.84903911215739,0.14957849586899702,116.4875,117.1843,116.8626,1706809.4658371168,210714.55967148187,1194991.0,2414576.0,1684054.0,74.4418980427106,0.5734448208866074,72.59541,76.469,74.44562,0
8240738.686881118,203400.94452277804,7999780.0,8658115.0,8139426.0,116.90835600559441,0.6025211061107096,116.2859,117.9655,116.475,1699017.537958042,208070.19451323562,1232605.0,2437000.0,1676990.0,73.31809563580418,0.9051199593821285,71.25864,76.11202,73.15569,0
8564569.349099854,92800.92453289843,8398771.0,8698015.0,8578317.0,117.263870926982,0.1578392348117604,117.0281,117.6921,117.2216,1754556.4235155988,220485.9232829169,1207288.0,2525250.0,1733273.0,75.57935471038803,0.5290324217060757,73.75748,77.54753,75.56801999999999,0
8338569.348363636,67796.53567248094,8179326.0,8518229.0,8337038.0,117.13942173426574,0.32423947455982377,116.7156,117.6921,117.0177,1737524.0152727272,218555.15642765808,1228989.0,2466658.0,1718607.0,74.51570676531468,0.5538718613839465,72.79288,76.45381,74.54613,0
8500192.79978849,89975.48252970878,8314676.0,8618216.0,8526087.5,117.17621998218858,0.22187092913928028,116.7175,117.6531,117.0671,1739514.9505733051,216132.67870192562,1221755.0,2448574.0,1718944.5,75.18846321273517,0.549841681575417,73.62836,76.98548,75.22268,0
8557186.546564119,128251.58231479191,8179326.0,8717964.0,8578317.0,117.42129858997939,0.347386293027113,116.7525,118.1218,117.3796,1734762.6571364878,218615.67940276905,1243456.0,2557078.0,1711976.0,75.33864314272975,0.7587714453662163,72.91441,77.66906,75.47706,0
8249755.847374026,136442.0626365902,8019729.0,8478569.0,8259124.0,116.66940052687632,0.2503667733106241,116.2468,117.1062,116.6471,1724084.9747771986,225708.90813555557,1210181.0,2432660.0,1704622.0,74.1081316159408,0.7968771431871052,71.85107,76.15,74.14789,0
8499704.028346632,230380.47381901453,7999780.0,8777813.0,8599737.0,117.35557153618659,0.28796948127286903,116.4031,118.0437,117.3406,1722819.2824061157,212108.2697110444,1189927.0,2424703.0,1704526.0,74.63252911109872,1.3269884597423658,71.965,77.33486,74.68918,0
8612621.858946549,138249.55690574608,8418720.0,8817712.0,8566015.0,117.50071884976919,0.31767215883611966,116.989,118.1609,117.5432,1743379.1142443963,232301.2907087762,1189204.0,2482572.0,1724008.0,75.65046020190222,0.7649813901508347,73.40051,77.98806,75.56264,0
8584742.145605622,53965.36583586372,8498519.0,8717964.0,8578317.0,117.5150548182021,0.2357578998464522,117.1843,118.1218,117.41345,1752121.501505688,233809.45660787268,1195714.0,2478955.0,1734256.0,75.72590521302699,0.5445315042588078,73.74989,77.60829,75.69751,0
8542536.578483343,126042.8252067637,8338922.0,8737914.0,8562856.0,117.27198530215945,0.30191714091293553,116.8914,118.0046,117.1843,1752264.9902907205,227370.50979637954,1228989.0,2440617.0,1737800.0,75.76626798225546,0.709204769685983,73.65115,77.79818,75.83607,0
8695046.357379071,202147.15824582256,8239175.0,8897511.0,8757864.0,117.71834058629001,0.3695253169905186,116.8718,118.6296,117.6633,1746692.4484614092,228745.76620314465,1226819.0,2436276.0,1725720.0,76.00293077742279,1.125547275949569,73.21822,78.67923,76.40001,0
8512341.023254517,98900.19777454626,8338922.0,8717964.0,8478569.0,117.22906773923711,0.14843476394781294,116.9499,117.4187,117.3015,1748701.8835043497,221230.80586538464,1235499.0,2516570.0,1727335.5,75.70078332422486,0.655033515313693,73.60558,78.03363,75.67163500000001,0
8363547.929567254,40168.08900671804,8259124.0,8438670.0,8355204.0,117.0912760539817,0.16532093658339608,116.7546,117.4577,117.0909,1704216.0383113986,210136.77909639635,1224648.0,2397939.0,1685007.0,74.47105721949588,0.43405447490696186,72.95238,76.05126,74.47524,0
8280946.4886421,48928.18583554086,8119477.0,8358871.0,8277979.0,116.88364553816815,0.1355193818092015,116.6375,117.3796,116.8761,1716155.7898367827,206709.57137803614,1200054.0,2448574.0,1703561.0,73.91712780582198,0.4735481482961233,72.15488,75.69428,73.92205,0
8692041.159620747,167448.986945349,8145411.0,9077057.0,8703756.5,117.89583706636921,0.40060543053015946,117.0281,118.5515,117.96075,1731475.0254322365,227201.66502965207,1208011.0,2484742.0,1709083.0,75.71406065532626,1.1373643448783644,72.34476,78.96785,75.9267,0
8887961.960071381,126021.50176203622,8658115.0,9077057.0,8891585.5,117.84158454160162,0.30619101855834113,117.4577,118.4757,117.6531,1788388.34491412,230232.21416174428,1200054.0,2548397.0,1775270.0,77.69988435757304,0.6859412786737861,75.51959,79.70459,77.73235,0
8850735.137738854,113187.54031479557,8598267.0,8997258.0,8897511.0,117.92811971678799,0.28567262181587333,117.3796,118.3562,117.9669,1760921.7440286623,233923.10564449633,1202948.0,2566481.0,1748361.0,77.22945374658781,0.612160278769326,75.42085,79.24887,77.24372,0
8704917.909538187,96309.52405005484,8552974.0,8877560.0,8717964.0,117.56382318014087,0.12540572535306563,117.3796,117.8093,117.5749,1741971.0039136754,233421.21686534397,1247796.0,2552014.0,1720403.0,76.42332770714525,0.6454682277472107,74.44106,78.73239,76.43508,0
8464568.07589061,67328.06252619905,8318973.0,8578317.0,8464326.0,117.294015273195,0.24215209770694815,116.989,117.8093,117.2691,1715213.5076897265,212150.89222630978,1231882.0,2426873.0,1695652.0,74.83756785470611,0.606385880433251,72.95998,77.05384,74.81171,0
8364123.898436195,139109.8721422394,8159376.0,8558368.0,8378822.0,116.89496750514775,0.29848102379533104,116.6375,117.6531,116.7214,1709137.983861094,211455.10148313138,1193544.0,2476785.0,1694447.0,74.41735919027214,0.7433590483358663,72.07893,76.73484,74.48663,0
8144789.776645459,35080.81761454073,8039679.0,8219225.0,8146867.0,116.58672211024154,0.2149143372331968,116.2859,117.0281,116.6255,1690599.6414616294,205106.53921172908,1189927.0,2365387.0,1672336.0,73.17228431169416,0.47332982707645405,71.26624,75.0183,73.15408,0
8255078.412124583,250984.57564004266,7979830.0,8658115.0,8138439.0,117.02121100667408,0.5004758014272166,116.1687,117.9655,117.0027,1683983.5035595105,201137.45429825486,1195714.0,2346580.0,1663294.0,72.99983437597331,1.1582571442914336,70.83331,76.72724,72.58781,0
8606897.51334152,129087.22444806149,8398771.0,8797762.0,8589652.5,117.5065900413085,0.3773570306050405,116.7156,118.239,117.5346,1726334.6914145362,223213.54313354264,1201501.0,2468828.0,1709878.0,75.40794684994975,0.8338720768325342,73.32455,77.74501,75.27167499999999,0
8609962.15442656,107082.87438001994,8363194.0,8737914.0,8656453.0,117.39347971160295,0.22585601813946493,116.989,117.7702,117.3974,1732509.7065168791,231882.92399696383,1219585.0,2510783.0,1710312.0,76.22162114241002,0.5836244281288697,74.06889,78.03363,76.27406,0
8372049.557912908,50023.35026909906,8259124.0,8458620.0,8368888.0,117.0559205368081,0.24390128744829445,116.6765,117.5359,116.989,1709867.5111370976,212763.22135033587,1202948.0,2416746.0,1692831.0,74.73329542766454,0.4522997587716467,73.33974,76.40824,74.725255,0
8231246.418942607,41363.56612883951,8139426.0,8299023.0,8241943.0,116.73557270568278,0.107104270048823,116.5765,117.0281,116.7104,1697367.8568843652,209237.35765224832,1206565.0,2407342.0,1671323.0,73.79904323551031,0.4394310453751627,72.21564,75.60314,73.79546,0
8221885.899776161,166166.4349671479,7939931.0,8578317.0,8163366.0,116.98548655288194,0.5270326478766229,116.2859,117.9655,116.7868,1692180.7324566313,207950.9832414233,1189204.0,2423256.0,1670431.0,73.43734628483492,0.7894774782718756,71.46371,76.15,73.32962,0
8738569.768624803,132066.31503272484,8458620.0,8937409.0,8759586.5,117.60293636056718,0.2648833489037492,117.3015,118.239,117.5053,1753723.0086090479,230058.8629161813,1214522.0,2470274.0,1735184.0,76.30963620695476,0.8932969565955348,74.03851,78.92227,76.45891,0
8455344.004577426,50856.38695814563,8338922.0,8572514.0,8458620.0,117.31686742212794,0.1284647614907507,117.0671,117.614,117.334,1728612.4318410181,225930.29002470968,1177630.0,2423256.0,1705538.0,75.44982947136317,0.5226623086300952,73.71191,77.47917,75.454935,0
8449426.68526562,47217.049943140504,8299023.0,8538418.0,8458620.0,117.26506383227532,0.2618643602447665,116.989,117.7312,117.1257,1711039.1944537254,219539.09502313437,1218862.0,2478955.0,1694254.0,75.14397719734937,0.45946148942444937,73.68913,76.74243,75.171145,0
8398773.2274916,96899.20049343265,8139426.0,8545511.0,8425934.0,117.12752996080627,0.464455340771527,116.7156,118.6296,116.989,1713294.9707726764,223195.92705217825,1189927.0,2490528.0,1691021.0,74.91330545408735,0.6737686648797248,72.95238,77.05384,74.96403000000001,0
8644476.192544153,74378.01540933273,8498519.0,8777813.0,8638166.0,117.52174561815335,0.2278256884497795,117.1062,118.0437,117.4683,1729483.3522803488,230420.84079517814,1200778.0,2494869.0,1701885.0,75.9294015940085,0.657604346522425,73.68153,77.79818,76.018475,0
8795664.743048763,130515.3598706996,8472086.0,8937409.0,8861235.5,118.06169563364539,0.22342268369577126,117.6531,118.5515,118.1034,1748288.1550230545,237460.74371253885,1221755.0,2506442.0,1736273.0,76.7992670490429,0.9887210301383834,73.97015,79.45395,77.01434,0
8677068.060381357,96209.36848262876,8498519.0,8817712.0,8693263.0,117.5125965544157,0.13013523726099768,117.267,117.6921,117.54425,1756772.8118309544,235390.09837807852,1208011.0,2465934.0,1739753.0,76.74358243086529,0.6135281472050838,74.89678,78.77037,76.76142,0
8433820.873940678,62533.43143450875,8279073.0,8518468.0,8458924.5,117.04890092551295,0.2116236971584986,116.6375,117.3796,117.0416,1722517.9434656557,222848.3523994006,1167503.0,2459424.0,1708576.0,75.23251815510704,0.5943775715343532,73.35493,77.44879,75.24139,0
8135834.424522419,60954.630738076754,8019729.0,8279073.0,8139426.0,116.6186781418287,0.22847015710283136,116.325,117.0671,116.5457,1696132.8586247945,203765.71459833145,1192097.0,2469551.0,1680606.0,73.17326722181281,0.6432605720375182,71.41814,75.86897,73.08253,0
8098287.245942921,196264.51585229227,7780334.0,8752876.0,8066951.0,116.74214185786234,0.883033933274889,115.9343,118.7077,116.325,1689182.102909905,195699.64480731857,1234776.0,2405172.0,1667972.0,72.39395380581982,0.6830500881316968,70.55228,74.36511,72.36502,0
8990099.434513865,123824.49273994571,8757864.0,9236653.0,8957359.0,118.10478615658761,0.24732010886672387,117.614,118.7077,118.08655,1769579.6527452946,240724.87395869734,1158099.0,2504996.0,1746926.5,77.31928072613877,1.0306102476056689,72.94479,79.35521,77.54753,0
8933295.578941511,79222.1786662985,8777813.0,9057107.0,8953573.0,118.03478746173967,0.24876657964645107,117.6921,118.5515,117.9655,1791223.8678835772,242172.85421649096,1192097.0,2541887.0,1778790.0,78.11958955367578,0.5968337255021852,76.02088,80.01599,78.1173,0
8760957.897308743,51991.557155356924,8618216.0,8857611.0,8757864.0,117.8050753496406,0.3143492577984736,117.3406,118.3952,117.6781,1759078.933916532,244981.96081772257,1174737.0,2498486.0,1729554.0,77.10303362344682,0.5196194518407333,75.29173,79.24129,77.10169,0
8548086.017463848,58683.486146593226,8458620.0,8680264.0,8549134.5,117.35437387096775,0.11528537018409986,117.0632,117.5749,117.3406,1737456.688042269,226989.79340138618,1204394.0,2449297.0,1726769.0,75.81384849110123,0.5856228308357636,73.94737,77.55513,75.78695,0
8332046.151464341,83534.16838643701,8159376.0,8478569.0,8340585.0,117.03193896713614,0.2576365503755961,116.6765,117.5749,116.989,1716194.2275877488,224166.3592744518,1215245.0,2361770.0,1695785.0,74.39434669293539,0.7101312844767907,72.49667,76.64369,74.32333,0
8215841.4224858,125466.51882250488,7999780.0,8398771.0,8219225.0,116.61073350038978,0.21562825414453132,116.2468,117.1062,116.6365,1710228.2385009467,208117.16552016637,1223202.0,2403725.0,1697165.0,73.7984251269629,0.6883693082647804,71.88905,75.61073,73.840655,0
7910131.402237793,51453.9030630116,7659307.0,7999780.0,7916498.0,116.02645161053346,0.19304519419170774,115.4656,116.3261,116.0906,1680082.8213720615,198455.86183422807,1206565.0,2465211.0,1662402.0,71.88650811708861,0.5194016097062247,70.41557,73.54482,71.89361,0
8530411.947102709,404703.4054123755,7600788.0,8977309.0,8717964.0,117.5680961911707,0.3932517175233872,116.0646,118.5124,117.5583,1712147.3833510967,221429.25835302245,1222478.0,2454361.0,1695122.0,74.27161128625119,2.372746791472237,69.37501,77.80577,75.53668,0
8589454.198995816,146941.90562914868,8299023.0,8817712.0,8578317.0,117.56536188563459,0.4425438235435473,116.9499,118.278,117.6531,1753359.231129707,228369.945981343,1231882.0,2502826.0,1733412.0,75.91956730822872,0.778070230171933,74.11446,78.58049,75.86088,0
8507154.76657323,115336.51597605873,8318973.0,8737914.0,8488876.0,117.17421740714788,0.12992252751088132,116.9499,117.4357,117.18010000000001,1742787.6030833917,240623.99028591413,1218138.0,2585289.0,1721561.0,75.96620998668536,0.7134673641440864,74.30434,78.13997,75.906825,0
8537771.570122803,191870.2025645476,8179326.0,8757864.0,8583165.0,117.60324882779794,0.4449758807812269,116.7156,118.4733,117.6531,1716106.8062377896,216499.87481972823,1210905.0,2369004.0,1692023.0,75.37800340566564,0.9024004464605141,73.34734,78.05641,75.18249,0
8471363.620382236,72932.72009249481,8378822.0,8678065.0,8438670.0,117.17737365019225,0.12228327630524921,116.9499,117.4187,117.1875,1722097.3082409317,218140.51408914608,1214522.0,2392875.0,1705297.0,75.28178310581156,0.6302861302538342,73.54482,77.88172,75.20781,0
8295616.141157901,61384.94468619496,8219225.0,8438670.0,8276885.0,116.81844709397373,0.14551550900510846,116.5164,117.0281,116.8123,1716459.3834488979,219448.84999443855,1212351.0,2421086.0,1691384.0,74.24050499013474,0.5742604423229015,72.59541,76.17278,74.21624,0
8273432.299693166,132151.63210689102,8139426.0,8538418.0,8219225.0,116.98611335564854,0.4057475672203271,116.4421,117.6531,116.7533,1683443.77986053,207355.27665014638,1177630.0,2423256.0,1652444.0,73.56654543430962,0.6638974310346255,71.85867,76.74243,73.45064,0
8303401.200456342,114069.55298809946,8179326.0,8538418.0,8263779.0,116.78799996104402,0.15861711513803817,116.6375,117.3126,116.7156,1702803.0053425343,218446.43790734257,1218138.0,2498486.0,1680486.0,74.34565921865435,0.7267566021618692,72.284,76.73484,74.29384,0
8377013.931910626,379271.72346588736,7919981.0,9077057.0,8159376.0,117.34339431102691,0.8783612450624502,116.364,118.903,116.6765,1681299.5675043182,210577.39881858614,1165333.0,2526697.0,1657266.0,73.81628552237142,1.576250190069253,71.03078,78.23871,73.32608,0
9000966.812555755,74268.28685200906,8817712.0,9097006.0,9022256.5,118.11547598126671,0.17436713756160824,117.7702,118.5124,118.03595,1759441.222457627,243902.0780244875,1236946.0,2531760.0,1745872.0,77.84579416480821,0.6997617529192525,75.40566,79.98561,77.83881,0
8715850.409956565,133248.3393655245,8498519.0,8950818.0,8707070.5,117.59949303374542,0.22876622845064085,117.3015,117.9655,117.5606,1750579.284719902,230447.11874852615,1239116.0,2470998.0,1735937.5,77.09636110424324,0.823766507030702,74.85121,79.85649,77.095355,0
8565172.133750139,153112.3238563349,8299023.0,8857611.0,8504408.0,117.56843996873954,0.4667973307070744,116.9499,118.6296,117.3262,1722276.8078597744,227107.38167801505,1174013.0,2497762.0,1702289.0,75.52972397454505,0.7308031570084591,73.37772,77.98806,75.44895500000001,0
8660569.357371524,68705.70504170323,8538418.0,8836332.0,8638166.0,117.4681296826734,0.13458311031661127,117.2234,117.6921,117.4522,1724827.7273237854,230734.08061406793,1229712.0,2465211.0,1695508.0,76.15036413142376,0.5737709514336845,74.16003,78.03363,76.11857,0
8548036.671980243,198336.1028084563,8259124.0,9057107.0,8464933.5,117.61708276268523,0.6177124025832411,116.7546,118.9421,117.3015,1717434.305231253,224804.78692826245,1161716.0,2452914.0,1691710.0,75.23670109732825,0.7387266373602157,73.26379,78.67163,75.119445,0
8854946.672191324,113907.360521487,8717964.0,9057107.0,8839657.0,117.78039347608454,0.2292490109143651,117.4577,118.278,117.6531,1762620.5467185762,231070.699010323,1208011.0,2535377.0,1750061.0,77.37633043437151,0.6356643150108593,75.76264,79.68181,77.3317,0
8608375.212087484,49586.07607809938,8478569.0,8717964.0,8618216.0,117.49111131949466,0.1285884050351517,117.2234,117.6531,117.5359,1734250.15626913,226219.17067713614,1205118.0,2506442.0,1709493.0,76.19625203405866,0.5042762936938643,74.36511,78.10199,76.20393,0
8366239.409400469,81176.89588533963,8210882.0,8478569.0,8387248.5,116.96092826839345,0.232403014476995,116.6375,117.3015,116.989,1699858.3715529754,205763.91448386598,1199331.0,2498486.0,1677098.0,74.64815148096461,0.6908070457201997,72.48148,76.56774,74.71677,0
8176215.703077784,111429.08508007083,7999780.0,8546712.0,8159376.0,116.82730269166201,0.500925005461797,116.2078,117.6921,116.63685,1686567.0274202575,195806.39860327778,1241286.0,2392875.0,1665850.0,72.9080691135982,0.5614425801424283,70.85609,74.89678,72.9427,0
8541622.312649563,45045.995823399244,8418720.0,8598267.0,8551785.0,117.36740509210307,0.17009518690158007,116.9499,117.614,117.399,1723170.5208414493,223961.62690881456,1210181.0,2421086.0,1705635.0,74.76966542267239,0.5693767803606686,72.7625,76.52976,74.80868,0
8404196.656023223,78655.33053493085,8279073.0,8578317.0,8396776.0,117.03599557887686,0.07927662351748913,116.7937,117.2624,117.0281,1709235.529195043,228774.00010094332,1232605.0,2474615.0,1681703.5,74.72109358043987,0.6154995296712333,73.04353,77.08422,74.705825,0
8513952.448665183,189866.38085670574,8219225.0,8901501.0,8508410.5,117.53703366518351,0.490800564623838,116.6765,118.3562,117.58395,1702754.127919911,222447.60805948803,1215245.0,2483295.0,1679980.0,74.57177887319243,0.8671543563368175,72.33717,77.99565,74.50474,0
8865792.505042626,100393.49927905496,8658115.0,9017208.0,8857112.0,117.82003927675936,0.2446963188139353,117.4968,118.3952,117.6776,1751910.452777623,236421.28062644578,1200778.0,2500656.0,1737704.0,77.04147017941717,0.5665462128995877,75.21578,78.61087,77.03612,0
8490125.891829882,84610.68261972604,8358871.0,8678065.0,8458620.0,117.29366250699498,0.1241313325183498,117.0281,117.6921,117.3015,1722356.5804700616,222382.4868096518,1224648.0,2448574.0,1706081.0,75.50280773922776,0.6960958635623422,73.64356,77.63108,75.43402,0
8600074.957832336,69337.6505999368,8398771.0,8698015.0,8605676.0,117.44274416419663,0.3373134974985688,116.989,118.1609,117.382,1705189.7245120518,220367.10986406548,1206565.0,2465211.0,1680365.0,75.50179520944019,0.6010423212796876,73.35493,77.16017,75.55909,0
8472396.313880479,39682.55160445453,8398771.0,8558368.0,8467553.0,117.26901765893035,0.23401912828263804,116.9499,117.6531,117.2426,1719926.927402175,213368.14387684694,1226095.0,2439893.0,1704019.0,75.11186891355534,0.470064678859879,73.26379,77.16777,75.10477,0
8347617.679392287,51029.81839971336,8259124.0,8442051.0,8343079.0,117.1465949023318,0.1966858210309693,116.8718,117.614,117.0499,1700010.2439200846,216850.63416399603,1230435.0,2440617.0,1676266.0,74.26962470699537,0.46715367486087933,72.79288,76.469,74.27776,0
8621402.66289428,111607.34527832689,8398771.0,8757864.0,8631468.0,117.52176823911702,0.18742902665180355,116.989,117.9265,117.5349,1724033.6800380973,224541.76509032733,1204394.0,2553461.0,1709661.0,75.47950050254917,0.7811828721835854,73.42329,77.9197,75.45655,0
8553316.816344758,85396.71442265924,8378822.0,8717964.0,8538257.5,117.47052143016637,0.19664669790618833,117.1843,117.9655,117.4311,1727311.1930333816,230268.40085974167,1196437.0,2429043.0,1709456.0,75.53570575639165,0.5918836838255737,73.70432,77.51715,75.54156,0
8522593.590488918,65685.19078593473,8418720.0,8638166.0,8517471.0,117.19000429335115,0.23035230728099193,116.8718,117.7702,117.0663,1716523.8219178081,219922.8192367765,1242733.0,2400832.0,1690227.0,75.18347448490924,0.5900498966910598,73.17265,77.02346,75.19046,0
8825582.233679857,178711.56425802928,8318973.0,9057107.0,8858466.0,117.90570623183545,0.38404296636769364,116.7156,118.7468,117.9655,1727325.802984574,243040.00496019112,1223202.0,2537547.0,1697871.0,76.73082993516657,1.3018984504246245,73.65115,79.50711,77.12979,0
8796305.091101341,121559.50158435531,8618216.0,8977309.0,8757654.0,117.8834883577272,0.4180679150312883,117.2234,118.7468,117.9655,1777490.9509154656,233189.85793837497,1243456.0,2510059.0,1755016.0,76.75160797818465,0.7950678211874008,74.5398,79.40079,76.6285,0
8812930.161202034,35955.9925950656,8756400.0,8897511.0,8815385.0,117.77952711277439,0.09948319231117597,117.614,117.9265,117.789,1745765.2034295928,247047.17436760364,1171120.0,2578055.0,1718607.0,77.04539023403899,0.516271989395593,75.23856,78.88431,77.02802,0
8580245.81010952,99694.17369016689,8418720.0,8757864.0,8578317.0,117.41129798371244,0.15700851172564873,117.0671,117.6531,117.3854,1725436.4900870542,240054.39370438695,1202948.0,2568651.0,1700523.0,76.0059508329121,0.7148188251537907,73.83344,78.21591,76.01063,0
8592329.78822741,39489.22201322355,8458620.0,8658115.0,8599339.5,117.66462386350945,0.19693351020360322,116.9499,118.0437,117.6724,1549383.689981012,246102.71546019378,944708.2,2412406.0,1535355.5,76.08928034066793,0.6516054078249891,73.62077,77.95008,76.15310500000001,0
8369175.764177773,125345.85035758789,8171976.0,8598267.0,8358871.0,117.27593205264039,0.14396047117367938,117.0281,117.4968,117.3406,1520806.7574638934,237684.8600259683,954111.9,2331389.0,1505168.0,75.66629288351085,0.7775581484864034,72.97517,77.85894,75.62643,0
8350298.863841298,79128.3998588376,8119477.0,8438670.0,8370177.0,117.28992552412083,0.22594475428137195,116.7156,117.8874,117.2808,1500022.3274966185,218354.10230400437,985939.7,2265564.0,1485528.0,75.10229348512173,0.5742960189444587,73.2562,77.12979,75.15046,0
8184710.935245717,80512.10978895258,8039679.0,8318973.0,8163229.0,116.9556181751578,0.15791598898354342,116.6375,117.2624,116.9841,1500121.2332450405,218258.82046560224,971472.5,2235182.0,1480477.0,74.31237462071687,0.6483602116890878,72.1245,76.60572,74.356,0
8220917.342106731,57746.83770788758,8059628.0,8318973.0,8208452.0,117.0601759995539,0.18109258279047427,116.6765,117.4577,117.0215,1492004.061462109,220124.66644885004,978706.1,2332836.0,1480718.0,74.1224459817097,0.6167426998307529,71.82069,76.05886,74.12332,0
8300948.160820833,212219.87691991447,8059628.0,8809134.0,8210631.0,117.27692531087939,0.38886334033726155,116.4812,118.1218,117.254,1498678.2836112196,217072.3893823991,1009087.0,2298115.0,1484431.0,74.16697832487593,0.7887700221093813,71.9726,77.64627,74.05902,0
8668284.884669164,108775.07395891708,8418720.0,8837662.0,8675737.0,117.81089468091056,0.2512944846614508,116.989,118.5515,117.7217,1541913.2339728172,253464.98067141004,946878.2,2295221.0,1523830.0,76.6559158157615,0.6309916429049425,74.12965,78.66403,76.68699,0
8780802.145712694,78610.46328655793,8615447.0,8897511.0,8797762.0,117.9431712806236,0.1694771828336415,117.6531,118.278,117.9253,1541828.3840423163,250215.80131410598,959175.4,2366834.0,1516874.0,77.7774910551225,0.6414926304953193,75.0259,80.34259,77.80035000000001,0
8502346.02602709,63329.13807074322,8358871.0,8638166.0,8498519.0,117.53368956117767,0.14984649166112998,116.9109,117.8484,117.5564,1526185.4854863987,245347.7792883154,993896.7,2400109.0,1506795.0,76.14900141441844,0.6425931844833634,73.70432,78.20073,76.11962,0
8619655.637232438,68281.85750853279,8478569.0,8717964.0,8638166.0,117.23933557815906,0.13020213760571372,116.989,117.4577,117.2885,1540508.6531101547,259194.0558231359,955558.6,2383471.0,1518718.0,77.02666797406806,0.5619261748120906,75.07147,79.20331,77.03865,0
8384725.870897643,49260.22410646167,8299023.0,8478569.0,8358871.0,117.02321053100798,0.04579579637294024,116.8718,117.1843,117.0203,1517581.1455062127,252715.24615237972,954835.2,2327773.0,1490604.0,75.91353985735776,0.5450179486363406,74.26637,78.02603,75.89556,0
8227347.31887798,44075.92330250656,8139426.0,8318973.0,8224172.0,117.07007024964936,0.16046595912880215,116.5203,117.3796,117.0333,1500400.0540364655,228715.8017852137,983046.2,2271350.0,1481441.0,74.6549319887798,0.5017673405026553,72.65617,76.33229,74.64082,0
8254133.304894785,82673.80260326511,8159376.0,8590556.0,8226876.0,116.98989397301007,0.24179702735221392,116.2859,117.614,116.9764,1485185.7317417657,223522.24260945077,933134.5,2295945.0,1461115.0,74.40766719121685,0.4448373033913656,72.90681,76.02088,74.39302,0
8603104.155446757,101478.91804013499,8418720.0,8777813.0,8602257.0,117.58093054968289,0.21973436657007983,117.3015,117.9655,117.4805,1547136.839790809,255304.27184923235,972919.2,2367557.0,1524095.5,76.58460461945032,0.6721736845675803,73.8942,79.09697,76.61483,0
8448228.269320713,101440.31347920571,8239175.0,8598267.0,8478527.5,117.41784051224944,0.1952591906153341,116.6765,117.7702,117.4005,1507900.6678897552,239631.92251635628,949771.7,2341516.0,1482803.5,75.82342408184854,0.630518052402029,73.93218,78.18553,75.79182499999999,0
8417739.819445996,61402.09224760618,8279073.0,8515144.0,8438670.0,117.16877991734614,0.10694102011223737,116.7937,117.3796,117.1622,1509853.7293588743,237932.128411449,946878.2,2335729.0,1492991.0,75.57100895956663,0.5119948912748061,73.67394,77.47158,75.57522499999999,0
8214446.485467706,79689.39191425825,8039679.0,8299023.0,8249472.5,117.05718492204899,0.1739679126122998,116.6765,117.3406,117.0281,1500721.457806236,221651.93301045249,954835.2,2303902.0,1486300.0,74.4665831787305,0.6726089354808906,72.35236,76.87915,74.5312,0
8201094.843995071,42129.16772420632,8119477.0,8279073.0,8202103.0,117.05135486220031,0.14257877217778486,116.7156,117.3796,117.0383,1484650.0669000673,218222.3286244484,969302.5,2287264.0,1462176.0,73.96399449249382,0.4732701231816219,71.87386,75.68669,73.99016,0
8222452.818960721,83294.55767041101,8119477.0,8478569.0,8189301.0,117.15964806387004,0.3139161867122408,116.364,117.9655,117.03005,1496511.2265494603,220618.67114890466,940368.0,2321986.0,1477390.0,73.77841787971515,0.4271896961446847,72.11691,75.45123,73.763945,0
8548541.693685675,84990.48241101776,8358871.0,8658115.0,8578317.0,117.51651265090403,0.18342402474372643,117.3015,117.9655,117.4146,1525432.2201668986,247921.99482435785,953388.5,2426873.0,1493980.0,75.7391449852573,0.6075586035273512,72.99036,78.17795,75.75504,0
8580154.319552014,169171.0290685943,8219225.0,8777813.0,8638166.0,117.57430071321113,0.2824140340872619,116.6375,118.239,117.6452,1531919.3686577145,254190.5354167462,957728.7,2345133.0,1513269.0,76.12053917534963,1.103622796310662,73.37772,79.03621,76.26355,0
8715823.84369598,70590.03892538555,8518468.0,8817712.0,8729749.0,117.58182143534266,0.3010675791070774,116.9499,118.1609,117.5595,1539264.0799698879,260706.13312418057,943261.4,2390705.0,1513510.0,77.33295468242905,0.7433438682151381,75.14742,79.87169,77.36556,0
8569837.149333632,89475.99782654562,8418720.0,8717964.0,8557038.0,117.3476320136062,0.11471994833217684,117.0281,117.614,117.3406,1542572.696726705,255077.47061747324,933134.5,2459424.0,1526217.0,76.91034856577261,0.6808948144611044,74.3803,79.14255,76.92269,0
8570669.4035605,113936.10201511218,8318973.0,8717964.0,8612717.0,117.38988084005562,0.2911786038465149,116.7156,118.1218,117.3798,1523934.562147427,249999.82187762656,937474.5,2353814.0,1508145.0,76.5863178013908,0.8154393628203643,74.25118,79.12735,76.62344,0
8570161.767059743,89134.20354175984,8398771.0,8698015.0,8578317.0,117.282131783379,0.24009375245368672,116.7546,117.6531,117.3393,1541184.406186777,253161.2419113658,930241.0,2369727.0,1516645.0,76.52524288883922,0.6709009938713159,74.5398,78.78557,76.56014,0
8582808.939826164,32419.314092415836,8498519.0,8658115.0,8578317.0,117.47090698127926,0.15641310706988532,117.0281,117.7702,117.4486,1529343.7454368174,239277.80886726562,969302.5,2324156.0,1510122.5,76.62091106474259,0.4448611340429228,74.71449,78.49695,76.60483,0
8378078.879440138,82934.16860696039,8219225.0,8558368.0,8371748.0,117.32538959460213,0.148486646947767,116.989,117.5359,117.3581,1521837.6351196119,227968.10756165444,962068.8,2388535.0,1512594.0,75.55718982211565,0.6634568400725346,73.35493,77.66146,75.58086,0
8123868.907013442,41379.25016521134,8079578.0,8239175.0,8107794.5,116.81194425482173,0.0967987578259327,116.692,116.989,116.7748,1481887.8179905312,223264.2619916556,972919.2,2306072.0,1451904.0,73.72873138114441,0.5793532140334189,72.04855,75.91455,73.69014,0
8272227.416894188,302821.26567424537,7939931.0,8897511.0,8113081.0,117.29584711093777,0.5599155845719274,116.325,118.1999,117.3463,1470337.6258037554,228909.89807834598,917220.5,2313305.0,1450891.0,73.87623030032874,1.3981276687354651,71.11433,78.47415,73.39671,0
8653666.920615315,119883.01616022267,8418720.0,8857611.0,8658115.0,117.70382566247474,0.3360396348364196,116.9109,118.5124,117.65559999999999,1559609.6181394567,248255.90462299416,971472.5,2384918.0,1538370.0,76.81666783516731,0.6916371238487441,74.78285,78.89189,76.80225,0
8872696.896930804,29133.035636438137,8791198.0,8917460.0,8880885.0,117.68211980468753,0.11200263609775714,117.4577,117.9655,117.6596,1565960.0573549108,270167.0945402947,972195.8,2430490.0,1546134.0,78.13134545312501,0.6146727449948433,76.01328,80.31221,78.16325,0
8658715.706145752,69936.71554134144,8518468.0,8797762.0,8638166.0,117.63876800626889,0.04866605514285331,117.4187,117.7702,117.6517,1537088.5076346134,255018.18005718442,969302.5,2348750.0,1523046.5,77.19412022109033,0.627346069691802,75.04868,79.18811,77.14194,0
8530157.924692418,45288.35703420421,8438670.0,8598267.0,8520131.0,117.20576411444921,0.26636123008247226,116.7156,117.6531,117.1586,1521880.5073819743,240682.50624311695,957005.3,2274244.0,1513221.0,76.42135219170241,0.4894944542201987,74.84361,78.61087,76.41634,0
8398168.370089708,65011.074023282774,8279073.0,8518468.0,8410242.0,117.1619118738508,0.20713933665239231,116.7546,117.5749,117.0604,1494649.3331085977,227979.8448918981,968579.1,2238799.0,1472520.0,75.52409540647463,0.5078270626342348,73.63596,76.87155,75.52136,0
8553509.901932314,43776.39080292671,8458620.0,8618216.0,8559469.0,117.2978214453256,0.11932602768814127,116.7156,117.5359,117.3139,1529232.7142857143,256563.66844790452,949771.7,2382025.0,1512986.0,76.320767774489,0.5214298184122572,74.34992,78.20073,76.30798,0
8395159.172271715,63214.983002715235,8219225.0,8478569.0,8416454.0,117.45284337973274,0.2371539585462803,116.8328,118.0437,117.39295,1509523.0915478843,230208.30112511426,928070.9,2277137.0,1500405.5,75.56774458853008,0.6342245329139667,73.77267,77.38044,75.576965,0
8322776.598270089,64182.46677594105,8219225.0,8458620.0,8299023.0,117.16445788504467,0.10499985724795334,116.989,117.4577,117.1746,1505508.9532366071,225730.49381566138,1001130.0,2314029.0,1486746.0,75.06805264118303,0.5656896256990221,73.05872,76.82598,75.05387,0
8175783.773115951,46929.29301883957,8099527.0,8279073.0,8159376.0,116.93055917797287,0.12875513336966776,116.6765,117.1843,116.9727,1495688.2713259605,220597.47527808172,926624.2,2288711.0,1484335.0,74.2605422699806,0.4642472254157602,72.33717,75.80062,74.26283,0
8078167.977352991,49794.41067609606,7973385.0,8139426.0,8099527.0,116.74089515667919,0.10164365510240896,116.5619,116.989,116.7106,1481011.5363921742,219635.65853020197,962792.2,2267010.0,1457016.0,73.35720392118392,0.4621312857297002,71.71436,74.88159,73.37329,0
8011306.501619569,50136.95618568155,7919981.0,8099527.0,8019729.0,116.70625896906064,0.1801827510277213,116.325,117.0671,116.6375,1484368.3280464648,210847.98580521194,993173.3,2278584.0,1469711.0,72.99116387467888,0.4365659718566135,71.53967,74.84361,72.99144000000001,0
8588340.12271715,501399.3748193801,7880082.0,9136905.0,8819319.5,117.84318244988866,0.6839125850628587,116.325,118.7077,118.238,1514691.0827060135,250211.00946318998,926624.2,2338623.0,1488807.5,75.38842905178173,2.852412675717191,71.08395,80.50209,74.436885,0
8899008.255078126,74060.07697130066,8737914.0,9017208.0,8917460.0,117.88184566964286,0.08908626930542109,117.6531,118.1609,117.8748,1586291.8089118304,272877.51288794907,972919.2,2409512.0,1564736.0,78.42431918973213,0.5494986220771255,76.46141,80.61603,78.42978500000001,0
8585434.88794065,74781.09148706631,8458620.0,8737914.0,8578317.0,117.55974997211068,0.1429646325396328,117.0671,117.8093,117.55745,1559078.4837126283,253344.6875386034,961345.5,2444234.0,1536465.0,76.84264467983043,0.6955648628987496,74.63094,78.89949,76.83167,0
17507446.369060896,6658.0272756801305,17483360.0,17514260.0,17509950.0,110.06286662948916,0.055411250468102746,109.9381,110.2241,110.0497,10567500.976466652,12047.270897481312,10539980.0,10597480.0,10565670.0,,,,,,0
17488292.142075244,5069.783078051288,17481960.0,17510050.0,17486760.0,110.06076552975745,0.05045270780833516,109.9381,110.1856,110.0666,10534227.500853922,21842.744060034212,10502480.0,10599150.0,10525820.0,,,,,,0
17485779.29995254,1197.4641588431903,17481960.0,17488980.0,17485790.0,110.08535607670842,0.029585727740331247,109.9848,110.1883,110.0858,10528691.908361437,8468.949771172509,10510820.0,10557480.0,10526800.0,,,,,,0
17486825.579701833,1069.3282853162102,17483360.0,17490390.0,17486830.0,110.18979360091743,0.03636465191702696,110.0453,110.2378,110.1941,10536801.446077041,6460.348719191239,10512480.0,10556650.0,10537100.0,,,,,,0
16749833.04867872,1098.0665745264496,16746060.0,16753080.0,16749830.0,110.56701143254521,0.01925778832822596,110.5293,110.6255,110.5678,9266066.165006954,29331.362779534305,9197484.0,9320817.0,9275970.0,,,,,,0
16704105.367351625,1483.9702547769339,16699710.0,16708140.0,16704290.0,110.78446521639306,0.0528565798177383,110.5843,110.873,110.7936,9199234.453656318,35693.807310704964,9110818.0,9298318.0,9198091.0,,,,,,0
16696988.834320547,9016.536835839954,16678640.0,16708140.0,16701660.0,110.79346133762724,0.031495279365997574,110.6778,110.8703,110.7955,9221862.406696403,31677.193241607638,9141651.0,9312484.0,9215742.0,,,,,,0
16680596.643368375,1176.9523061925797,16677240.0,16684260.0,16680610.0,110.81231515880117,0.03519248862196748,110.6805,110.873,110.8146,9258275.596790427,15888.604806845946,9186651.0,9309984.0,9258772.0,,,,,,0
16681825.996157758,1105.1338199005788,16678640.0,16684260.0,16681880.0,110.84372407616681,0.02324469433246125,110.7658,110.8813,110.8499,9269837.89836488,17190.709911341528,9189984.0,9323317.0,9270287.0,,,,,,0
16681576.775489127,1024.8758323804996,16678640.0,16684260.0,16681660.0,110.82213029433703,0.03243603297349963,110.719,110.8758,110.8213,9307897.953236802,16953.641238727316,9246651.0,9362484.0,9308318.0,,,,,,0
16678391.914795091,5619.743269180109,16654770.0,16684260.0,16680125.0,110.82911724936328,0.02523338536888216,110.7575,110.8675,110.8307,9262767.411579184,33759.8468715056,9181651.0,9373317.0,9255591.0,,,,,,0
16667430.130626556,10422.417638728684,16654770.0,16684260.0,16660250.0,110.84008940285003,0.02680156807007318,110.7218,110.9088,110.8538,9202940.808157777,28667.434291626912,9104984.0,9319984.0,9201349.0,,,,,,0
16657489.572961863,1260.7484830096212,16653370.0,16660390.0,16657440.0,110.84979047156884,0.01660934175388293,110.7603,110.9033,110.8554,9250849.642447742,23608.671886231645,9177484.0,9324151.0,9252030.0,,,,,,0
16656983.347343644,2185.750956645064,16639320.0,16660390.0,16657250.0,110.8494253866846,0.02643289115243452,110.7273,110.906,110.8528,9294700.41907644,21271.960704733767,9215818.0,9374151.0,9294757.0,,,,,,0
16589214.35870292,1007.9749510300207,16585960.0,16592980.0,16589250.0,110.89305163249387,0.015454818282838668,110.8455,110.9528,110.8985,9373021.817249833,22524.621300376846,9339151.0,9423317.0,9364984.0,,,,,,0
16589112.420371506,1185.884501398498,16585960.0,16592980.0,16589130.0,110.88856630780387,0.020084728023630143,110.8428,110.9198,110.8972,9366803.003793161,14673.202777457815,9339984.0,9399984.0,9365666.0,,,,,,0
16589686.974356096,1053.1212029416836,16587360.0,16592980.0,16589630.0,110.86065415521014,0.027064280617498136,110.763,110.9143,110.8598,9352560.582627237,13171.193539193404,9326651.0,9385817.0,9349682.0,,,,,,0
16589081.085375406,1141.7368114200494,16580340.0,16591570.0,16589180.0,110.87100402260266,0.022725643555120637,110.7933,110.9088,110.873,9366692.618440192,13050.62036022013,9340817.0,9394984.0,9367863.0,,,,,,0
17028021.020100504,1128.6147914685378,17024130.0,17031150.0,17028010.0,110.49780806253489,0.03976242985330592,110.3148,110.5568,110.5014,9907788.219318816,14852.508717335679,9864984.0,9949150.0,9909075.0,,,,,,0
17028457.31044509,1079.9188789562083,17025530.0,17032550.0,17028480.0,110.52750549653321,0.025161636539506704,110.4028,110.554,110.5395,9936110.035674347,17179.1664689981,9889984.0,9974983.0,9934150.0,,,,,,0
17028050.912689563,1137.38302864446,17024130.0,17031150.0,17028060.0,110.48702726360392,0.04691938700526646,110.3065,110.5485,110.4913,9800330.812388493,15294.336642752052,9757484.0,9874150.0,9800400.5,,,,,,0
17027158.937038694,1098.4497851511237,17024130.0,17031150.0,17027180.0,110.45816704875868,0.0522508999752239,110.3065,110.5485,110.4534,9841812.138671437,12423.149715159894,9805817.0,9868317.0,9844454.0,,,,,,0
17027298.836935826,1057.60652620401,17024130.0,17031150.0,17027350.0,110.4993652144697,0.03490899605965273,110.356,110.554,110.5011,9823925.696718557,25087.186778463056,9782484.0,9878317.0,9811499.0,,,,,,0
17028451.532077163,960.0858877597827,17025530.0,17031150.0,17028530.0,110.53501068304172,0.0246874959578706,110.3588,110.5898,110.5433,9811308.96063257,8163.551153934223,9789984.0,9836650.0,9810817.0,,,,,,0
17028162.74221405,1038.0018818054355,17024130.0,17031150.0,17028070.0,110.52826492840828,0.025560017547244254,110.3506,110.5788,110.5386,9841829.3763998,12791.645194617946,9809984.0,9872484.0,9841878.0,,,,,,0
17027894.106078334,1117.0042799884557,17022720.0,17031150.0,17027860.0,110.5276991977269,0.027823585826813334,110.3588,110.6008,110.5403,9856808.379575463,8477.477936014553,9831650.0,9887484.0,9856650.0,,,,,,0
17750118.367745537,16877.566151370636,17717210.0,17795350.0,17749390.0,106.56122638113838,0.0014505533807718503,106.5567,106.5633,106.5614,9601500.961774554,86308.0730287968,9349984.0,9794150.0,9596158.0,68.15040610351562,0.4336326196895331,66.58681,68.94015,68.23626,0
17746194.62598425,13615.75406331117,17717210.0,17772370.0,17747090.0,106.55756387795275,0.0013094375393253664,106.5553,106.5598,106.5576,9598551.12443757,78211.11563098386,9389984.0,9753317.0,9593166.0,68.04907744797525,0.3666963104479373,66.88681,68.70015,68.124195,0
17746405.651808243,12912.149158641561,17714910.0,17770070.0,17747090.0,106.55298003924867,0.0013135565297718178,106.5507,106.5553,106.553,9598927.878329128,66473.14667898546,9429151.0,9736650.0,9588886.0,68.2141192500701,0.34868983036714785,67.06681,68.96014,68.26384,0
17745356.289414413,12627.176362073957,17714910.0,17770070.0,17746670.0,106.54837970157658,0.001307938968635761,106.5461,106.5506,106.5484,9597051.509994369,70340.4619968644,9428317.0,9723317.0,9588659.0,67.9811672677365,0.3227258407113631,66.98681,68.54681,68.063035,0
17745295.108450703,13592.621263486239,17717210.0,17772370.0,17746040.0,106.53373253521126,0.00896813586096404,106.5177,106.5461,106.5341,9598539.684929578,68433.4074409899,9434984.0,9717484.0,9590098.5,67.99180407887324,0.29832771986702594,67.06681,68.49348,68.05935500000001,0
17744797.51329415,13172.407766602972,17714910.0,17770070.0,17744790.0,106.50090993562833,0.009534940750278538,106.4844,106.5174,106.5009,9596059.676742233,59436.86101373245,9471651.0,9700817.0,9579340.5,68.06189146375594,0.25948478696154254,67.23348,68.50681,68.113395,0
17742337.44283911,13748.814320284435,17714910.0,17770070.0,17743330.0,106.46759378594473,0.009512148404664194,106.4511,106.4841,106.4676,9591679.609622668,52558.49469744613,9471651.0,9694150.0,9575817.0,68.10302026932249,0.23925923590058581,67.45348,68.54681,68.13348,0
17736400.64805723,11438.40568225767,17714910.0,17767770.0,17735800.0,106.43431694487305,0.009512243816036875,106.4178,106.4508,106.4343,9587478.532192454,49139.800175699136,9472484.0,9699150.0,9571575.0,67.98534835741339,0.21688232242504357,67.36681,68.47348,68.01083,0
17732329.712411,9280.649378750963,17710310.0,17767770.0,17731630.0,106.42544206338125,0.006927446800306241,106.4148,106.4378,106.4252,9586084.951277398,47591.701727477965,9478317.0,9686650.0,9568771.0,67.90897879938574,0.21104667002795932,67.23348,68.34682,67.92252,0
17731445.038516406,8451.734304903297,17710310.0,17767770.0,17730580.0,106.45069038516407,0.007081297590736049,106.4384,106.463,106.4507,9585657.166476462,51274.451790478866,9479984.0,9684984.0,9568090.5,67.8542949957204,0.23775920855016203,67.16681,68.30015,67.89363499999999,0
17740097.15564257,13281.064914047995,17701120.0,17772370.0,17738730.0,106.47563686197735,0.007223658906509243,106.4631,106.4881,106.4756,9588844.70899175,55243.32707905087,9457484.0,9698317.0,9573772.0,67.7876242050063,0.231196489603149,67.06681,68.20015,67.82545,0
17738228.517949436,12566.04383067903,17714910.0,17770070.0,17736850.0,106.5008161335382,0.00723185908151188,106.4883,106.5133,106.5008,9591268.594496438,30755.79776667441,9528317.0,9689984.0,9581954.0,67.83155366531638,0.1447538764298462,67.30015,68.17348,67.85777,0
20805658.02612482,10333.40918642806,20787670.0,20819850.0,20810660.0,106.366177023557,0.00510022030241325,106.3473,106.4148,106.3656,11522319.91235905,9288.738634178451,11496650.0,11546650.0,11521880.0,67.28769138048455,0.08462847152575284,67.16771,67.44353,67.28060500000001,0
20815302.723046765,2175.2340037497156,20810660.0,20819850.0,20815460.0,106.36947955194624,0.007910881759204513,106.3158,106.4103,106.3697,11553835.534024082,10968.709752324177,11530820.0,11579980.0,11553690.0,67.0927084659759,0.042953247999347646,67.01832,67.1671,67.0927,0
20815778.371573716,2381.6107356632174,20801460.0,20831340.0,20816300.0,106.36650794395132,0.011890493676050466,106.3158,106.3878,106.3698,11561255.768436331,16226.177981916113,11508320.0,11588320.0,11564230.0,67.01797273879306,0.033670720069814516,66.97,67.08846,67.01008,0
20796092.912599698,6410.218322803731,20787670.0,20819850.0,20794570.0,106.36817852083216,0.005970601870903178,106.3158,106.3923,106.3685,11520362.618662503,8932.437875189544,11495820.0,11541650.0,11522260.0,67.1600231061409,0.03208984504366323,67.09,67.19,67.17661,0
20796084.33990726,7457.893194116474,20785380.0,20819850.0,20794570.0,106.34118910553663,0.029683181192424576,106.2303,106.3878,106.3533,11511089.163640426,11735.137680226833,11479980.0,11539150.0,11513160.0,67.17852291357059,0.0035890637931721525,67.17231,67.18474,67.17852,0
20792500.60416899,2927.5220331348783,20787670.0,20812950.0,20792060.0,106.3513560472634,0.025452845280277168,106.3023,106.4193,106.3608,11515111.999219708,8189.579823815876,11487480.0,11547480.0,11514530.0,67.17941051945157,0.00704336576596167,67.17,67.19245,67.178765,0
20790695.481253497,20507.531439016955,20764690.0,20819850.0,20773880.0,106.37999114717404,0.031322936172836865,106.3068,106.4733,106.3698,11506416.504756575,27040.76460373563,11439150.0,11554980.0,11497445.0,67.20823527364297,0.010531878778953811,67.1927,67.2304,67.20633,0
20769808.760928884,2621.3760134245126,20762390.0,20776180.0,20770750.0,106.37738216851368,0.036375760880520344,106.3023,106.4778,106.3685,11492165.076571811,7221.36419420423,11465820.0,11514980.0,11492330.0,67.25855122459208,0.016200348181347284,67.23049,67.28661,67.25855,0
20767778.94483338,2356.484506492961,20757800.0,20776180.0,20766990.0,106.35955836460376,0.03916545948342687,106.2708,106.4598,106.3593,11486871.565387847,6958.63256584796,11462480.0,11509980.0,11486650.0,67.28934937888546,0.006702613406047051,67.27617,67.3,67.29004,0
20778940.963066593,9274.454624124332,20764690.0,20796870.0,20773880.0,106.37839120872971,0.023667405133437826,106.3203,106.4643,106.3685,11494629.039171796,6757.031431802056,11471650.0,11518320.0,11494910.0,67.2603611734751,0.009264404428013687,67.24264,67.27607,67.26055,0
20788295.26509861,3632.790745528755,20766990.0,20796870.0,20788720.0,106.34592474998604,0.030409246260237985,106.2258,106.4148,106.3575,11500855.25169004,6961.653395474567,11476650.0,11525820.0,11500820.0,67.2248989206101,0.008871246267201899,67.21,67.24226,67.22463,0
20792332.94401436,2810.7904155349593,20776180.0,20810660.0,20792060.0,106.36297660720297,0.029368412227384594,106.2753,106.4598,106.3644,11514499.547851453,8269.517444403402,11489150.0,11538320.0,11514750.0,67.22584295972176,0.026016246215689983,67.1715,67.26,67.235285,0
20808125.9804141,8382.788492214691,20785380.0,20817550.0,20811070.0,106.28495747621713,0.058666503988695023,106.1358,106.3698,106.3068,11528858.389479574,15861.857584503518,11475820.0,11555820.0,11532790.0,67.10571633128149,0.03639700023283213,67.05,67.17012,67.10484,0
20792460.327335913,2875.572156835586,20771590.0,20796870.0,20793320.0,106.37412137772547,0.018023116892447205,106.3368,106.4643,106.3671,11502017.227173366,4844.6136733449775,11486650.0,11517480.0,11501800.0,67.13389932458944,0.04105845386230287,67.06279,67.20501,67.1339,0
20792714.574479982,2305.7056530502045,20785380.0,20799170.0,20793320.0,106.36064718183852,0.01972483597879763,106.2753,106.4283,106.3653,11508024.593491388,4728.634722779901,11489150.0,11526650.0,11508320.0,67.22822604618653,0.024823810779364165,67.12448,67.26,67.23164,0
20802687.36445783,9618.345796817823,20787670.0,20819850.0,20802510.0,106.34240219210176,0.026510958973903567,106.2573,106.4148,106.3518,11522774.511936635,7853.099095274639,11500820.0,11547480.0,11522100.0,66.96181528056671,0.03914335678400053,66.9339,67.11809,66.94946,0
20804358.496622566,10955.627975397325,20785380.0,20817550.0,20810940.0,106.27879579076648,0.04123232728914659,106.1673,106.3698,106.2746,11537754.204767488,7917.553355244668,11512480.0,11559150.0,11537480.0,66.92141287556524,0.006661433478642397,66.91,66.93378,66.92134,0
20799738.12010736,12491.927643659808,20764690.0,20812950.0,20806270.0,106.20586150190114,0.06146890236404337,106.0773,106.3653,106.1898,11527196.12335048,26424.33033109741,11458320.0,11558320.0,11539830.0,66.97187544676807,0.02402910024903527,66.93014,67.01083,66.97194,0
20785434.38523221,9889.592521358614,20764690.0,20799170.0,20789970.0,106.35728553291013,0.016483297611617483,106.3023,106.3968,106.3632,11502429.52778706,6670.611088299356,11484980.0,11521650.0,11502030.0,67.02035431506849,0.0053999663687587076,67.011,67.02971,67.02036,0
20816174.260005623,2318.9989517548315,20799170.0,20822150.0,20817130.0,106.27261758365358,0.02794730046081546,106.2078,106.3248,106.2695,11543013.37801106,8142.009510276745,11524980.0,11570820.0,11541650.0,67.09025500609242,0.01574997140630003,67.05562,67.11,67.09604,0
20814048.414940074,2179.146557975648,20808360.0,20819850.0,20812950.0,106.23311363931991,0.02537056813220034,106.1634,106.3203,106.2273,11564795.12403605,8302.672655883614,11533320.0,11589980.0,11564570.0,67.07324708817244,0.011879638180629455,67.05267,67.09382,67.07325,0
20815829.356046423,2395.3282202155556,20810660.0,20822150.0,20816710.0,106.27044333582928,0.03730268378660303,106.1628,106.3248,106.2774,11574615.10670161,9412.355715642652,11548320.0,11600820.0,11574980.0,67.0322515855485,0.011792416920258245,67.01183,67.05267,67.03225499999999,0
20815481.973831777,2466.547948526239,20808360.0,20819850.0,20815880.0,106.27172844859813,0.03144382618398918,106.1943,106.3293,106.2708,11572931.823364485,16666.488962424737,11524980.0,11604980.0,11578160.0,66.99601694485982,0.007288726981194911,66.98461,67.01135,66.99526,0
20813395.458527494,2063.589268852531,20808360.0,20819850.0,20812950.0,106.23356783783782,0.02941533248087033,106.1358,106.3203,106.2294,11573603.699906804,10974.677743838643,11539150.0,11599980.0,11574220.0,66.97373894221809,0.006168492673543772,66.96306,66.98442,66.97374,0
20814267.614953272,5059.958310490143,20808360.0,20842830.0,20812950.0,106.18146699999998,0.025778649204503946,106.1223,106.2708,106.1733,11599468.342990654,9356.302776078308,11575820.0,11627480.0,11598770.0,66.96118674672897,0.009367086868841077,66.95,66.98684,66.95866,0
20816615.06137251,3718.027536873385,20810660.0,20840530.0,20817130.0,106.2440857820346,0.02973773838669148,106.1628,106.3203,106.2504,11578473.95015808,22386.84194170486,11535820.0,11624980.0,11568850.0,67.03399973777199,0.026914847285030245,66.98739,67.08061,67.034,0
20937879.16547992,11288.751388677125,20923270.0,20957740.0,20932000.0,105.50227998670843,0.028164859468618058,105.4383,105.6003,105.5013,11864474.368176209,11101.779486155823,11827480.0,11902480.0,11864450.0,64.98046563182379,0.02943356692708025,64.92949,65.03144,64.98047,0
20931532.77221109,12770.336879083288,20904880.0,20957740.0,20930170.0,105.53694097719249,0.022741651244279147,105.4833,105.6228,105.5418,11848506.909056207,19145.393933141113,11804980.0,11906650.0,11844530.0,64.9144886143716,0.015090484653381184,64.89,64.94588,64.91354,0
20925233.899073716,9683.936053038711,20904880.0,20937060.0,20930170.0,105.55278379969123,0.02851449668632723,105.4878,105.6498,105.5479,11842480.957159398,11948.126093981195,11799150.0,11879980.0,11842250.0,64.99201366943265,0.025081065535159982,64.94858,65.03545,64.992015,0
20930659.265166618,5186.157902863021,20904880.0,20950850.0,20932460.0,105.5509095319472,0.026455622723695334,105.4519,105.6498,105.5486,11852493.459603151,11881.12439361037,11814980.0,11889980.0,11852790.0,64.97117379474032,0.04053265608737199,64.90096,65.04,64.97118,0
20931738.72364143,2487.2904370442816,20925570.0,20948550.0,20932080.0,105.52505145378541,0.025173536109701702,105.4383,105.6003,105.5351,11857070.863910822,10926.2669887276,11817480.0,11897480.0,11856950.0,64.82560617742685,0.04144572545589825,64.75383,64.89738,64.82561,0
20945984.59727737,9734.226047766799,20925570.0,20957740.0,20950850.0,105.47885669313669,0.023743386496030198,105.4293,105.5553,105.4878,11870593.850444319,13643.293608127904,11819150.0,11915820.0,11870590.0,64.70422704386463,0.019963659042702205,64.69,64.75335,64.69,0
20937601.667616874,12855.240446617558,20904880.0,20966940.0,20932460.0,105.51916108893957,0.04318018296273955,105.4383,105.6228,105.5103,11853559.942037249,26771.121944134833,11782480.0,11931650.0,11847480.0,64.73842835898898,0.06694772176132463,64.69,64.90143,64.69,0
20888689.899758678,14482.3774842714,20858920.0,20934760.0,20887360.0,105.66222933914979,0.0483708999630117,105.4878,105.7398,105.6814,11772984.780954149,27118.635705847435,11709150.0,11881650.0,11768730.0,65.05776873955818,0.05899620459772885,64.91358,65.14175,65.06761,0
20882016.65697129,6647.9648319510625,20858920.0,20891090.0,20884200.0,105.67498588853444,0.019547803165057512,105.5823,105.7398,105.6814,11776194.73165697,13232.431891954773,11723320.0,11829980.0,11776350.0,65.21547520078813,0.04235273518521758,65.14213,65.28882,65.215475,0
20887252.062901273,1582.341349762769,20879600.0,20891090.0,20887650.0,105.61900724853449,0.033941775154331374,105.5328,105.6948,105.6296,11788821.066344095,13479.270148879801,11739980.0,11838320.0,11788920.0,65.27865963524704,0.028358896568274464,65.22417,65.32,65.28387,0
20887803.48078182,3124.0319450131215,20879600.0,20911780.0,20887650.0,105.60835143551856,0.033501082519411786,105.5103,105.6948,105.6003,11802042.733564014,14694.750884375853,11746650.0,11859980.0,11802480.0,65.16416138782381,0.03430295522009314,65.10475,65.22356,65.16416,0
20897341.090432994,16441.1733838466,20840530.0,20914080.0,20905650.0,105.62120386233985,0.03068076819576837,105.5328,105.7353,105.6262,11805190.249696063,33671.35129567035,11679150.0,11872480.0,11814070.0,65.05025425792574,0.029376537087303794,65.0,65.10355,65.04987,0
20848374.899590924,7961.4192109388805,20835940.0,20868110.0,20844360.0,105.71261370397919,0.02027067369372595,105.6678,105.7803,105.7218,11732587.207140202,18005.96121006389,11668320.0,11789150.0,11732790.0,65.28114254183711,0.07323923148350474,65.08604,65.33,65.32673,0
20843145.94053799,1809.6473085656235,20835940.0,20863520.0,20842830.0,105.69204662576686,0.02104973162128646,105.6228,105.7398,105.6836,11738020.86172723,14745.646632910244,11693320.0,11792480.0,11737860.0,65.32282993959414,0.0017159877469388122,65.32,65.32594,65.32269,0
20824655.15395414,9122.301201410808,20812950.0,20863520.0,20821000.0,105.72717095928871,0.014732569921715215,105.6633,105.7848,105.7316,11707338.858212447,16867.271711948495,11651650.0,11784150.0,11706270.0,65.33903949649041,0.009062020580748375,65.32335,65.35474,65.33904,0
20834464.132462688,8792.60297576652,20812950.0,20845130.0,20839380.0,105.68285741604477,0.03170416524220469,105.5373,105.7443,105.6843,11724361.259328358,13414.22511208489,11675820.0,11776650.0,11724750.0,65.37081901212687,0.009091695839810357,65.35507,65.38657,65.37082,0
20845520.35955925,6542.787575405573,20835940.0,20868110.0,20842830.0,105.69422342934467,0.018204469202879738,105.6318,105.7443,105.6894,11749462.982795283,15268.829130646318,11695820.0,11811650.0,11749750.0,65.3757781693408,0.02266215590854353,65.3245,65.4,65.387625,0
20862523.380360126,5146.317989648393,20835940.0,20881900.0,20864090.0,105.69403394282531,0.020245329910629908,105.6228,105.7578,105.6885,11762202.177464265,13986.08400987167,11712480.0,11814150.0,11762480.0,65.25062599870058,0.037962943923195054,65.2,65.31863,65.249135,0
20878302.925826803,9829.288451150773,20858920.0,20891090.0,20881900.0,105.72703889313708,0.01431876083339881,105.6723,105.7848,105.7286,11776434.196138406,15206.459251330876,11716650.0,11821650.0,11776950.0,65.20000000000002,1.421153392919284e-14,65.2,65.2,65.2,0
20887421.670233555,1783.4010256387567,20881900.0,20891090.0,20887650.0,105.74029359821346,0.018622894108001966,105.7128,105.7983,105.7335,11792794.339815762,15385.526510917514,11729980.0,11849150.0,11792860.0,65.20000000000002,1.4211515915840502e-14,65.2,65.2,65.2,0
20894126.496112123,9876.594176616692,20879600.0,20911780.0,20888800.0,105.7435241624268,0.021659102901775956,105.6948,105.7983,105.7337,11804129.903043102,17805.908558377265,11730820.0,11857480.0,11806020.0,65.19883471728906,0.0015966270067911351,65.19497,65.2,65.2,0
20886709.429026812,1894.4343588194347,20875010.0,20891090.0,20887190.0,105.74167296081005,0.020733887415992632,105.6768,105.7983,105.7331,11775110.420026252,18692.693662344904,11708320.0,11838320.0,11775660.0,65.17776508250516,0.0032077662962101054,65.17221,65.18332,65.17776,0
20902578.870285016,8721.328140137337,20879600.0,20911780.0,20906260.0,105.72732330919013,0.019425985554608994,105.6678,105.7893,105.732,11812462.568902267,15342.184922861214,11759150.0,11871650.0,11813240.0,65.1494529602107,0.0168406507845411,65.11898,65.17207,65.15036,0
20907408.90253189,1954.1457716671432,20893390.0,20916380.0,20907180.0,105.6963838568437,0.028700501253726536,105.6003,105.7533,105.6892,11831171.129830573,17275.530202242073,11769150.0,11885820.0,11832480.0,65.08696791071769,0.017905215204575352,65.05596,65.11797,65.08697,0
20907823.60832474,2162.980760275338,20902590.0,20925570.0,20907600.0,105.71869003468643,0.02553653734207337,105.6678,105.7893,105.7263,11836967.222274303,12548.452578047434,11789150.0,11878320.0,11836720.0,65.02397536795725,0.016517373572764036,65.0,65.05421,65.02274,0
20906869.54588103,19268.608842916055,20879600.0,20934760.0,20908330.0,105.70157762244322,0.0573856107291116,105.5779,105.7893,105.6926,11821205.431600675,32308.91633723461,11734980.0,11894150.0,11814790.0,65.04335085194221,0.019807705803597565,65.00993,65.07899,65.04265,0
20887939.83647916,7620.873868106057,20863520.0,20911780.0,20885495.0,105.69271556718371,0.04577889008642282,105.5733,105.7893,105.6881,11797946.157727528,21904.534441966847,11721650.0,11848320.0,11803770.0,65.11754904410391,0.021682824922484568,65.08,65.1551,65.11755,0
20883025.131135255,2362.616957270729,20877310.0,20888800.0,20882820.0,105.6965291869614,0.021170419744616163,105.6228,105.7398,105.6881,11779442.285500187,11005.054064961283,11739980.0,11818320.0,11779910.0,65.1932535996628,0.021630161286935082,65.15579,65.23071,65.193255,0
20862464.43515823,30207.384267697602,20812950.0,20891090.0,20883740.0,105.78065215513193,0.05686055341828657,105.6273,105.9243,105.7803,11747945.025824022,50072.35727574337,11646650.0,11819150.0,11777790.0,65.41656229317307,0.11938222327716172,65.23159,65.58205,65.42431,0
20819402.777520172,1428.4579477347477,20812950.0,20833640.0,20819270.0,105.82698580172493,0.01618251171555976,105.7668,105.8883,105.8247,11702210.404340165,9014.101435680417,11658320.0,11734150.0,11702480.0,65.66731131410553,0.047880642734433966,65.58439,65.75023,65.66731,0
20818962.29857156,2163.0647373142006,20812950.0,20840530.0,20818700.0,105.82769524787602,0.02233937902224718,105.7623,105.9198,105.8242,11711997.246755673,10005.401257039255,11679980.0,11746650.0,11712180.0,65.8087038073009,0.024769855898384444,65.75051,65.84,65.81619,0
20839321.291674428,5254.954113844561,20812950.0,20845130.0,20841235.0,105.82829336934253,0.019304231857231662,105.7623,105.9198,105.8253,11728477.276029056,10393.00084286875,11691650.0,11761650.0,11728320.0,65.77529936114733,0.019376520374642964,65.74174,65.80885,65.7753,0
20841741.754787084,2180.348970831447,20829040.0,20847430.0,20841910.0,105.79507443078974,0.022592960818505568,105.7218,105.8658,105.7848,11733406.16080785,9040.27587143268,11700820.0,11761650.0,11733850.0,65.70854592740784,0.01894165417638982,65.67574,65.74135,65.70855,0
20837514.30403621,2084.97351279814,20831340.0,20842830.0,20837470.0,105.73407589588837,0.019461092284132942,105.6678,105.7848,105.7308,11741815.223500567,8633.54849263484,11710820.0,11768320.0,11741880.0,65.67370819690683,0.0088773702931758,65.66,65.69099,65.672315,0
20837364.1081232,2080.4556859922145,20831340.0,20842830.0,20837320.0,105.74172810086534,0.024333902866793804,105.6678,105.8073,105.7308,11740395.64436587,8580.477014744298,11709980.0,11769150.0,11740820.0,65.71156727272728,0.01146055786178068,65.69172,65.73141,65.71157,0
20829564.60168784,9489.535268922851,20810660.0,20858920.0,20833640.0,105.75363601966058,0.036020683697699174,105.6633,105.8253,105.7623,11732556.93313549,18669.178509945414,11681650.0,11778320.0,11730440.0,65.74710399795975,0.007811694956172473,65.73161,65.76,65.74748,0
20838652.456499487,2286.264998760505,20819850.0,20845130.0,20838240.0,105.74582556992651,0.023388950651932947,105.6993,105.8073,105.7556,11743021.143574951,10280.802659184319,11714980.0,11778320.0,11742100.0,65.70694651623708,0.019392897121687933,65.67336,65.74053,65.70695,0
20858676.36200886,9345.086077475988,20835940.0,20868110.0,20863520.0,105.77456736078395,0.025015898287851144,105.7083,105.8568,105.7736,11772192.096485442,9645.643444228332,11740820.0,11803320.0,11774000.0,65.63985817016867,0.019151111712414945,65.60669,65.67303,65.63985,0
20862937.40022276,6505.072218430416,20854320.0,20886500.0,20861220.0,105.7180701874884,0.012109284328061068,105.6633,105.7758,105.7185,11783339.497865232,6891.6322991795405,11763320.0,11804980.0,11783690.0,65.56246599405978,0.02914056309284068,65.50797,65.60551,65.56596,0
20881852.810977895,5750.695950898215,20856620.0,20888800.0,20883050.0,105.72202754777072,0.022863319463292908,105.6633,105.7848,105.7218,11795387.437242413,7329.154144018743,11769150.0,11817480.0,11795510.0,65.45021757212439,0.03317989655368592,65.39275,65.50768,65.45022,0
20880449.942953333,1434.0812023686278,20875010.0,20886500.0,20880750.0,105.63126753951185,0.05564860206678173,105.4833,105.7353,105.6285,11811231.903114187,7720.155925691341,11792480.0,11834150.0,11811650.0,65.33385797437576,0.03323273086746794,65.27631,65.39141,65.33385,0
20881391.53219697,1928.1609332793716,20877310.0,20888800.0,20880910.0,105.70246633522726,0.026062005009975055,105.5868,105.7803,105.71575,11807381.089015152,7041.654629559246,11788320.0,11825820.0,11807030.0,65.25387993087122,0.010426170528180985,65.23599,65.27514,65.2538,0
20890798.006385576,10050.244711537745,20877310.0,20909480.0,20885730.0,105.6935695839985,0.02516647822864399,105.6183,105.7398,105.6831,11826714.70184994,8748.08893952054,11801650.0,11853320.0,11825820.0,65.21721814536576,0.010370328927172677,65.19926,65.23518,65.21722,0
20948653.86192818,2004.303213631659,20934760.0,20955450.0,20948550.0,105.6200224830658,0.0500913474420771,105.5193,105.7398,105.6228,11891368.685162846,7296.289765740741,11872480.0,11909150.0,11892940.0,64.85080804954997,0.012614747036661307,64.82896,64.87266,64.85081,0
20951369.115334205,2115.385340552245,20946250.0,20966940.0,20950850.0,105.71873006927542,0.014966144866292113,105.6633,105.7443,105.7218,11900988.44223928,5574.4384990767385,11884150.0,11914150.0,11902180.0,64.80708714660176,0.012708625962080318,64.78315,64.82887,64.80721,0
20952225.118980702,2111.952690621159,20946250.0,20969240.0,20952000.0,105.72478209668351,0.010939421828271446,105.6678,105.7533,105.7263,11902078.461682593,4268.59092500554,11888320.0,11915820.0,11902480.0,64.74904828555368,0.019261852775954956,64.71569,64.78241,64.74905,0
20955690.30991927,7298.863439840736,20946250.0,20978430.0,20953150.0,105.69111490210634,0.019782793591946082,105.6228,105.7443,105.6858,11909892.567504872,5931.977226022858,11892480.0,11927480.0,11910290.0,64.68121687482602,0.019447705811607464,64.64754,64.7149,64.68121,0
20966029.577161074,10372.331304458567,20948550.0,20980730.0,20971530.0,105.71126573223327,0.021991188034321783,105.6633,105.7443,105.7218,11913648.508344272,5462.665898787654,11896650.0,11928320.0,11914220.0,64.62048440558783,0.012305871648360557,64.61,64.64738,64.61405500000001,0
20975243.002054922,2034.618895718103,20969240.0,20980730.0,20975270.0,105.68790226975528,0.022591821865710873,105.5823,105.7398,105.6836,11926534.318139361,4659.560134961607,11911650.0,11940820.0,11926500.0,64.60999999999999,1.4211518448170546e-14,64.61,64.61,64.61,0
20983410.734802008,8791.809657781041,20971530.0,21003710.0,20979580.0,105.62750941160068,0.03060053463493446,105.5328,105.6993,105.6341,11957508.608477412,4961.892662213362,11939980.0,11976650.0,11957480.0,64.04582261433353,0.0014378187395589722,64.04333,64.04831,64.04582,0
20997632.08917555,1624.0600043317183,20978430.0,21003710.0,20997960.0,105.61595524397083,0.026835066425371482,105.5328,105.7083,105.6093,11965000.253785754,4707.159389897163,11951650.0,11979150.0,11964980.0,64.05080583707235,0.0014298084469672792,64.04833,64.05328,64.0508,0
20997976.07672921,1372.7626254644545,20989920.0,21003710.0,20997960.0,105.63414312517502,0.02476261043246614,105.5508,105.6948,105.6363,11973084.488938672,7022.370999342408,11955820.0,11994150.0,11973090.0,64.0558091374965,0.0014318283914764329,64.05333,64.05829,64.05581,0
20997617.066685423,1314.0714631947828,20994520.0,21003710.0,20997820.0,105.62779189645471,0.02872845457112699,105.5373,105.6993,105.6333,11981313.556308214,5430.34619649951,11962480.0,11999980.0,11981720.0,64.04619377039955,0.013343574528403594,64.01915,64.06,64.05,0
20996771.16739161,1408.7363778693862,20992220.0,21003710.0,20996820.0,105.54477162901642,0.029694399320791418,105.4519,105.6408,105.5441,11989947.451943314,3977.0611332778326,11973320.0,12003320.0,11990210.0,63.98741045039989,0.017862721980421895,63.95648,64.01834,63.98741,0
20996891.78975665,1395.794866115667,20992220.0,21003710.0,20996820.0,105.52902715053764,0.024808203919661393,105.4519,105.6093,105.5362,11985622.393887946,6003.009033875582,11969980.0,12004150.0,11986190.0,63.92515883842671,0.01771486045723513,63.89448,63.95584,63.92516,0
18279049.552031163,8405.8152858041,18273810.0,18293760.0,18273810.0,118.54862136338342,0.013992888943571168,118.5124,118.5905,118.5515,2492270.950862549,2086.9262523075963,2488657.0,2495885.0,2492271.0,79.60020096716751,0.16094898720010178,78.87022,79.81194,79.61891,0
18273091.937897913,3005.7851968853784,18253860.0,18273810.0,18273810.0,118.58129449346586,0.018998425892048375,118.5515,118.6686,118.5866,2498265.356360996,1056.8570191098186,2495923.0,2499932.0,2498356.0,79.98941310957221,0.09017976563106853,79.81398,80.09756,80.00632999999999,0
18266253.542445723,6633.897936671086,18253860.0,18273810.0,18267080.0,118.61188321147515,0.025527446814319517,118.5905,118.7468,118.6049,2494614.698107942,1618.9403536303432,2491842.0,2497420.0,2494614.0,80.13921235084,0.023823148782794002,80.09795,80.18047,80.13921,0
18257447.096286338,5902.934331814653,18253860.0,18273810.0,18253860.0,118.64379547975132,0.01488998994797184,118.5905,118.7077,118.6423,2489562.7499019774,1294.481823671825,2487321.0,2491805.0,2489563.0,80.20737384193133,0.010979513607937275,80.18115,80.22307,80.20924,0
18249710.34021939,6167.758584189953,18233910.0,18253860.0,18253860.0,118.67296733671141,0.022848149881020408,118.6296,118.7077,118.6752,2487002.448243221,1840.0250765425712,2484742.0,2491846.0,2486513.0,80.23647832618742,0.007274897542324588,80.22314,80.24722,80.23705,0
18243792.26921786,8927.034335839859,18213960.0,18253860.0,18244950.0,118.67649795233301,0.030126242470180673,118.6296,118.7858,118.6686,2498653.864272127,3122.5994698753166,2491963.0,2502477.0,2500005.5,80.2243748271232,0.010265517792238402,80.2066,80.24216,80.22437,0
18236488.814533684,11612.666716889627,18213960.0,18253860.0,18237790.0,118.71779796840988,0.026578350649859844,118.6686,118.7858,118.7149,2504977.91058771,1430.556703276147,2502500.0,2507455.0,2504978.0,80.20828860077022,0.015163168598255557,80.18993,80.24408,80.20309,0
18231574.34700245,11115.853624797655,18213960.0,18253860.0,18230590.0,118.73901752284377,0.027322229108107523,118.7077,118.8249,118.7351,2503521.347559617,2913.0785052351907,2498387.0,2507889.0,2503576.0,80.29489279529753,0.02916541612886012,80.24438,80.34541,80.294895,0
18231800.23134954,9390.714145519487,18213960.0,18253860.0,18233910.0,118.77184108410168,0.013589476289362528,118.7468,118.8249,118.7735,2493314.0022352613,2771.873187318637,2489004.0,2498326.0,2493152.0,80.36289878457671,0.007464622930070075,80.346,80.37553,80.36304,0
18233614.35548842,3633.023442138331,18213960.0,18253860.0,18233910.0,118.78271249860131,0.020699126450922454,118.7468,118.8249,118.7851,2485405.6445675283,2048.586826696022,2481858.0,2488954.0,2485406.0,80.38136160736266,0.007545559148355098,80.36034,80.39222,80.38235,0
18238255.124672282,6225.555624762859,18233910.0,18253860.0,18233910.0,118.80380022312711,0.02136285631615765,118.7468,118.8249,118.8086,2479459.18346628,1101.259950718813,2477687.0,2481828.0,2479384.0,80.31273997210911,0.027259897176732394,80.26553,80.35995,80.31274,0
18236390.72387104,6236.353911694703,18213960.0,18253860.0,18233910.0,118.74618361267329,0.016812737216473563,118.7077,118.8249,118.7468,2476271.187148505,675.0416828069048,2475338.0,2477678.0,2476080.0,80.234988586781,0.01276610890397681,80.21662,80.2653,80.23289,0
18232493.252209913,4103.12278743855,18213960.0,18233910.0,18233910.0,118.7657083137518,0.025006764982510695,118.7077,118.8249,118.7546,2478254.717914289,1714.2132351591174,2476177.0,2481925.0,2477485.5,80.20163244880833,0.007921437018903278,80.18858,80.21639,80.201125,0
18233051.6971221,3267.818305716748,18213960.0,18233910.0,18233910.0,118.80986845487566,0.014369505068458206,118.7858,118.864,118.8099,2486476.956971221,2597.759572736871,2481978.0,2490976.0,2486477.0,80.26080072254818,0.032259489398833774,80.20493,80.31667,80.2608,0
18231294.50995705,5268.998617203439,18213960.0,18233910.0,18233910.0,118.81621592012047,0.013410132609723669,118.7858,118.864,118.8249,2487075.8291961844,3333.484891769081,2481121.0,2491975.0,2487196.0,80.35011415351147,0.013088334176539268,80.31713,80.36823,80.35252,0
18231248.487099297,5690.483684524369,18213960.0,18253860.0,18233910.0,118.83059251647491,0.012881958352787165,118.7858,118.864,118.8249,2476686.6612308724,1902.1251643653313,2474162.0,2481056.0,2476185.5,80.322427175807,0.01260084754240612,80.30061,80.34425,80.32243,0
18120480.906457186,6628.624927414834,18114210.0,18134160.0,18118290.0,118.7413533233049,0.025004533948420084,118.6686,118.7858,118.7468,2470963.1061340463,2996.4217110346185,2465774.0,2476153.0,2470963.0,80.04022812412947,0.013896695409723998,80.01616,80.06429,80.04023,0
18123881.054304194,6297.426255122112,18114210.0,18134160.0,18123860.0,118.78344369982159,0.01745107821659296,118.7468,118.8249,118.7858,2467253.6807537912,1272.3645250848986,2465211.0,2469489.0,2467234.0,80.08896458017395,0.014490701287734664,80.06444,80.11484,80.08849,0
18120493.312458064,6636.858607447454,18114210.0,18134160.0,18118310.0,118.81824349698053,0.011403695878536067,118.7858,118.8249,118.8249,2472304.3271639454,2111.1512432884715,2469505.0,2477184.0,2471753.0,80.1417585998658,0.015433905165238985,80.11503,80.16849,80.141755,0
18117230.12192406,6869.61099532184,18094260.0,18134160.0,18114210.0,118.82524796793227,0.0029900046061259147,118.8249,118.864,118.8249,2479182.6178042535,1121.4585066215004,2477228.0,2481125.0,2479183.0,80.18220154381471,0.00508722153365326,80.16884,80.18965,80.18285,0
18108686.692461863,9759.301821307297,18094260.0,18134160.0,18107560.0,118.83103216791002,0.011286514826311074,118.8249,118.903,118.8249,2474699.152989645,1365.5786921260324,2472445.0,2477216.0,2474609.0,80.1966402377241,0.0041734201447133695,80.18968,80.20474,80.19648,0
18096031.910952408,5543.757133609756,18074310.0,18114210.0,18094260.0,118.85995885733416,0.015986545581431578,118.8249,118.903,118.864,2478547.5673157396,3302.1553770732803,2471669.0,2484018.0,2478682.0,80.2148818819394,0.005829419049985834,80.20479,80.22498,80.21488,0
18088170.582627118,6627.457490297539,18074310.0,18094260.0,18090610.0,118.87074556757359,0.012402809756624455,118.8249,118.903,118.864,2460990.4299174845,6112.543700109545,2450404.0,2471577.0,2460990.5,80.23543897970562,0.006108342295092271,80.22507,80.24614,80.23534,0
18078614.42016057,6213.486262959561,18074310.0,18094260.0,18074310.0,118.86485724799286,0.004643722933735075,118.864,118.903,118.864,2461366.170718109,6735.929845399555,2450020.0,2473041.0,2461361.5,80.25701847903657,0.006229270628450966,80.24622,80.26739,80.25703,0
18076408.042837273,4848.703773417504,18074310.0,18094260.0,18074310.0,118.86538770514603,0.005845778267973472,118.864,118.903,118.864,2476431.1698470097,1136.308612503447,2473126.0,2478231.0,2476499.0,80.265751455911,0.0009014436574544237,80.26419,80.26731,80.26575,0
18074817.412974242,2548.1127854476604,18074310.0,18094260.0,18074310.0,118.86882449572553,0.010068116579094306,118.864,118.903,118.864,2472940.762418282,1300.4448918466853,2470108.0,2475045.0,2473020.0,80.2627697642063,0.0007331804376436925,80.26173,80.26418,80.26263,0
18073038.125385523,3849.566215968198,18054370.0,18074310.0,18074310.0,118.88651163573151,0.02104164941955012,118.864,118.9421,118.8827,2465572.7071720967,2588.726361859125,2461089.0,2470056.0,2465573.0,80.26094814164752,0.00044772448285789157,80.26017,80.26173,80.26095,0
18070813.825751215,5855.917241988089,18054370.0,18074310.0,18074310.0,118.89589685524035,0.023558134600060742,118.864,118.9421,118.8934,2457731.8659839965,1393.68997495155,2456207.0,2461005.0,2457106.0,80.24254292540988,0.013642240179113684,80.21783,80.26015,80.24329,0
18068494.4058745,6572.258521012626,18054370.0,18074310.0,18071380.0,118.87475464508232,0.01950687455175728,118.864,118.9421,118.864,2455287.499777481,521.9034190915763,2454384.0,2456191.0,2455287.5,80.19231481809078,0.014038952231597122,80.17077,80.21739,80.19179,0
18064993.590914153,6108.184720742247,18054370.0,18074310.0,18065010.0,118.86668104331368,0.009501274914519483,118.864,118.9421,118.864,2460297.1573878187,3514.846149001083,2454361.0,2466387.0,2460296.0,80.15517411201425,0.009004418112988256,80.13958,80.17077,80.15517,0
18123031.836484984,7750.708875138368,18094260.0,18134160.0,18123520.0,118.2608471412681,0.035546849956108434,118.1999,118.3171,118.2529,2489691.4449944384,1187.027047338407,2487792.0,2492173.0,2489598.0,78.80318757842048,0.11457250906091623,78.56824,78.99856,78.80469,0
18094446.51243171,7774.475931628412,18074310.0,18134160.0,18094260.0,118.39710898093433,0.050655708317487835,118.278,118.4733,118.39505,2485893.7537629614,1184.9928702982525,2483113.0,2487779.0,2485977.0,79.1775760274278,0.09204923091378847,78.99992,79.29158,79.19333,0
18080268.09114743,6939.068662081426,18074310.0,18094260.0,18076720.0,118.4940870976739,0.020610289371740562,118.4343,118.5515,118.4929,2477892.5995425894,2989.631354990697,2472715.0,2483070.0,2477893.0,79.34166177218721,0.028680321018283474,79.29199,79.39133,79.34166,0
18072172.823097054,5547.644425706436,18054370.0,18094260.0,18074310.0,118.53101948883568,0.013141934487812588,118.5124,118.5515,118.5308,2471525.077120107,2289.9271024768486,2468104.0,2476732.0,2471209.0,79.43620542513503,0.024216449152878614,79.39156,79.47712,79.43688,0
18064641.29986628,5929.964927892161,18054370.0,18074310.0,18064670.0,118.52745115333184,0.013728247479407566,118.5124,118.5905,118.5254,2481749.061288166,1965.3145253412215,2476778.0,2484018.0,2482411.0,79.49691041341654,0.0071221329653301454,79.47736,79.50684,79.49803,0
18062991.061991304,6320.9815718722675,18054370.0,18074310.0,18062790.0,118.56140582562159,0.02135543629038635,118.5124,118.5905,118.5638,2479820.2458468056,1170.6382423267767,2477793.0,2481848.0,2479820.0,79.48122525922624,0.0064850612034712185,79.47059,79.49248,79.48122,0
18060271.451323465,6595.756806745059,18054370.0,18074310.0,18057485.0,118.57130833333333,0.014123411531076413,118.5124,118.5905,118.5716,2488821.6653207717,7317.693160690982,2477508.0,2501488.0,2488766.5,79.46843075033648,0.0012243829960741502,79.46631,79.47055,79.46843,0
18060730.200368363,6664.529498560943,18054370.0,18074310.0,18058670.0,118.57589581403136,0.01356399949409451,118.5124,118.5905,118.5781,2498693.459563543,6463.699576204678,2484742.0,2506442.0,2501666.0,79.47461841379695,0.011998232517374157,79.46424,79.50233,79.46626,0
18062304.150005586,6506.2708887334875,18054370.0,18074310.0,18061745.0,118.5730043393276,0.012200895936344935,118.5515,118.5905,118.5733,2505709.086172233,12814.652701468707,2484742.0,2530313.0,2501617.0,79.53819768178265,0.019522266002222625,79.50272,79.56326,79.539375,0
18063689.246292785,6104.284023292399,18054370.0,18074310.0,18063670.0,118.57361166796746,0.012404110859276726,118.5515,118.5905,118.574,2485060.724272494,11898.663122596938,2463764.0,2502102.0,2485465.5,79.56053873954733,0.0011576795464995815,79.55853,79.56255,79.56054,0
18064994.552039225,6094.061937730599,18054370.0,18074310.0,18065010.0,118.58000201693781,0.012858405015361762,118.5515,118.5905,118.5881,2486904.428292846,5424.306503241228,2478231.0,2496347.0,2486877.5,79.55461975819033,0.0032772480524808417,79.54794,79.55853,79.55564,0
18066678.070077863,6573.45011900782,18054370.0,18074310.0,18067370.0,118.56280362068964,0.01726733111574481,118.5124,118.5905,118.563,2483484.4327030033,2784.643266082318,2478662.0,2488307.0,2483484.5,79.54019923804228,0.004454668209412827,79.53261,79.54792,79.5402,0
18069452.967723984,6613.428147080901,18054370.0,18094260.0,18074310.0,118.56907332220366,0.015874695965236076,118.5124,118.5905,118.5704,2492267.8341124095,1980.4583285106432,2488324.0,2495448.0,2492435.0,79.54593936672232,0.007544662704294428,79.53288,79.55901,79.54594,0
18072733.666703813,4693.127690290244,18054370.0,18094260.0,18074310.0,118.58086992979719,0.012508765124624833,118.5515,118.5905,118.5905,2497165.7126699355,793.3230246731191,2495465.0,2498486.0,2497193.5,79.5695579763762,0.004782075429891433,79.55908,79.57449,79.57214,0
18074026.328281704,2928.543805576861,18054370.0,18094260.0,18074310.0,118.57729233340763,0.013073864768854875,118.5515,118.5905,118.5804,2493626.1800757744,1752.2062223922474,2489988.0,2496216.0,2493952.0,79.57029365444617,0.0013286988488810422,79.56799,79.57259,79.5703,0
18074671.41575663,2162.7648736468755,18074310.0,18094260.0,18074310.0,118.56364910853577,0.026550709936353008,118.5124,118.5905,118.5704,2494045.05003343,5153.331472585834,2487635.0,2504131.0,2492993.5,79.55212796913305,0.012168721302119326,79.53002,79.56798,79.55285,0
18074226.780189205,1048.6774676046405,18054370.0,18074310.0,18074310.0,118.524651803005,0.017315481206060968,118.5124,118.5905,118.5124,2510783.6470784643,2418.6496045540407,2504169.0,2512953.0,2511873.0,79.50949262214802,0.010511081209631555,79.49385,79.52995,79.50709,0
18074630.68021892,1990.982501604205,18074310.0,18094260.0,18074310.0,118.53537764994972,0.02113366241301853,118.5124,118.5905,118.5317,2509701.5667374064,1535.7267273537182,2506109.0,2511491.0,2510300.0,79.53877415391489,0.018100202764584232,79.50742,79.57012,79.53877,0
18075185.026449133,3305.5527599824427,18074310.0,18094260.0,18074310.0,118.54805222451138,0.021791073638871304,118.5124,118.5905,118.5466,2501118.8008797816,2867.721041958762,2496152.0,2506085.0,2501119.0,79.5866801887633,0.006029120073961772,79.57027,79.5947,79.58785,0
18076057.021668714,4475.198411140902,18074310.0,18094260.0,18074310.0,118.54245809225958,0.02077220982604727,118.5124,118.5905,118.5391,2497861.5919244946,4650.981365181754,2488358.0,2524526.0,2497677.5,79.57518534569418,0.005036352046727226,79.56635,79.58391,79.57519,0
21210996.499026425,7830.678691075561,21186450.0,21226350.0,21208010.0,116.40238800556328,0.01589395517009885,116.364,116.4421,116.4031,12299598.080667594,15473.874028677556,12234910.0,12357880.0,12299790.0,61.23845987426982,0.06351647267780797,61.06627,61.44565,61.23791,0
21205229.481295366,5044.084741618814,21186450.0,21226350.0,21206400.0,116.4131585538805,0.018841074068674836,116.364,116.4421,116.4145,12302500.967615858,17798.806527855355,12237800.0,12347760.0,12303130.0,61.2765738548297,0.047216839971301106,61.07339,61.44819,61.273795,0
21204600.767727528,4549.323638314357,21186450.0,21206400.0,21206400.0,116.40296542713567,0.01969267594776581,116.364,116.4421,116.4031,12291190.456728084,12325.366726058093,12246490.0,12332560.0,12288990.0,61.22591837744277,0.05842754206268067,61.04149,61.46758,61.224725,0
21199758.830842998,6670.756958875986,21186450.0,21206400.0,21201410.0,116.4055094000892,0.020416796431723273,116.364,116.4421,116.4031,12296619.007582515,18807.81899982681,12238530.0,12359330.0,12296795.0,61.1786676823149,0.052171936564846186,61.01629,61.36898,61.180715,0
21195516.792548403,6265.334844890427,21186450.0,21206400.0,21195430.0,116.40836587122918,0.020444037123977497,116.364,116.4421,116.40615,12292699.41974336,19606.469457678966,12240700.0,12340520.0,12287850.0,61.14369435614588,0.07377006678196749,60.96616,61.5541,61.135415,0
21202187.601438686,6209.476406892978,21186450.0,21206400.0,21206400.0,116.4258748510734,0.012613657183555435,116.4031,116.4421,116.4265,12288191.907384511,13584.889114171317,12237800.0,12351370.0,12288635.0,61.294589188490505,0.04859615050192775,61.11615,61.46545,61.293225,0
21198232.853903282,6509.026626037591,21186450.0,21206400.0,21198660.0,116.42449773796702,0.012209255604897079,116.4031,116.4421,116.4246,12297778.295821758,16380.536596555301,12238530.0,12351370.0,12298480.0,61.30368306253189,0.045170482955238137,61.16039,61.41373,61.30843,0
21202089.23338537,6231.309751472221,21186450.0,21206400.0,21206400.0,116.44085360727028,0.02013651885265128,116.4031,116.4812,116.4421,12298899.79148082,13214.002509271526,12243590.0,12325330.0,12297315.0,61.34709272357269,0.05026424097989932,61.16154,61.52559,61.34953,0
21196405.257854514,5758.672869348683,21186450.0,21206400.0,21196420.0,116.4252689782055,0.012422797278122795,116.4031,116.4421,116.4257,12295820.662892725,8849.406986042364,12277590.0,12307970.0,12300220.0,61.30373224794792,0.06872848600972505,61.11014,61.51784,61.30097,0
21195986.069976043,6566.9725481016885,21186450.0,21206400.0,21195920.0,116.43147582595131,0.019885805594577328,116.4031,116.4812,116.4285,12287885.921221238,11995.543336797458,12255170.0,12344860.0,12289320.0,61.28198783609115,0.048710665532336675,61.11114,61.44986,61.2824,0
21202655.814138204,5984.082677431259,21186450.0,21206400.0,21206400.0,116.44265695563372,0.01686235774675474,116.4031,116.4812,116.4421,12282426.812095767,14817.74871228824,12263850.0,12313060.0,12276310.0,61.36296664870079,0.06316075415345677,61.17348,61.54813,61.364775,0
21194652.462420665,6489.222896144259,21186450.0,21206400.0,21194340.0,116.42390152544259,0.011922314605719353,116.4031,116.4421,116.4239,12285623.888765171,10322.564392737448,12268910.0,12314480.0,12285140.0,61.36821234940429,0.08827204118380315,61.16337,61.58826,61.35467,0
21198624.208853703,6700.710950856402,21186450.0,21206400.0,21199420.0,116.43302869647637,0.01892588496806846,116.4031,116.4812,116.4324,12295435.87867975,3118.4095682584784,12289160.0,12300740.0,12295490.0,61.50457038971901,0.06025600414624188,61.33989,61.70871,61.501235,0
21198097.117419787,6447.554854517661,21186450.0,21206400.0,21198420.0,116.45211059409822,0.019359053516421525,116.4031,116.4812,116.4526,12282884.23259981,2949.683461131838,12277590.0,12289080.0,12283210.0,61.60855316423092,0.052975076919183614,61.44994,61.76991,61.60535,0
21196758.931413203,5932.4416267604465,21186450.0,21206400.0,21196760.0,116.45471557211698,0.02349230508083796,116.4031,116.4812,116.4543,12275815.638798611,4399.478396116788,12268200.0,12283440.0,12275820.0,61.60378068194553,0.04410401385100592,61.42418,61.75753,61.60255,0
21204725.15961892,4407.669099965428,21186450.0,21206400.0,21206400.0,116.48906831578358,0.013790190873975408,116.4421,116.5203,116.4812,12264806.087804334,2248.138113397887,12260950.0,12269180.0,12264790.0,61.66737407265029,0.053307183177087214,61.51157,61.85371,61.66473,0
21201086.452386264,6518.919366378421,21186450.0,21206400.0,21205230.0,116.50312801070473,0.015968968875908714,116.4812,116.5203,116.5057,12276886.026427297,4426.277042675412,12269220.0,12284550.0,12276890.0,61.714235854148086,0.040924723276541154,61.53664,61.86549,61.71259,0
21198129.584884375,6451.334961854586,21186450.0,21206400.0,21198420.0,116.49011036661024,0.012326971077771667,116.4812,116.5203,116.4812,12283949.632261703,980.5429871965481,12282200.0,12285550.0,12283990.0,61.68709223632261,0.06472522041391923,61.49995,61.87616,61.69264,0
21202008.59260097,6254.784980938247,21186450.0,21206400.0,21206400.0,116.49435477429573,0.013025594128320208,116.4812,116.5203,116.4913,12280658.738545084,714.19714529255,12279760.0,12282150.0,12280370.0,61.57757792680168,0.0595612459011793,61.40708,61.77864,61.569935,0
21198769.606880993,6578.2328594080045,21186450.0,21206400.0,21199460.0,116.4899066610265,0.012288587446397225,116.4812,116.5203,116.4812,12281263.102086859,514.3236932929245,12280370.0,12282150.0,12281260.0,61.70304361082909,0.05141401897346719,61.51192,61.87722,61.704229999999995,0
21198432.146870654,6506.47425620852,21186450.0,21206400.0,21198920.0,116.49089763004172,0.013313345170228835,116.4421,116.5203,116.4823,12282961.211682893,413.95403099463886,12282180.0,12283650.0,12282980.0,61.62098667482615,0.04594450974086561,61.42944,61.78043,61.61823,0
21196091.53140477,5940.571813618378,21186450.0,21206400.0,21196090.0,116.45062555718144,0.027919131388307747,116.4031,116.4812,116.4512,12284262.676722197,330.7348830202487,12283660.0,12284820.0,12284270.0,61.445140897681235,0.049051584080818604,61.26876,61.62429,61.44636,0
21197118.324660063,6439.665677420797,21186450.0,21206400.0,21197250.0,116.48989206535727,0.025620032355775525,116.4031,116.5203,116.4812,12280786.326450674,1815.9032729695646,12277640.0,12283930.0,12280790.0,61.49537913155391,0.060391044367288295,61.30865,61.69467,61.4941,0
21193692.838637,6625.829257180829,21186450.0,21206400.0,21192700.0,116.45946544635314,0.031833816552092435,116.4031,116.5203,116.4698,12276074.469726838,799.3910068859766,12274700.0,12277600.0,12276070.0,61.48123162038862,0.09841076711427192,61.20277,61.70401,61.50785,0
21192291.06836655,6615.174575044698,21186450.0,21206400.0,21189320.0,116.47260339049105,0.031855627658273905,116.4031,116.5203,116.4812,12279880.270014474,1434.1160121044873,12277400.0,12282360.0,12279880.0,61.37458206046097,0.06800151065341489,61.20202,61.6051,61.379165,0
21194482.952810742,7879.380703933886,21166500.0,21206400.0,21195090.0,116.49422723271492,0.013028893267052807,116.4812,116.5203,116.491,12280034.25371887,1665.2929465286895,12277120.0,12282650.0,12280050.0,61.40513757479525,0.056555259824179166,61.25528,61.58727,61.4019,0
21183709.928986803,10152.726704287243,21166500.0,21206400.0,21184450.0,116.50204986580184,0.01451322649178486,116.4812,116.5203,116.5027,12273924.435808543,2052.7299919379043,12269730.0,12277100.0,12274180.0,61.43467484902707,0.06828745923663224,61.23445,61.61443,61.4281,0
21176820.88815421,6369.230384586889,21166500.0,21206400.0,21176640.0,116.49782705368149,0.01587682871433331,116.4812,116.5203,116.4946,12264507.72217864,2979.12876693006,12259350.0,12269670.0,12264510.0,61.530262141096046,0.0521778394132311,61.36278,61.68219,61.53094,0
21176147.896409456,5941.216291711408,21166500.0,21186450.0,21176140.0,116.52792274754682,0.012675841460535795,116.5203,116.5984,116.5203,12259078.847569134,1620.1546918412039,12256610.0,12262330.0,12258820.0,61.70869874944246,0.09031366406889645,61.47234,61.93801,61.708005,0
21179564.355674412,8682.644933914926,21166500.0,21206400.0,21178800.0,116.52215799766005,0.00670094330746906,116.5203,116.5593,116.5203,12266059.891915984,2030.421145583616,12262360.0,12268910.0,12266200.0,61.72419837595409,0.1076270559042803,61.43633,61.94021,61.75459,0
21196509.2020202,7052.912303826765,21166500.0,21206400.0,21196740.0,116.52287187429853,0.007766501139613769,116.5203,116.5593,116.5203,12265702.710437711,1422.9111210715062,12263240.0,12268170.0,12265700.0,61.490919245230074,0.05008548119126126,61.35537,61.68064,61.49086,0
21179124.882382523,11173.427381866093,21166500.0,21206400.0,21177940.0,116.49368662904396,0.015547049178936225,116.4812,116.5203,116.4812,12261321.961222552,812.9371889051924,12260460.0,12263190.0,12260910.0,61.46306250153658,0.05241588349501447,61.26904,61.62826,61.45953,0
21169956.42068076,5833.049319010687,21166500.0,21186450.0,21166500.0,116.50732767902204,0.02295827397623592,116.4421,116.5984,116.5203,12260005.165143274,258.86322504929444,12259560.0,12260450.0,12260010.0,61.53809583076319,0.062346113976474486,61.36734,61.72012,61.53227,0
21166700.336997155,1620.0022691685385,21166500.0,21186450.0,21166500.0,116.45117307928359,0.03799479216567417,116.4031,116.5593,116.4385,12255439.308151538,2574.5827252563968,12250960.0,12259550.0,12255450.0,61.45012327958489,0.11357039823665058,61.17696,61.72239,61.44495,0
21166500.0,0.0,21166500.0,21166500.0,21166500.0,116.50934862487473,0.018951287337412717,116.4421,116.5593,116.5203,12248675.892996326,928.0883788092864,12247210.0,12250920.0,12248610.0,61.36671547043759,0.10947488299461802,61.12969,61.63809,61.35584,0
21163119.46645154,7168.188273769553,21146550.0,21186450.0,21166500.0,116.53234079781906,0.03355410942373265,116.4812,116.5984,116.5248,12251635.001112718,1174.18941807375,12249600.0,12253670.0,12251630.0,61.622375605875156,0.05909529607941985,61.41019,61.86932,61.622965,0
21162972.421387155,5860.503639849855,21146550.0,21166500.0,21166500.0,116.4798407838983,0.024879949994188928,116.4031,116.5203,116.4812,12244165.856378233,5634.5020835842515,12234400.0,12253720.0,12244170.0,61.535331929638716,0.0482072938661421,61.37844,61.68214,61.537575000000004,0
21157708.873294566,6634.778758052892,21146550.0,21166500.0,21157970.0,116.54184164057258,0.02842003663566065,116.4812,116.5984,116.5377,12232184.911093716,6071.538539439752,12221170.0,12245760.0,12233385.0,61.63615323697159,0.07816227574941623,61.40782,61.82145,61.637675,0
21158619.611126564,6535.819313037723,21146550.0,21166500.0,21159180.0,116.50493546036161,0.01727680156588831,116.4812,116.5593,116.5092,12237511.024756607,647.7065754984123,12235620.0,12238400.0,12237610.0,61.62952460639777,0.07298774807145997,61.41576,61.84173,61.62922,0
21151872.772078503,6511.619260225934,21146550.0,21166500.0,21147880.0,116.55269686663692,0.0222344245988126,116.5203,116.5984,116.5518,12248657.741413916,5005.942700962881,12238410.0,12256610.0,12249000.0,61.69072625390276,0.06958854954853373,61.5083,61.87595,61.701115,0
21149741.3368202,5641.603148148821,21146550.0,21166500.0,21146550.0,116.55522437433216,0.02410133074679185,116.5203,116.6375,116.5534,12246918.502333952,3352.04741605484,12241420.0,12251550.0,12247210.0,61.837863122996445,0.06585526619195006,61.63633,62.02899,61.84512,0
21147072.936653852,2572.6760422859757,21146550.0,21166500.0,21146550.0,116.56978473452558,0.015579116110138149,116.5203,116.5984,116.5665,12245816.004234219,2342.6498345598716,12241760.0,12249870.0,12245820.0,61.88516564265419,0.05708481464578992,61.70855,62.09673,61.88413,0
21150333.157894738,6003.861894109269,21146550.0,21166500.0,21146550.0,116.56938031333632,0.014964438467864053,116.5203,116.6375,116.5632,12238420.962310437,1599.2919082454293,12236070.0,12241740.0,12238100.0,61.93754441681534,0.05196026407762417,61.75931,62.11336,61.941715,0
21147646.340492345,3665.1104071773334,21146550.0,21166500.0,21146550.0,116.56613320248977,0.016908927023261293,116.5203,116.6375,116.5593,12234042.312005833,1165.0593068274584,12232020.0,12236060.0,12234040.0,62.04615099758875,0.08844622293169678,61.81011,62.29949,62.04397,0
21146550.0,0.0,21146550.0,21146550.0,21146550.0,116.52645204189649,0.015314033211312889,116.4812,116.5984,116.5203,12230873.475959664,650.6455039510465,12229750.0,12232000.0,12230870.0,61.99329462811299,0.06537002340470026,61.78479,62.19477,61.99259,0
21146806.19719098,1828.1215503820868,21146550.0,21166500.0,21146550.0,116.49815171506911,0.015167149368747655,116.4421,116.5203,116.4965,12228946.647081865,359.9431103735561,12228400.0,12229740.0,12228900.0,61.664153755805486,0.09908781843755883,61.39671,62.02481,61.65969,0
21146711.545850553,1456.9161773704234,21146550.0,21166500.0,21146550.0,116.48612066904946,0.011796880253405612,116.4421,116.5203,116.4812,12230047.112699654,519.2936649411745,12229150.0,12230950.0,12230050.0,61.60651968893109,0.053784980555207605,61.47122,61.84142,61.60306,0
21147599.729383595,3586.1022318569735,21146550.0,21166500.0,21146550.0,116.51013087588395,0.018608245686073412,116.4812,116.5593,116.5203,12231853.445069324,521.4234157817405,12230950.0,12232760.0,12231850.0,61.568665532602026,0.054136149290161244,61.32327,61.74645,61.57023,0
21146550.0,0.0,21146550.0,21146550.0,21146550.0,116.5306499218139,0.015321200831248232,116.5203,116.5984,116.5203,12233407.13950631,477.28533324765795,12232100.0,12234190.0,12233430.0,61.73155455545627,0.12347779056326465,61.48309,62.05077,61.706305,0
21146550.0,0.0,21146550.0,21146550.0,21146550.0,116.50834811013908,0.015989113312109112,116.4812,116.5593,116.5157,12227071.285329744,2850.48692463048,12222130.0,12232010.0,12227070.0,61.60425404497531,0.10759377576043432,61.38596,62.04884,61.586214999999996,0
21147842.371830672,3939.4366296283965,21146550.0,21166500.0,21146550.0,116.51293765776835,0.01361528568635304,116.4812,116.5593,116.5203,12220202.055735508,1113.4494386905494,12218270.0,12222160.0,12220200.0,61.50717808835029,0.05320315680052926,61.33893,61.67902,61.50812,0
21147389.18988188,3233.7930958652746,21146550.0,21166500.0,21146550.0,116.5203,0.0,116.5203,116.5203,116.5203,12225341.1956764,1826.7363478507864,12222180.0,12228570.0,12225340.0,61.58309748997102,0.0542167683487328,61.40471,61.75488,61.58344,0
21150232.58308157,5951.36130606703,21146550.0,21166500.0,21146550.0,116.5351818787065,0.019116089558672864,116.5203,116.5984,116.5258,12233809.181492671,2875.527391854148,12228650.0,12238530.0,12233970.0,61.54133991328186,0.049447247298324004,61.39465,61.72906,61.53323,0
21147956.71618452,4101.49739455003,21146550.0,21166500.0,21146550.0,116.54544231542499,0.027166835231139507,116.4812,116.5984,116.5415,12223680.633865744,9849.815375268256,12180660.0,12250100.0,12222950.0,61.66339003909303,0.07291241326464534,61.44067,61.85284,61.662975,0
21146550.0,0.0,21146550.0,21146550.0,21146550.0,116.49635513992641,0.016607763500903254,116.4421,116.5203,116.4956,12215137.795740886,14647.016892311298,12193070.0,12235630.0,12211540.0,61.59277420448209,0.06789772099826726,61.40493,61.81722,61.586155000000005,0
21146550.0,0.0,21146550.0,21146550.0,21146550.0,116.52735467722152,0.024461694733992855,116.4812,116.5593,116.5268,12221863.076708663,11646.14397671945,12183550.0,12242870.0,12227880.0,61.59545574868993,0.06679850327702723,61.3849,61.77627,61.595145,0
21146694.66558822,1379.5697135580456,21146550.0,21166500.0,21146550.0,116.57389941429128,0.018673899130869896,116.5203,116.5984,116.5706,12223199.708819099,8052.39097726532,12205250.0,12236980.0,12224910.0,61.70542641657835,0.07123972266772875,61.48418,61.93688,61.70884,0
21146550.0,0.0,21146550.0,21146550.0,21146550.0,116.5784603482058,0.012767449357955646,116.5593,116.6375,116.5782,12234676.591278061,9851.212827585656,12219720.0,12254440.0,12234350.0,61.76542144040755,0.04916095887532154,61.59784,61.9431,61.76155,0
21146550.0,0.0,21146550.0,21146550.0,21146550.0,116.5771504099961,0.01264042350988956,116.5593,116.6375,116.5769,12219744.41010766,15027.006008527582,12201640.0,12259510.0,12214400.0,61.81858564065376,0.0543468533179186,61.62214,61.98283,61.81771,0
21146550.0,0.0,21146550.0,21146550.0,21146550.0,116.56235747191012,0.012914518245674607,116.5203,116.5984,116.5593,12218223.763483146,3989.398354314814,12216100.0,12230520.0,12216100.0,61.85789661966293,0.04732416779443777,61.71044,62.0482,61.86122,0
21147023.224364348,2463.7611192892646,21146550.0,21166500.0,21146550.0,116.5515542442023,0.027341350998318976,116.4812,116.5984,116.5593,12216089.526124615,37.50636586684624,12215880.0,12216100.0,12216100.0,61.77621063649063,0.056811865472927825,61.62357,61.96082,61.77763,0
21146550.0,0.0,21146550.0,21146550.0,21146550.0,116.50677235626713,0.015550483647850733,116.4812,116.5593,116.5068,12214744.07658288,647.6539984206725,12213620.0,12215870.0,12214740.0,61.671631148183394,0.05759145967402628,61.48611,61.83938,61.67416,0
21146550.0,0.0,21146550.0,21146550.0,21146550.0,116.57481360670491,0.019257923093506053,116.5203,116.6375,116.572,12214862.481156485,2497.1221987027056,12212490.0,12220820.0,12213470.0,61.81779184160199,0.07910028218008457,61.59614,62.07135,61.810964999999996,0
21146812.669286918,1850.5818432680226,21146550.0,21166500.0,21146550.0,116.58276495788883,0.013659780489523838,116.5593,116.6375,116.584,12229284.608646827,4783.248172121137,12221000.0,12237570.0,12229285.0,61.948107988208875,0.044088122285059414,61.78425,62.13191,61.942175,0
21146916.34780189,2176.780532809952,21146550.0,21166500.0,21146550.0,116.59492856427379,0.011447877918665769,116.5593,116.6375,116.5984,12237152.250417363,1306.2843261643166,12234770.0,12239250.0,12237260.0,61.96522223539232,0.04478562271754708,61.81157,62.12798,61.96653,0
13028837.624217119,11112.941517614152,12992090.0,13052960.0,13030790.0,55.79511845093946,0.013784803515841057,55.76065,55.82949,55.79311,3441785.683507307,45121.3388936512,3254157.0,3575823.0,3445066.0,39.82641753096729,0.08423667693060852,39.53,39.97,39.8159,0
13024816.720946416,9834.729811241352,12990350.0,13050840.0,13025510.0,55.81467389700765,0.012352155451763713,55.76443,55.84587,55.81596,3430187.1682672235,55614.76704887177,3234157.0,3568323.0,3434990.0,39.83412536116909,0.07467056091478408,39.61,40.14,39.83287,0
13987265.202453291,2779.189560031695,13982200.0,14013100.0,13986950.0,109.84760766653415,0.03115969358236468,109.7703,109.9408,109.8468,,,,,,,,,,,0
14007122.09105287,8004.848335226479,13983600.0,14029950.0,14009650.0,109.97554175892454,0.053929922790583874,109.8858,110.0866,109.94794999999999,,,,,,,,,,,0
13986896.880880425,1421.008929188658,13982200.0,14001860.0,13986920.0,109.961360432229,0.026462219869120333,109.9243,110.0398,109.9574,,,,,,,,,,,0
13985940.219457014,1420.7280098108586,13982200.0,13990620.0,13985960.0,109.94834100678733,0.01656608602480678,109.9243,109.9903,109.9404,,,,,,,,,,,0
13985861.042475387,1354.312479554472,13980800.0,13990620.0,13985860.0,109.96547547116737,0.017762106186874897,109.9326,110.0343,109.9668,,,,,,,,,,,0
13985910.264621608,1506.437597056657,13982200.0,13990620.0,13985900.0,109.95202946232935,0.01620221338983923,109.9271,109.9986,109.9447,,,,,,,,,,,0
13986388.887648601,3004.8106358828804,13982200.0,14010290.0,13985990.0,109.94928173243288,0.015775987202587105,109.9298,109.9931,109.9422,,,,,,,,,,,0
13987761.839814605,4600.211223987268,13982200.0,14013100.0,13986670.0,109.88260876667421,0.04615788828786361,109.7538,109.9876,109.8883,,,,,,,,,,,0
13987033.542809177,4272.361723855508,13982200.0,14013100.0,13986030.0,109.84451731393396,0.030521615916764812,109.7538,109.8996,109.8461,,,,,,,,,,,0
13994910.088475753,9072.2456362082,13980800.0,14011690.0,13992920.0,109.84996386493448,0.03776989434236899,109.7511,109.9381,109.8513,,,,,,,,,,,0
14006465.961095182,5713.031644048447,13982200.0,14013100.0,14008370.0,109.93900834879406,0.0071769355446608335,109.8858,109.9546,109.9398,,,,,,,,,,,0
13901089.369206421,10379.14135312269,13869850.0,13920400.0,13895290.0,110.08250115306353,0.05751417470045638,109.9766,110.2186,110.0716,,,,,,,,,,,0
13877125.590281675,7751.2000115033,13867040.0,13896530.0,13873210.0,110.05387415553811,0.034259856044009745,109.9711,110.1443,110.0649,,,,,,,,,,,0
13855283.970396416,10095.252888521318,13843160.0,13875460.0,13849560.0,110.11625364373617,0.022857779744535577,110.0618,110.1938,110.1186,,,,,,,,,,,0
13847657.621452894,1422.9950973609816,13843160.0,13852990.0,13847745.0,109.95453970488082,0.049440752473385044,109.8446,110.0811,109.9397,,,,,,,,,,,0
13847519.930333165,2549.7789732282145,13824910.0,13851590.0,13847930.0,109.91803658632507,0.021592567194017417,109.8473,109.9518,109.9303,,,,,,,,,,,0
13837414.058341863,7129.379919033625,13820690.0,13851590.0,13837420.0,109.88668524394404,0.037839977476355084,109.7566,109.9463,109.8927,,,,,,,,,,,0
13839669.06477642,7144.6174787714735,13820690.0,13850190.0,13841080.0,109.98529662109156,0.0601817862874026,109.8803,110.1113,109.9884,,,,,,,,,,,0
13843791.632376214,4794.49631631866,13823500.0,13850190.0,13845380.0,110.02935083088401,0.04186291770389742,109.9298,110.1306,110.0338,,,,,,,,,,,0
13828370.077854179,5316.840468371594,13819290.0,13850190.0,13826480.0,109.90864257543899,0.03341207735349244,109.7923,109.9463,109.9301,,,,,,,,,,,0
13827371.988597877,4855.811087513939,13820690.0,13848780.0,13825760.0,109.92629214834048,0.016141580230976234,109.8748,109.9463,109.9324,,,,,,,,,,,0
13385482.245082524,3831.0041400255927,13379710.0,13412010.0,13384770.0,110.25231860728013,0.026944567833092667,110.1993,110.3533,110.2535,,,,,,,,,,,0
13388234.782064414,6348.835963027599,13379710.0,13409200.0,13385700.0,110.3339053146694,0.029560297877135527,110.2516,110.4028,110.3368,,,,,,,,,,,0
13385261.583088068,3928.39026616044,13378520.0,13409200.0,13384330.0,110.30053123160516,0.04178076167986981,110.2131,110.4028,110.3032,,,,,,,,,,,0
13386515.462294709,6050.844363666255,13378310.0,13409200.0,13384390.0,110.31750742740239,0.04561777791276143,110.2351,110.4083,110.3185,,,,,,,,,,,0
13391390.215644103,8025.860647902385,13379710.0,13409200.0,13388980.0,110.2479354878877,0.03641895194144994,110.1608,110.4,110.2455,,,,,,,,,,,0
13399382.116854958,8532.121840557693,13379710.0,13409200.0,13403670.0,110.27646181672942,0.031459654562743536,110.2048,110.3973,110.2634,,,,,,,,,,,0
13401458.885236612,7099.517481363226,13379710.0,13410610.0,13404570.0,110.32277522244262,0.04132282693930184,110.2543,110.411,110.3143,,,,,,,,,,,0
13390821.856900452,7876.7067138800285,13378310.0,13410610.0,13388040.0,110.26329489819004,0.0168933848171623,110.2076,110.3396,110.257,,,,,,,,,,,0
13403751.056126213,6457.3371472479885,13381120.0,13412010.0,13406540.0,110.3354454060496,0.03096633483863139,110.2516,110.4028,110.3423,,,,,,,,,,,0
13389861.534355862,8605.144402085076,13379710.0,13410610.0,13385800.0,110.14329443227149,0.1026701796935474,109.9766,110.356,110.1326,,,,,,,,,,,0
13384352.445191048,1914.6802757342205,13379710.0,13409200.0,13384280.0,110.21886197255282,0.0747843416307688,110.0288,110.3588,110.2385,,,,,,,,,,,0
13385375.292986425,3633.0007773215707,13379710.0,13410610.0,13384660.0,110.2674809785068,0.048766078288074485,110.1663,110.4,110.256,,,,,,,,,,,0
13384380.657924486,1428.582066606947,13381120.0,13388140.0,13384390.0,110.22098822631698,0.0572308671144532,110.0316,110.3093,110.2446,,,,,,,,,,,0
13385283.343305487,1391.875808271515,13381120.0,13389540.0,13385300.0,110.21628814630841,0.042473110040704164,110.0673,110.2955,110.2181,,,,,,,,,,,0
13384532.755184332,1408.103266252099,13379710.0,13388140.0,13384580.0,110.25955670506913,0.021609635475512427,110.2048,110.3423,110.254,,,,,,,,,,,0
13387104.971719457,4703.670529889478,13381120.0,13410610.0,13385770.0,110.29176142533937,0.05844891180459209,110.2021,110.4028,110.29195,,,,,,,,,,,0
13384861.09137344,1882.1509540107174,13379710.0,13403590.0,13384800.0,110.27374699205447,0.03685264980021351,110.2048,110.3973,110.257,,,,,,,,,,,0
13384541.455407007,1337.7555643014277,13381120.0,13388140.0,13384580.0,110.2321940091386,0.019613706364808255,110.1993,110.3011,110.2309,,,,,,,,,,,0
13337357.448533999,3633.1869961444727,13331960.0,13361450.0,13336620.0,109.8111954743946,0.042464533041176984,109.6988,109.8996,109.8201,,,,,,,,,,,0
13336884.609202558,1398.5485503505238,13331960.0,13340390.0,13336920.0,109.792373501613,0.024745146423765123,109.7263,109.8583,109.7921,,,,,,,,,,,0
13337092.741173824,1350.0422241098322,13333360.0,13340390.0,13337110.0,109.83886897908702,0.05438242013001238,109.7236,109.9518,109.8576,,,,,,,,,,,0
13336951.147763217,1348.1467500983263,13331960.0,13341790.0,13336980.0,109.83989510845007,0.03208430884225677,109.7841,109.9271,109.8404,,,,,,,,,,,0
13337514.234373214,1375.1027220456742,13333360.0,13341790.0,13337580.0,109.85172138041366,0.015350417591581613,109.8033,109.9133,109.8528,,,,,,,,,,,0
13337488.62480217,1318.0802437185575,13333360.0,13341790.0,13337580.0,109.8571826870902,0.017948326659684717,109.7978,109.9216,109.8559,,,,,,,,,,,0
13337438.79668751,1345.2417112982457,13333360.0,13341790.0,13337440.0,109.82775940510393,0.03724554456184053,109.7456,109.9271,109.8324,,,,,,,,,,,0
13337088.799638988,1343.078243128107,13333360.0,13341790.0,13337090.0,109.86244900722022,0.02366720896505494,109.7813,109.9243,109.86595,,,,,,,,,,,0
13336328.505656108,3939.8857895931274,13312300.0,13341790.0,13337210.0,109.78547351809955,0.026446795170344987,109.7098,109.8666,109.7745,,,,,,,,,,,0
13320453.810876854,7714.084841815419,13310890.0,13340390.0,13316510.0,109.80780312553276,0.06729336633890504,109.6686,109.9408,109.802,,,,,,,,,,,0
13321228.563461214,8509.690405875273,13310890.0,13340390.0,13316420.0,109.79313686552871,0.10989617669218725,109.6108,109.9463,109.8447,,,,,,,,,,,0
13315644.600056449,1417.741535068159,13310890.0,13319320.0,13315640.0,109.6565038046853,0.013304040630437063,109.6108,109.7126,109.6614,,,,,,,,,,,0
13315266.84434968,1476.4719330456837,13310890.0,13327750.0,13315300.0,109.72542902592302,0.033054143589639935,109.6521,109.8088,109.7297,,,,,,,,,,,0
13318045.011335298,7228.267281205958,13310890.0,13340390.0,13315580.0,109.79509625935161,0.0654289517256681,109.6548,109.9463,109.7846,,,,,,,,,,,0
13315031.75333484,1371.3556111695068,13310890.0,13319320.0,13315060.0,109.92387667307258,0.019039659056272158,109.8858,109.9546,109.9309,,,,,,,,,,,0
13134642.445774967,8093.426303868748,13105850.0,13157820.0,13132590.0,109.29197405671036,0.023995227775749816,109.1626,109.3496,109.303,,,,,,,,,,,0
13131814.619909503,2387.7937999444866,13126920.0,13157820.0,13131630.0,109.35766351809954,0.02909122081140032,109.2946,109.4734,109.3488,,,,,,,,,,,0
13131603.214427494,2778.61505473595,13126920.0,13159220.0,13131410.0,109.54629726648898,0.038989722740353006,109.4266,109.6301,109.5454,,,,,,,,,,,0
131.44105502951388,40.4457004705371,59.82005,175.662,145.617,111.94311885334491,20.693901999067872,8.354756,123.6003,115.8239,59.46636234600694,32.49169622908566,12.89203,96.76093,69.86467999999999,67.34236604259259,7.138171206940847,31.27121,72.17095,68.63368,1
93.09942080659722,22.301317542654218,57.25578,117.9113,101.2018,112.25679164091436,21.809052469589382,5.710797,123.6003,116.7571,21.85608652604167,6.9453218539849795,10.61697,29.2545,24.614235,69.5087835707176,7.254411219180249,31.90874,74.24807,70.48843,1
31.937383009722225,7.313487988700963,19.07455,39.2365,35.13625,47.33062545847222,7.049514124895211,8.375321,49.58612,49.05398,10.58244594212963,0.3425810506913548,10.04756,10.96144,10.70566,31.865858418981478,0.3795128467167757,30.03085,31.97429,31.96401,1
119.2375932638889,0.6997642796729312,118.0514,119.9177,119.52825,120.30038380787038,0.26984724425138257,120.0488,120.9152,120.1902,29.284147786111106,0.6368429348911822,28.0437,29.89717,29.538535,73.60710828564815,0.5272668463724104,73.10797,74.8329,73.397205,1
117.50728790972222,0.31274628419092776,117.0244,117.9576,117.5116,120.21709321527777,0.13389338638810896,120.0334,120.5129,120.2134,28.96816105902778,0.6139779057971602,28.06684,29.88689,28.90865,70.34084268194445,0.26442530878120957,70.02966,70.91388,70.275755,1
89.24015176504629,0.6538290988908287,88.0874,89.88175,89.48843,118.09653796643519,0.08630305064034095,118.0347,118.374,118.0476,17.630065922453703,0.3079889133391399,17.06941,17.93059,17.74614,65.2385361275463,0.23454472791657963,65.04499,65.85604,65.11697,1
99.38789256388891,0.30847655345283553,99.01285,99.97558,99.29563,105.42574071759259,0.2753880660391343,105.0257,106.0,105.39725,19.40730866157407,0.295434807431644,19.04242,19.96787,19.33419,60.37705075300926,0.25959929953833566,60.03085,60.97301,60.32519,1
89.77782114861111,0.11322275419090476,89.60026,89.96144,89.76735,110.10637199305556,0.058940484704404814,110.027,110.2082,110.0964,14.69534623611111,0.15063859039899727,14.51028,14.95758,14.6671,60.27804096180556,0.14473163568364336,60.07841,60.52956,60.26478,1
94.89770553796295,0.03257794013545211,94.84833,94.96144,94.89895,115.30590581481484,0.14169726772198693,115.0913,115.509,115.30525,19.493420200925925,0.2362003082491585,19.19794,19.90874,19.42802,65.37174315972223,0.2502417784715769,65.04756,65.80206,65.32391,1
119.52453873611111,0.3134596866348744,119.1093,119.9152,119.54175000000001,100.46862207638888,0.2402991361626624,100.1915,100.8355,100.41835,21.475060493287035,0.3040256575284738,21.00257,21.81877,21.51862,63.380072079861115,0.314989665949259,63.03599,63.96787,63.29692,1
14660057.515077084,1315296.1664824893,12980510.0,16776900.0,14748370.0,94.3376947672098,3.9581239273809885,83.10198,97.25649,96.65555,1037446.6710805062,19672.60617670017,999620.9,1090266.0,1043606.0,63.41900248470361,9.4427983933408,39.37764,71.2994,68.37551,1
13575074.719621044,1221786.6916662804,12091650.0,15435710.0,13359620.0,96.93586711835785,0.3991726943031869,95.96675,97.48163,96.99045,1052616.3733415205,13254.764058519997,1039002.0,1077685.0,1046304.0,72.76716671527885,2.4527884457654663,67.97957,75.46595,74.29241,1
13333948.714478575,325380.95172328997,12888360.0,13682380.0,13374380.0,96.04174822097035,0.6205385575981939,94.939,96.60862,96.30669,3079829.214486908,6990.492690243505,3070626.0,3088958.0,3079842.0,77.25221256920949,1.5130323817094313,74.53824,78.57262,78.09831,1
14551075.695928266,1277277.4461932122,13009310.0,21004600.0,14333070.0,92.65548787663126,8.606518311008395,68.68944,97.22794,96.86769,1038480.6337455624,18041.55110774475,999924.1,1100992.0,1043364.0,64.05516627477125,9.360646869004173,38.97669,71.42583,69.20907,1
14469892.678799447,1221095.3150057984,13019100.0,16822660.0,14231720.0,94.80170416645385,4.363898225453323,79.58302,97.20811,96.89168,1038536.1386134222,16943.72490432293,999688.6,1088052.0,1043160.0,64.35236556324682,9.347059462818653,38.6988,71.51622,69.35783,1
13332209.860080644,1043500.1278513833,12139680.0,15367800.0,13035940.0,97.0324302858871,0.347999995288564,95.98334,97.40354,97.163115,1052504.0910349463,12045.843224347416,1039093.0,1075898.0,1046627.0,73.6632378344086,2.1900018773183128,66.53161,75.6408,74.706545,1
11755573.135846125,132644.25770061018,11537710.0,11938390.0,11756920.0,95.92940176060543,0.5916349489784117,94.87391,96.5589,96.05879,1129968.3628757081,17710.80882225646,1085735.0,1152370.0,1127543.0,77.69508764389238,2.220776193616764,73.86688,80.09773,78.23537,1
13742690.945833333,69011.9303169362,13599450.0,13878870.0,13748210.0,97.0068565608108,0.4467377501659017,96.22293,97.49582,97.1001,1140511.3093018017,13095.96884751387,1100695.0,1165167.0,1135140.0,80.3263844518018,2.2268726255080162,76.47686,82.70903,80.78050999999999,1
15785473.56204955,101784.70979519283,15668990.0,16054020.0,15755800.0,97.71557707972974,0.38860630138625035,97.04049,98.13999,97.773505,1168721.6784121622,17944.04563180362,1151034.0,1201226.0,1161151.0,82.4594628063063,2.219998342951527,78.61367,84.85894,82.90798000000001,1
11434799.255734863,105259.19514570276,11254330.0,11566460.0,11453200.0,95.93157026903457,0.6073535602373379,94.85715,96.59411,96.05626,638861.9741832678,18555.795062240257,588910.6,672073.8,634539.7,77.11775902352504,2.5346979739865887,72.72519,79.86937,77.74658,1
12468346.880968468,206426.5104261806,12225080.0,12758550.0,12366150.0,95.92705861711711,0.5604603400780634,94.91762,96.51379,96.062745,2103246.225123874,9582.055899054772,2083868.0,2111606.0,2109410.0,77.83988065056306,1.812506680204408,74.60185,79.72084,78.319615,1
13221071.720495496,895856.2706335023,12145390.0,15226850.0,13056395.0,97.08184945022522,0.26010727005245055,96.27725,97.30482,97.177645,1052426.1415990992,11931.91664902707,1039948.0,1075898.0,1047207.0,73.8602598831081,2.1351496203987805,67.38807,75.6533,74.751025,1
11745994.746675076,295501.53060934326,11368960.0,12102920.0,11758790.0,96.63112392177842,0.43552591954522946,95.82364,97.0834,96.73937,1110225.459824998,17548.1034799367,1077370.0,1127623.0,1119411.0,78.43519768105497,1.5416409293481084,75.62057,80.01884,78.96653,1
11949672.629391892,174974.8360510841,11706260.0,12202720.0,12021305.0,95.32164781768017,0.6938484586444175,94.10425,96.06386,95.462355,1127624.9249774774,14204.987367561915,1112988.0,1153320.0,1122614.5,76.37598562364865,2.588605051306912,71.93039,79.18683,76.860935,1
12607226.918771608,170889.42426745011,12378020.0,12892610.0,12600920.0,94.30534065642631,0.826847337443817,92.86601,95.19079,94.46797,1156862.7827227784,29887.336563894194,1123414.0,1207841.0,1151158.0,73.59909813274925,3.061940289013237,68.35382,76.92265,74.21159,1
9065008.339695945,291515.2461879922,8668137.0,9424301.0,9047381.0,94.60439524504503,0.8104205359435653,93.15088,95.46691,94.77455499999999,1081389.305135135,11532.49241487934,1065213.0,1103618.0,1082698.0,72.14229260371621,2.246635516210994,68.12355,74.52906,72.762925,1
12710051.823648648,111434.62943476127,12516910.0,12867050.0,12666540.0,96.3528217536036,0.5252154654210057,95.42233,96.91041,96.465165,1142933.2785022522,19599.373529741,1092612.0,1168590.0,1141184.0,79.0450183599099,2.118041977633884,75.35167,81.27286,79.573005,1
13296039.112490006,149700.58223792544,13082180.0,13504840.0,13248450.0,96.66477673487314,0.4091031360048641,95.94591,97.1152,96.70097,1151293.8907532743,21684.149500816606,1097463.0,1180908.0,1149236.0,79.79576623531796,2.088375189643291,76.15392,82.01291,80.25598,1
13947852.978265766,203471.4317184058,13690160.0,14228890.0,13985395.0,97.07650695484234,0.3974129622991672,96.37629,97.49961,97.14932999999999,1143709.0947072073,15956.616322864003,1101432.0,1173266.0,1137398.5,80.56865771677928,2.0355320138631323,77.00291,82.71876,80.99537000000001,1
14546091.244594594,237111.6333249984,14224380.0,14879930.0,14635890.0,97.2470877588964,0.3649936747749163,96.61333,97.64207,97.29915,1152393.4392680181,17601.355372277718,1105515.0,1184940.0,1144319.5,81.21062585337837,1.9902554455144796,77.709,83.3087,81.60204,1
13976845.990920853,976174.8378816916,12748890.0,15853640.0,13799280.0,96.27538965328185,0.7052750531622684,94.939,97.06865,96.57656,3062427.5761749162,17384.656522720892,3043963.0,3088958.0,3051651.0,75.9365644511941,1.1775410598637348,74.14956,78.20229,75.59395,1
14660526.071405075,1153054.5251178176,12955280.0,16247610.0,15516230.0,91.13443894054694,7.321686157996564,74.21512,97.29102,95.18978,1026686.2440535977,23143.095597720145,999475.4,1092625.0,1039388.0,58.855175482795666,12.823907127102135,34.86247,71.28627,64.0564,1
14542803.586920766,1742175.0622127496,12052240.0,16600150.0,15694810.0,91.10912198995591,7.692270245129147,73.63344,97.40083,96.07948,1032217.7521985131,30431.035919368955,998640.5,1093029.0,1039608.0,62.218684602074596,14.213936082555998,36.24599,75.31785,69.29871,1
14807691.930241935,1271705.1808261985,13010540.0,16630490.0,14850370.0,89.99167453239247,9.927663296506287,65.72174,97.22737,96.32337,1028907.0561021506,21611.095402762672,999043.9,1092265.0,1041047.0,58.36785622137098,14.360059961494684,31.16446,71.44041,65.880435,1
9604813.755497312,787169.1081668859,8621663.0,10658130.0,9328432.5,95.15055268306453,1.0955710528679763,93.15088,96.2274,95.52141,1075052.240188172,12973.280591463905,1046221.0,1102178.0,1069511.5,72.58195846129034,2.305822304285135,68.12355,74.58234,74.10516,1
11973709.139517337,355459.9059708235,11520370.0,12507280.0,11774040.0,96.29958258944357,0.7782698203563302,94.87391,97.12778,96.52648,1116637.5868647168,16787.36653921457,1066646.0,1151705.0,1110926.0,78.57788637766191,2.518447598071074,73.86688,80.97384,79.60163,1
13993909.618693694,359953.2956320393,13580920.0,14527300.0,13799330.0,97.2692068786036,0.570948187838031,96.22293,97.84762,97.43698499999999,1158706.9912387386,20375.73049347394,1100470.0,1193982.0,1162032.5,81.55684090878378,2.835878903798107,76.47686,84.49318,82.37718,1
15878986.176801803,151379.69935597663,15633960.0,16092260.0,15806680.0,97.98144323772522,0.5318202111409931,97.04049,98.55882,98.10956999999999,1183224.9696621622,23249.10728240071,1113968.0,1244341.0,1189569.0,83.68372803108107,2.8097165404334117,78.61367,86.57027,84.523435,1
11624180.497747747,256860.16541864106,11235770.0,11969310.0,11564840.0,96.3142381418919,0.8022296109754713,94.85715,97.14883,96.53435999999999,638181.0649684684,21076.98842923627,588634.0,674500.5,629743.25,78.37682297590091,3.094208893045112,72.72519,81.41012,79.42631,1
12775459.928716216,493063.86029889795,12201530.0,13468650.0,12649870.0,96.27124911475227,0.7315403511258743,94.91762,97.02656,96.476535,2083814.5787837838,23904.50054425254,2049303.0,2111139.0,2091078.5,78.17965157443693,1.7679219101563275,74.60185,79.8935,79.26934,1
13714919.335698199,685148.5224146057,12908930.0,14835040.0,13562990.0,96.21376687274774,0.657771524836663,94.939,96.84357,96.54433,3068040.1581869368,18035.64162714335,3047349.0,3088958.0,3074282.0,76.75229281666667,1.2374951150592424,74.53824,78.50245,76.53594,1
14699775.353438664,1156928.996234328,13017590.0,16701340.0,14819650.0,89.90588166105474,10.429024895071343,63.51054,97.21517,96.37788,1030106.2818376332,21702.925355725904,999855.9,1093444.0,1041348.0,57.79475893196995,15.114900602952817,29.88561,71.50174,65.7831,1
14260800.108221939,1706131.5806407097,12137790.0,16798140.0,13740240.0,91.22851473473801,9.576788145454731,65.88605,97.3186,96.9755,1037993.5831811168,26866.3311237193,998652.9,1091492.0,1044606.0,64.14664242041015,14.98153183948597,31.81065,75.64268,74.04682,1
12172609.898760121,674270.9518607977,11356380.0,13180850.0,12020920.0,96.84106413687091,0.5168253363458295,95.82364,97.35616,97.04574,1091953.8230385478,33088.0377857459,1045828.0,1127623.0,1105164.0,78.39523980900685,1.3300006747621134,75.62057,79.9574,78.72524,1
12110208.597297298,226891.6389976098,11673730.0,12398630.0,12109290.0,95.78795852240991,0.940689367677363,94.10425,96.7751,96.013395,1144003.843445946,22467.773894188438,1086826.0,1173147.0,1143213.5,77.78182442162162,3.267043678852076,71.93039,81.09528,78.76365999999999,1
12467861.51533238,285883.9721764142,11850530.0,12892610.0,12423830.0,94.91168011756889,1.1630864259361364,92.86601,96.16859,95.15315,1147073.8687710448,31537.853913202875,1092635.0,1207841.0,1130050.0,75.64029425579118,4.1997966174261645,68.35382,80.19943,76.49065,1
12874567.40777027,226784.95716884363,12497530.0,13181940.0,12849585.0,96.67300045608108,0.6820547447506723,95.42233,97.37581,96.878495,1118443.6545382882,31877.393863478374,1073311.0,1172813.0,1123789.0,80.05549468930181,2.5464489485032065,75.35167,82.5201,81.002615,1
13419660.587394003,202800.58788430342,13061760.0,13660770.0,13448170.0,96.97114386682283,0.5914852306119277,95.94591,97.61244,97.07932,1137506.834018401,20301.970728434044,1097246.0,1179707.0,1131830.0,80.81160387763374,2.5277575993818737,76.15392,83.33068,81.69001,1
14030352.479842342,211214.77499443092,13647600.0,14228890.0,14119840.0,97.2896370757883,0.487566113139073,96.37629,97.78082,97.4618,1158113.9058783783,18030.257912745165,1101201.0,1191765.0,1165523.0,81.58935375506756,2.4896510484848418,77.00291,84.14472,82.45421,1
14571601.452027027,244157.74326825383,14052330.0,14879930.0,14689190.0,97.44871932545047,0.451735844696008,96.61333,97.91939,97.6219,1167119.3735810812,20218.179096796634,1105279.0,1203583.0,1175960.0,82.23367021362611,2.4562895145349883,77.709,84.86379,83.09431000000001,1
16541223.013004672,786352.5117423342,15318930.0,17340760.0,17235520.0,98.20287264369834,0.6025275627400344,97.04049,98.73045,98.5964,1238172.9749336608,53332.44890372576,1110871.0,1335480.0,1267802.0,85.30533187131296,3.8086068289515773,78.61367,88.31658,88.21644,1
14553372.207943156,2036385.924166651,11920440.0,17397800.0,15999500.0,87.6104937978903,11.819687482015219,62.57418,97.42154,94.9326,2042842.0943661046,43495.01260066038,1996644.0,2105126.0,2042149.0,63.39173563301827,15.66433930112839,35.0059,79.46272,74.61013,1
14562523.14502511,1620555.6774444622,12015960.0,16364660.0,15700610.0,88.72986388122547,9.471570860970326,69.51412,97.42987,93.793,1027003.011195421,30654.846211906242,998405.7,1087101.0,1000909.0,59.57788192043685,15.223570950082424,33.72466,75.11335,64.90279,1
13896096.60518871,2100157.7558698994,11179670.0,16488530.0,15497410.0,91.36988356126231,7.069681605604742,75.01392,97.57421,95.83456,1048957.100570188,53920.726575106775,999703.1,1127623.0,1001605.0,63.78303451216035,15.555312276221898,35.48643,79.50898,74.2063,1
12797348.295203842,3584879.6114771604,8388547.0,17231870.0,14058270.0,88.85969569376522,9.014511549942378,68.65515,96.80796,93.20488,1037542.0905524243,37861.81390579739,998461.9,1096230.0,1032802.0,60.34924270247155,12.566599283691373,34.95496,73.27048,68.16319,1
15125205.356477115,1336562.735185491,13308560.0,17376650.0,14373790.0,92.00816286080835,8.806284939961966,67.75458,98.07993,96.38706,1080020.287425163,71368.12990534758,998802.8,1181077.0,1055896.0,71.59193308712909,13.548522370414766,40.96147,83.98709,77.03884,1
14486061.778029634,801020.659227933,13468390.0,15433090.0,14328520.0,97.53780934248904,0.7025649453065782,96.22293,98.18424,97.95184,1132991.111901865,31273.194671027923,1064841.0,1198070.0,1132181.0,82.26689243054051,3.1271917543672667,76.47686,85.16167,84.4037,1
16432116.30093835,730291.6016351216,15518650.0,17350460.0,16127330.0,98.15875600343338,0.5812496939595522,97.04049,98.65807,98.57224,1228234.3038717313,53776.22573570322,1112833.0,1338117.0,1222425.0,85.04558690428175,3.608683842124185,78.61367,88.26672,86.47004,1
14974600.058000967,1787142.3403652785,12818680.0,17816270.0,14719690.0,86.58433312338538,13.667641678152252,57.04676,96.94119,94.97257,3041755.7919631996,37425.21899302186,2998019.0,3097029.0,3047794.0,63.19647536258937,16.53967757070872,33.20938,78.36788,74.61188,1
14197206.682278037,1821903.6369979049,12392950.0,17473000.0,12901340.0,91.58341424223738,9.461677109820945,62.89856,97.78113,95.96564,1081060.9900381675,62491.681967120814,998976.6,1169675.0,1112698.0,71.09630758529309,13.624366531985835,38.31426,82.42974,76.58087,1
13009758.69138026,2182907.2408366688,11190520.0,17334140.0,11698620.0,93.34527826677777,6.79541745072666,71.17138,97.59967,95.93946,592948.9871100418,64623.90168919487,499353.6,672506.3,615923.0,72.26515793814433,11.31865539537247,38.55336,81.52791,76.53542,1
14019101.053643195,1908000.0318683141,12148010.0,17439960.0,13039610.0,90.0196681854595,11.421675255379638,56.74707,97.29687,95.53614,2058425.7126708692,43939.1198936339,1997070.0,2109917.0,2083321.0,67.9805338276052,15.327280222824168,33.52503,79.8504,75.82481,1
14859530.379301075,1166713.7073994863,13002660.0,16519450.0,15733080.0,86.77104511599464,12.533189956700324,59.699,97.24414,94.52271999999999,1024354.4213736559,22600.831492924535,998487.3,1089732.0,1039941.5,54.5489180125,16.409410103928455,29.12556,71.3688,60.591325,1
14583728.078225806,1687391.136235384,12119900.0,16798190.0,15629625.0,87.53032970295699,12.115083291257244,61.07585,97.34859,95.99408,1031056.5604395161,28973.73905638255,997709.8,1093765.0,1040705.5,59.26675704784947,17.338100648965113,30.17274,75.5921,68.920965,1
14289249.248242583,1389398.0240875636,13012970.0,17355000.0,13504460.0,93.78939047191494,6.822354863281009,71.73232,97.90616,96.58015,1099153.638840576,63396.899215250356,999774.4,1178525.0,1127842.0,74.1936194948857,12.245739425763654,40.86247,83.26384,79.03652,1
13171676.886711711,2046098.0472857375,11503670.0,17463160.0,11993185.0,92.25465643907658,9.079457695307747,60.60774,97.48572,95.91147000000001,1083795.9986554054,52679.642710586246,998976.3,1151123.0,1106266.0,71.85185086452702,12.703777085878754,37.42374,80.95931,77.099635,1
14363467.584797297,729791.2567118488,13561990.0,15453930.0,13837760.0,97.47794591689188,0.6606309150199761,96.22293,98.16606,97.76852500000001,1140007.5943243243,30917.050036306624,1058912.0,1208496.0,1140311.0,82.17536829932432,2.9576789992628254,76.47686,85.14092,83.439915,1
12712266.176083064,1906575.7581335567,11217880.0,17183480.0,11686270.0,94.68507840921633,4.2335632451655165,78.31783,97.5498,96.1077,600666.9720120722,59540.16340324609,499141.6,673714.4,618146.6,74.15131573238438,9.47835275791393,41.2878,81.55613,77.29221,1
14970099.60303607,1236244.120573526,13011700.0,16559580.0,15910290.0,85.51458250667237,14.147301581931439,54.74412,97.22754,95.01416,1025106.1342830437,22760.23000266037,998885.4,1087260.0,1040292.0,54.14851527787475,16.729583074865285,27.97941,71.45387,60.21943,1
14540888.67036791,1668792.722465311,12130770.0,16848110.0,15331370.0,86.72510699737609,13.523904406383787,55.86986,97.33056,96.29128,1031584.5455230351,28616.817869942053,998612.6,1088343.0,1041323.0,58.859844502190334,18.080885196790394,28.64408,75.62881,69.62647,1
13321731.400240993,1981978.1930823177,11344450.0,16972830.0,12461000.0,92.53543773792497,7.732125933305521,70.17494,97.49294,96.39786,1068520.4748285455,51786.34530862024,999155.5,1127623.0,1083925.0,69.06942826507056,15.14978328159503,34.03163,79.92045,77.12851,1
12403827.57925202,562032.3663238997,11651590.0,13478010.0,12202130.0,96.14437180486266,1.0987619026054158,94.10425,97.33818,96.50442,1117631.979887161,38754.523454113776,1044038.0,1188234.0,1124637.0,78.04821072230543,3.0837192747123687,71.93039,81.46501,79.53047,1
12596952.812306445,317651.8495752287,11828910.0,13136660.0,12633130.0,95.44376154675166,1.4386259522261535,92.86601,97.01508,95.79476,1201874.6304462887,65370.97343434494,1094883.0,1348065.0,1201959.0,77.04064554859852,4.771473013945909,68.35382,82.106,78.56074,1
11577210.4106803,3274734.848343945,8623646.0,17353300.0,9810160.0,90.28469637248168,9.42510753509058,64.08878,96.5741,94.37383,1051899.2422639895,36069.558873449154,997941.0,1102282.0,1060085.0,65.0792699691438,12.48562964734291,33.15088,74.59513,70.60992,1
13781619.2844514,1556723.7079458162,12478750.0,17391850.0,12884190.0,93.27282230847194,7.725631198189947,70.03386,97.72955,96.37502,1096769.6024673702,57775.12207476058,999629.6,1172328.0,1120837.0,74.1662834626516,11.740532849707712,39.5876,82.48614,78.79703,1
14197148.627236793,1369917.3584798016,13042100.0,17397510.0,13504430.0,93.87020761100914,7.4662721881641785,65.91546,97.87149,96.66322,1104994.7515884188,61372.23620762234,999491.8,1179242.0,1129769.0,75.03798998817554,11.882401099558889,39.7918,83.27883,79.7246,1
14615876.214822238,1092531.7817932528,13626550.0,17262080.0,14131960.0,95.21963464689918,5.481834975426227,71.19519,97.99927,97.16347,1116387.9866597597,61877.73428109347,999304.0,1190998.0,1138527.0,77.165381481323,10.104419663851369,42.58077,84.14076,80.78887,1
14656412.650450451,293576.5168041361,14028460.0,15160410.0,14696020.0,97.55599494763511,0.47161234750121966,96.61333,98.07842,97.830765,1132924.2233783784,51229.43334863629,1047946.0,1202709.0,1146970.5,82.24464270394144,2.2235500820251417,77.709,84.86063,82.92695499999999,1
13580761.774161713,1728229.835439173,11153550.0,15853220.0,14891470.0,91.19130643128139,6.394745801003594,77.1027,97.80634,94.88485,1049683.0161757933,56802.20160969603,999355.2,1141730.0,1000789.0,62.20980812715191,16.16327476326641,33.97875,80.33459,71.5329,1
17043148.54470493,3067691.2702333997,13169390.0,20379690.0,18429180.0,94.97537424175968,3.566718667124662,84.78199,98.51964,96.23306,1105800.3281212307,46573.41361351854,1000267.0,1181012.0,1099890.0,75.41027574727516,7.922702217103143,53.70599,84.56012,76.51607,1
16895509.68069475,1054825.3168361785,15225130.0,19120220.0,17728000.0,98.32145447049277,0.649629886138235,97.04042,98.9817,98.73576,1122434.9600649136,61877.37468808824,1056804.0,1306514.0,1070511.0,86.14909276058684,4.2570271021984345,78.61367,89.55196,89.04729,1
13363010.735323142,1817755.3218259623,10888500.0,15808250.0,14876430.0,91.81811816136319,5.886953218705513,78.91584,97.91706,94.86838,561649.3752406851,70774.06519946268,499374.7,672073.8,531428.7,63.26376424790017,15.425839303059433,36.92495,80.77621,72.73736,1
14222702.886028202,1605607.6148233868,11849540.0,16336050.0,15255020.0,89.65102050198469,8.076667634165002,71.77325,97.46939,94.92027,2037489.1208140529,42813.38667767459,1996938.0,2103448.0,2001483.0,60.65230477839427,16.708095350361177,33.43458,79.293,66.90621,1
14898905.603412356,1483173.227966052,12635220.0,17184520.0,15714100.0,85.85108644904494,11.349991898092208,64.56943,97.11985,93.25192,3031910.5645957147,36805.98727321061,2996425.0,3088958.0,3002179.0,58.528927024496156,17.126095010874213,32.90548,77.83341,62.43357,1
14757539.55920086,1123637.0894506762,12914960.0,16024530.0,15475940.0,87.97774457619684,9.691965670256605,68.29587,97.35718,91.59994,1019253.9201035111,21971.480359739184,997789.1,1082166.0,1000743.0,55.05178436544661,14.390686856948115,32.52691,71.27316,56.07911,1
13826952.525932586,1883794.9817407809,11126900.0,15964750.0,15148880.0,90.27942518607864,7.892220030049277,73.04607,97.61028,95.36829,1043624.6491392355,53378.61433771216,998742.8,1127623.0,1000721.0,61.13592207636132,16.64487673070006,33.11199,79.39518,66.40794,1
13703787.367705433,1687329.501478385,11288760.0,16089110.0,15030470.0,90.87168705125113,6.60191238009225,76.75031,97.73496,94.11405,1059743.136329744,65811.08701042073,999334.4,1160619.0,1001066.0,62.52327200508783,15.535583117826302,34.53527,80.64319,71.9418,1
14173312.050044958,1767896.751204078,11285570.0,16742730.0,15353310.0,86.40181996973618,12.28005915520463,61.12666,97.73711,92.87814,1082369.5692032722,91958.86434098938,999080.9,1273455.0,1004637.0,61.952575772056406,14.986619630068528,35.95208,80.44012,68.38051,1
12620421.34663041,3116210.580858458,8329973.0,15911820.0,15033400.0,89.89460734029255,6.643897747718427,75.39497,96.86114,93.18956,1032230.8810346719,37897.10629103457,999433.9,1094300.0,1000811.0,56.77003655672274,14.192863970911718,33.30701,72.82136,62.06523,1
13984083.82771552,1226810.2536435358,12140390.0,15913820.0,14921820.0,91.95281497576703,6.158255876540385,77.57709,98.0177,95.42813,1057649.076815281,63661.55134958394,999119.2,1158833.0,1002248.0,64.01663644992216,16.539129982401302,34.13508,82.06998,75.17745,1
14256351.636220092,981584.1905272941,12679450.0,15859670.0,14965490.0,91.73247588192723,6.770279235954697,75.79711,98.15906,95.94836,1062017.3073203359,68723.30796053052,998704.9,1169989.0,1001819.0,64.55851014605584,16.944903722449915,34.21056,82.96063,76.1565,1
14572979.011162525,728951.6054968828,13105020.0,15831880.0,15037970.0,91.84330080900897,7.025421432320315,75.71529,98.31825,96.37909,1066080.1789995395,73814.7814724806,998470.3,1178916.0,1001195.0,65.07923202065834,17.195487071674595,34.08683,83.91818,77.00512,1
14860192.445448365,532287.7894294969,13456470.0,15818930.0,15090810.0,92.16140372859053,6.680022727785028,77.29193,98.43634,96.61508,1071382.1948617294,79181.36522914005,999675.6,1189187.0,1000852.0,65.8421630579618,17.068656469831904,36.97091,84.71796,77.09181,1
13580744.742579043,1896923.1642187745,11379060.0,16433580.0,12578920.0,90.28283543859065,8.767709446473956,69.24256,97.60541,94.8938,1060014.8300721678,57610.92035986468,998574.1,1147463.0,1047359.0,64.29924092101535,16.96686589340966,33.49616,80.77495,73.91734,1
13288256.06360106,1941517.0797963191,11099400.0,16151750.0,12016080.0,91.2626106911782,7.632488863717264,71.81291,97.72428,95.00617,571797.124317072,70457.42162636043,499204.8,672073.8,562745.1,64.96686030067168,16.27515853542392,34.14559,81.47738,72.7801,1
14482838.366306106,1471195.826376014,12081740.0,16597670.0,15398080.0,87.3960572459541,11.046702711936165,64.46228,97.38627,92.65212,1026855.6007916799,29813.078109954386,998925.7,1091954.0,1000856.0,57.12556278487975,17.322955202669444,30.41506,75.43673,61.65315,1
13602230.030500509,1758058.122660779,11513430.0,16565910.0,12242630.0,89.4085303981733,9.503076372143887,67.74684,97.61587,94.30105,1073021.0657160953,66906.10639549086,998964.6,1175740.0,1107965.0,64.99535412990217,15.965033470742151,34.6015,81.06265,71.98439,1
13899855.646427441,1693784.1803968102,11649880.0,16789940.0,12892390.0,88.63062723112053,10.349579788746656,64.93184,97.46885,93.53488,1101509.3472057867,94102.95514368424,999803.3,1294696.0,1107014.0,65.60503726478774,14.196826691802446,37.0589,81.21617,69.51486,1
12396059.466441108,3225673.958834393,8502308.0,16486320.0,11965560.0,89.18265029817164,8.356307842233818,69.67799,96.68594,93.23571,1037937.4198953316,38139.58587575973,998642.0,1099075.0,1034485.0,58.94917599593327,14.966381690684097,31.42882,74.05341,68.21572,1
14033728.635477258,1382597.351483514,12354930.0,16458650.0,13232650.0,90.73250495341588,8.723758323638917,69.70352,97.82394,95.43643,1068742.2490624844,64713.87345366412,998978.6,1168106.0,1070879.0,65.74558363806062,17.35182485298321,34.0461,82.43934,75.39121,1
14346833.38438974,1142311.4265257432,12913630.0,16407530.0,13588340.0,90.10156960316006,9.70637905592252,67.89193,97.98528,95.95691,1074167.682119702,69800.15556918764,998791.4,1175671.0,1082040.0,66.27321081851363,17.707567012301652,34.11712,83.25935,76.18865,1
14671873.122552043,851940.8856449642,13478120.0,16357910.0,14228740.0,90.71957537158951,9.460994686141648,68.59014,98.11393,96.38607,1080253.1418273638,75205.1165761023,996991.0,1185995.0,1101697.0,66.99737045300756,17.99818896984635,34.19416,84.08244,77.03326,1
14958438.861814363,611916.7810965359,13892280.0,16289800.0,14879770.0,91.66950811063516,8.489096567097821,70.79538,98.19397,96.62172,1085805.997813297,79952.13244109508,998995.0,1197412.0,1126462.0,67.674028339639,18.121505777445503,34.40647,84.76223,77.73666,1
16147112.720197853,2788338.5289429305,13504590.0,20377200.0,14540150.0,95.769251552037,3.5517461300415465,81.84306,98.31855,96.95288,1117198.0034140244,48725.26329557422,1000552.0,1198867.0,1129383.0,77.14858101923413,8.22219541545323,50.8245,84.97648,79.58872,1
14192419.473245608,1789276.7491934863,12122400.0,17298070.0,13540070.0,86.8918616078173,13.293521871437795,60.18435,97.2927,95.03925,2049740.0406591487,45037.07427027312,1999391.0,2109263.0,2047227.0,63.55405623126655,17.884040532204118,32.07748,79.82076,74.67836,1
14857307.836933292,1085897.0572982016,12995370.0,16522320.0,15505660.0,84.98438386564335,13.495137771060241,57.06462,97.24497,90.89352,1022559.3425382061,22975.73759998334,998876.1,1087980.0,1001949.0,52.86140714149384,16.633839029558644,28.56004,71.31287,56.19526,1
13687659.905509483,1956472.5815485257,11311780.0,16589470.0,13393560.0,89.81774405166736,9.909862715054796,66.02035,97.42426,95.84969,1055400.2552467105,53789.59801649655,998214.4,1127623.0,1043355.0,63.60239597736529,18.069501517949686,30.8016,79.86329,75.69372,1
13548773.497896478,1834866.962494451,11590960.0,16805440.0,12277670.0,89.65435047527521,10.216417046404977,64.69998,97.47339,94.79497,1081126.572779204,66441.3061395256,998948.6,1170033.0,1114171.0,66.15226003387143,16.420419046747565,33.24226,81.2785,73.16601,1
13625475.819164237,1517385.4123955662,11744380.0,16743770.0,12813310.0,91.52405178859931,6.806548489163543,72.59776,97.39867,94.23357,1111888.2666245515,94534.80285491416,999838.3,1307107.0,1114767.0,67.92358125754379,13.347228256830322,37.1572,81.54577,71.81717,1
13424679.478485119,1929928.4175568072,11487570.0,16863740.0,12320830.0,89.87966771010935,10.507130375387327,62.89987,97.51319,95.46819,1069962.0292841136,57150.88557268115,998981.3,1150570.0,1097109.0,66.14499512821091,17.56242809865828,31.40804,80.93877,75.10481,1
15763939.903827745,2645799.0174578833,12144760.0,20347860.0,14383110.0,96.19755818793006,2.980351444679813,82.60228,98.70338,97.15162,1123042.0032320183,45018.47028918267,1000569.0,1207744.0,1132966.0,79.224144014347,6.054296598043595,56.834,85.07041,81.35151,1
16639869.316208515,951729.7572123777,15594660.0,19587510.0,16069950.0,98.23238193346772,0.5924601467219853,97.04049,98.85038,98.53228,1149569.5823376388,65089.46998026871,1056812.0,1313362.0,1158768.0,85.61936681212627,3.7561519706045416,78.61367,89.81941,86.59405,1
13110854.971902836,1970009.9953832484,11200640.0,16784140.0,11804350.0,90.28224439836035,10.227512245546988,64.19607,97.58241,95.57346,582523.5175204676,67993.54688523318,499216.5,672954.8,611077.6,67.46978906845797,16.282647135425254,31.78173,81.53602,74.74566,1
14194171.663081791,1859370.589319395,12158060.0,17486040.0,13353600.0,85.69753053029876,15.972772774708186,53.17508,97.29062,95.24369,2052520.8159551346,45256.69524263533,1996624.0,2110158.0,2048561.0,63.91507199810809,18.520095848522768,30.59895,79.86506,74.86496,1
14923784.785864705,1657331.9605571178,12875260.0,17829710.0,14909580.0,84.39077339395715,16.3017287571765,49.93639,96.88572,94.99426,3041513.1346636787,37108.508438891586,2998636.0,3088958.0,3048316.0,61.108934717395464,19.12994402235437,28.41332,78.45961,74.63288,1
15019383.658937601,1171843.9303023398,12313980.0,16620950.0,15833490.0,82.95151546436333,15.889437860183236,51.24828,97.24006,91.36026,1022053.4914424713,22870.654058561464,998414.9,1086709.0,1001059.0,51.4284348685233,17.697354346761408,27.26379,71.40688,53.6348,1
14753738.829266096,1662695.561187001,12124130.0,16727120.0,15949380.0,83.56029264912894,15.700126089335589,51.34711,97.34418,93.085,1027697.136962128,28943.931984711333,997587.5,1089387.0,1004962.0,55.80321594781473,19.02704879513543,27.74681,75.61339,62.03703,1
13495522.763657248,1869856.4964357687,11629940.0,17163590.0,12259040.0,89.10966351332786,11.694559378594883,60.44087,97.43164,95.02187,1086133.5509611594,66051.57162211694,999047.9,1175651.0,1117300.0,66.97293828567891,16.47214147408729,31.51921,81.38891,74.38827,1
13429663.126048718,1536648.1000980204,10046610.0,16683820.0,12706680.0,90.80517530985709,9.705371163638677,63.33686,97.89949,94.74177,1121707.6105034968,93523.48364941169,999471.8,1437757.0,1130769.0,69.43903745807947,13.396663128942984,36.24062,81.72067,74.15727,1
12108174.453000598,3263170.528255288,8603550.0,17037730.0,10510290.0,87.71478775718195,11.291525273056047,61.14718,96.6193,93.80576,1043803.8079764412,37927.47269550351,997960.2,1101849.0,1050526.0,60.51984289946959,15.82876249950433,29.62558,74.53733,68.37713,1
13969994.729842342,1457722.4091730514,12460480.0,16842240.0,13048290.0,90.24661168907657,10.581548972662041,63.26582,97.75124,95.96325,1080382.0106475225,64059.6230421633,998957.0,1172057.0,1114425.0,67.6554983759009,17.90817265015459,31.58403,82.47877,76.89086499999999,1
14268524.005563125,1159682.7040620598,13023150.0,16812630.0,13519240.0,90.60948513462989,10.472020826142769,63.91465,97.89343,96.35511,1087326.9671854414,68629.26192625177,998638.9,1178777.0,1123241.0,68.39518240250453,18.136912695773308,32.09547,83.27121,77.82798,1
14637157.044673927,879306.8966314243,13604240.0,16867200.0,14197450.0,91.14359984763342,10.224747179797985,64.5351,98.01972,96.78226,1094951.0266252998,73249.67602656939,998918.1,1190196.0,1131781.0,69.65068916294102,17.929945286444852,32.18374,84.13199,78.82259,1
15003380.234349485,681772.3716081823,14006120.0,16830320.0,14750290.0,91.10660357684209,10.58723170755705,64.35003,98.09831,96.97691,1101313.4239113051,77963.37997482099,998684.8,1201869.0,1139480.0,70.12916050811383,18.20128356107945,31.17985,84.85348,79.65366,1
17739948.032786883,323114.38128915563,17435930.0,18433410.0,17598880.0,117.35318341463413,0.23529714979071012,116.8718,117.6921,117.4204,8294543.996001599,412664.4015090688,7950450.0,9366608.0,8122462.0,77.61737695801679,1.387274805541083,75.3482,79.11584,77.97826,1
15231406.579853037,980446.1860198303,14423540.0,17156630.0,14665100.0,118.35537110966422,0.55879242282378,117.4187,118.9421,118.5725,5545826.677239327,1102103.2952904254,4685203.0,8192052.0,5064002.0,173.0961,0.0,173.0961,173.0961,173.0961,1
18239092.27719966,130852.46968459968,17954620.0,18373560.0,18279255.0,118.83372088107868,0.24515660144144755,118.5124,119.2546,118.8177,2507177.9683362353,38221.077236476296,2235074.0,2538996.0,2517336.5,79.7656052806009,0.7740388904785408,78.98969,81.45779,79.49312,1
18047308.86955612,60941.42143800394,17945620.0,18154110.0,18045060.0,119.25514767599988,0.06644261552477107,119.1764,119.4108,119.2401,2444258.3192579937,18146.917612585203,2311859.0,2463901.0,2452724.0,81.39332954566058,0.2474401997408083,81.07256,81.83429,81.38038,1
20746421.982905984,53912.233780107745,20607910.0,20787460.0,20775820.0,117.99742783377542,0.10490630270455856,117.8874,118.239,117.9655,10057562.071853817,32437.66040817064,9965731.0,10113300.0,10069880.0,70.9729730433245,0.08451197829367392,70.86096,71.43333,70.94304,1
8488401.138581201,4695572.678943248,5990483.0,20228260.0,6507974.0,21.716068325983546,40.89362361122446,3.426726,124.7187,3.597601,4012643.4951213584,22486.706289374673,4002042.0,4110627.0,4002866.0,48.548341773672696,21.407080238843655,29.20602,90.93657,38.02593,2
11649804.996735997,3018104.1084942683,9536497.0,19217560.0,10541600.0,21.854948962359806,41.74384016290471,3.423642,126.7307,3.561207,4009964.346018959,17805.37468312679,4001718.0,4070521.0,4002830.0,49.344462588284316,24.782388332173298,29.00723,103.0322,38.31663,2
10310275.683669573,2610567.2519736616,8498124.0,16849900.0,9347590.0,21.6524596047085,41.168151767437664,3.425104,124.9732,3.569694,4008972.002569534,15208.496672860194,4001848.0,4064672.0,4002877.0,46.4161624382791,21.964868269501928,28.25042,93.96285,37.02003,2
10464450.836105421,3119288.546046438,8440709.0,18309160.0,9283656.0,21.728326892496263,41.308088362540346,3.425067,125.4227,3.570512,4010077.495815827,17637.557899616135,4001855.0,4077969.0,4002842.0,48.00980917288795,22.66993978160418,28.48132,95.93655,38.26786,2
10261469.504982812,4364560.131468458,7763042.0,21260320.0,8533360.0,21.83522414587312,41.550042542922725,3.423403,126.2946,3.5767,4012575.6663078577,23038.856898477574,4001943.0,4108265.0,4002501.0,52.284037029757975,23.083655603241393,30.44586,99.17384,46.2722,2
10014220.4450849,5029274.976218504,7259257.0,22679280.0,7976515.0,21.901274917254067,41.676394867126064,3.428407,126.7781,3.582563,4014033.1579568735,26135.818275700272,4001994.0,4123329.0,4002510.0,52.81144045765478,23.78417042850741,30.35608,100.593,46.26462,2
6239486.192645578,5300216.401176725,3578661.0,19350770.0,3861838.0,21.75879058272856,41.444672846618275,3.42864,125.8707,3.551947,2018918.3113997013,38093.24564969729,2000999.0,2248549.0,2001630.0,52.184246758915236,22.684356078016513,29.97217,95.76174,40.92837,2
12734028.924962671,3087528.313578791,10520750.0,20458220.0,11604080.0,21.720873478002712,41.41245948737364,3.422774,125.7988,3.553457,6010082.160943088,14994.456046728319,6002908.0,6054732.0,6003804.0,46.7264380540991,23.19461664909906,27.61281,98.0054,38.83105,2
14508015.621722976,2743381.7525925892,12282380.0,21268750.0,13529150.0,21.667481487933607,41.388544584155596,3.422646,125.687,3.541028,8010455.747734296,12680.468971311522,8004067.0,8042060.0,8005297.0,43.394758041945906,23.353489630792435,26.62331,97.27748,33.21297,2
16441569.396506824,2380760.830971157,14246060.0,22128810.0,15629080.0,21.633271967325257,41.3476888532838,3.423201,125.5432,3.531825,10011342.38098545,11432.130813318949,10005330.0,10040120.0,10006810.0,40.772353250460085,23.11262470773477,26.08825,95.5183,30.20384,2
9036571.010035072,4428026.149383092,6602191.0,20135580.0,7204945.0,21.70579538452724,41.22710796202208,3.432402,125.2501,3.589948,4012129.588805167,21617.568123384244,4002009.0,4105533.0,4002523.0,50.60112183895274,22.82692966729923,29.26803,95.89582,41.28557,2
8252850.551824716,4869017.775286975,5711628.0,20415120.0,6190304.0,21.61112461106288,41.064638318607855,3.425701,124.7116,3.570818,4012869.0694468557,22845.431341050677,4002074.0,4116313.0,4002893.0,48.24595667002326,23.114692402562582,28.23268,94.24077,37.25139,2
7743867.593944234,5211460.402153688,5106424.0,20758890.0,5509447.0,21.439401361748676,40.70105718748809,3.430172,123.6808,3.55769,4013993.0021181293,25150.535030919567,4002084.0,4140282.0,4002958.0,46.601229612486534,22.15393877510809,28.04208,91.12759,35.68344,2
10410301.465085594,2856085.148283005,8494963.0,17582870.0,9341511.0,21.686456238584675,41.23440039806246,3.425323,125.2011,3.575518,4009499.8313135873,16426.687895175903,4001803.0,4071278.0,4002521.0,49.92515630646897,21.629822590717545,29.14023,94.99159,44.76261,2
10479062.848328067,3412691.739044622,8332799.0,19072090.0,9173584.0,21.751166978471474,41.370636332105775,3.427057,125.6453,3.574025,4010682.5725546028,18950.410538437496,4001864.0,4085355.0,4002807.0,49.657668346817594,22.871812704153278,29.28706,96.87927,39.36824,2
10351042.958887462,4027809.5242037075,7976104.0,20500860.0,8774863.0,21.805760949199623,41.48709567959292,3.427018,126.044,3.580373,4011836.7370394804,21477.916247572015,4001972.0,4099336.0,4002516.0,53.32901477898539,22.076260546443415,31.10045,98.35703,45.67355,2
13662798.827431202,4765825.566358726,8259124.0,18852350.0,13104020.0,65.58399533494133,45.68758197182145,12.2448,116.8328,45.85032,6966953.358951869,2467599.473922477,3212860.0,9599435.0,6537543.0,173.0961,0.0,173.0961,173.0961,173.0961,2
10958723.379652083,3480995.0789886317,8217140.0,16880880.0,9095853.0,48.11318419873484,43.048239592991386,6.709711,113.4854,27.23645,-8127.105471059568,109.93709871939774,-8317.492,-7936.719,-8127.106,,,,,,2
11450623.355631303,4168980.3627600605,7000272.0,16701110.0,9682911.0,60.65428272404488,40.52960156993525,14.15817,111.1837,42.45411,9110201.131089333,55484.620207030945,9020818.0,9173318.0,9126879.0,,,,,,2
8738033.105232101,3965058.888768224,4860626.0,16837340.0,7066726.5,36.10008000196696,29.345931622612905,11.51903,103.2092,23.063305,3332219.7441778127,2051140.975831058,711659.7,6618320.0,2501998.5,,,,,,2
9296210.008311072,3053278.0068098754,4488654.0,11810150.0,11790200.0,76.55490235233007,35.45639915836954,21.09643,107.1065,107.0016,5004177.093054319,1406681.0696379545,2440436.0,6188345.0,6052699.5,44.93971075541704,4.63473583424797,35.9355,48.46521,48.091065,2
10474857.961958569,3665340.351750822,5235405.0,14329590.0,11408510.0,34.236490016949155,21.73137563953442,9.436,58.6,27.726,3883810.7048964216,1815658.4141452957,1184159.0,5733927.0,4498626.0,30.810404911487755,2.0045069666933535,27.52,32.98,32.152609999999996,2
14293110.827103699,2179805.6930714,13284210.0,24730070.0,13399085.0,16.928197533640024,25.877295588826023,3.280555,111.8025,5.2326415,,,,,,,,,,,2
19548613.974747475,2526672.520463544,16296650.0,24627550.0,18783395.0,81.88026395454544,23.47694922098415,47.80243,111.8354,77.846675,,,,,,,,,,,2
15283764.857920194,3490523.861178369,12761780.0,24471660.0,13493120.0,34.34018286683797,38.565337611354416,3.557526,111.9977,14.71843,,,,,,,,,,,2
19649312.214877415,2281562.6685209433,14883820.0,24182350.0,20873370.0,89.04511524391265,35.719071675494106,18.28301,113.4056,113.3347,,,,,,,,,,,2
19629594.79710145,2777102.991512609,15965210.0,24011010.0,18926830.0,70.6277708463768,30.70779668916573,29.6838,112.4093,63.726075,,,,,,,,,,,2
16586574.619762316,2826898.0709629175,14402110.0,23773670.0,14905760.0,31.42529560614852,41.62297537407062,3.244797,113.0729,8.111439,,,,,,,,,,,2
19972593.22408265,2398247.170481104,14798370.0,23814400.0,21421215.0,94.05482492696828,29.228914174217184,29.83212,112.5889,112.5252,,,,,,,,,,,2
18292506.431718063,2629785.190327627,14834800.0,23842480.0,17571055.0,70.34139878854626,32.478278695046995,27.95507,112.5834,61.778045000000006,,,,,,,,,,,2
19801633.618809227,2335089.876423855,14867440.0,23825630.0,21264390.0,92.40409641337386,30.54638355093643,29.09175,112.6741,112.6027,,,,,,,,,,,2
18975055.225758698,2407224.486743574,15377700.0,23811590.0,18964040.0,79.72121929681717,31.12765824247615,33.84962,112.7841,79.831095,,,,,,,,,,,2
20549530.53324698,1615684.691314717,16201150.0,23563010.0,21289570.0,100.85029986183075,22.5104970103696,40.5663,112.5119,112.31705,,,,,,,,,,,2
18549088.31867058,3050805.3345919605,14019440.0,23571440.0,19065740.0,72.68808295210167,39.30491735089915,18.15211,112.4322,75.39951,,,,,,,,,,,2
19878694.97755835,2411014.848348269,14959660.0,23688000.0,21448400.0,88.51179745960503,33.876566344397524,25.70351,112.5862,112.5424,,,,,,,,,,,2
16835607.727539636,3231159.854805655,11640380.0,19956510.0,17334500.0,91.35221371109806,26.68992377037807,47.0573,115.2232,112.5046,8181701.724016442,4760.783254631937,8168319.0,8195819.0,8181880.0,,,,,,2
18043497.029525798,2540266.5629668105,14555190.0,20367700.0,20228920.0,87.64426373695198,33.190409868043965,31.91006,114.588,114.3569,8161723.4461676115,9340.541406421553,8127486.0,8190819.0,8162107.0,,,,,,2
12662468.841725899,1554922.4600903874,10683080.0,17363990.0,12546110.0,59.290511522975265,45.44543821402353,8.731985,114.2086,38.21792,,,,,,,,,,,2
12788335.193753727,938640.0260378922,11418480.0,14293720.0,12783390.0,121.07193142752743,0.4577570613288805,120.3363,121.868,121.177,4038418.584299698,15000.333051662517,4017731.0,4081173.0,4034845.0,82.45500087693993,2.967621006100789,76.8138,89.42357,82.28234,3
16407531.393884104,1447042.4161597767,11532110.0,17604240.0,16825120.0,111.27775498903488,5.297725931688048,98.78715,120.5549,111.5168,4089890.680608432,74650.06103904541,4003471.0,5182275.0,4079787.0,59.151071244407795,12.888813781072217,34.65928,89.24603,56.25844,3
16614307.509314666,1217679.4366015235,10992350.0,17680950.0,16892610.0,104.97862985580412,9.523638172040569,88.65361,120.6274,107.357,4093159.3085694932,67020.70482932596,4002770.0,5117433.0,4080585.0,54.920850501621,17.537566556394854,19.28273,90.43177,53.27755,3
17908410.332747303,1344767.1363565833,11855640.0,18905430.0,18377880.0,110.53416113550219,5.1422136411167205,98.9642,121.3631,110.2388,4111926.444152325,92025.98989535814,4002398.0,5558494.0,4082728.0,54.44675010548558,12.814145267013142,32.39307,85.48451,51.79211,3
17232476.727689154,1394913.8561545222,11812990.0,18293210.0,17737230.0,113.02947667381733,4.139811307293243,105.6128,122.5095,112.1715,4102822.1777609317,77716.70636880957,4003694.0,5143794.0,4082095.0,59.5809363755867,11.505296998590447,42.66119,84.71193,56.86065,3
17211104.35394119,1626280.9639773283,12255130.0,18657800.0,17813600.0,117.83831706801722,2.2592983452792788,112.907,122.7293,117.6574,4094864.7467217213,84652.66202427301,4005392.0,5117465.0,4077000.0,71.25512154405716,8.643811084166563,56.03694,94.01546,69.20624,3
17168271.554508943,2009808.8452181488,9660542.0,18620660.0,17894940.0,106.99671775399602,7.130770903590845,91.80435,118.1342,108.8725,4103750.696220907,94060.71387654432,4002347.0,5305071.0,4079352.0,49.01219858126744,12.942894781426716,17.49845,80.5404,47.96116,3
16993160.923724577,1867707.5965897024,11207430.0,18689710.0,17700310.0,115.59905254762174,2.6506722784405228,109.7073,120.8316,115.5765,4094051.3116824464,91738.24886157612,4002697.0,5116101.0,4077392.0,61.94205981919064,9.035890013313288,44.30107,84.3071,60.43152,3
16945001.260665495,1941749.5586914339,12129120.0,18834070.0,17829220.0,118.2599115888966,2.032315904081301,114.5003,122.1968,118.2926,4093230.454039581,89780.06370564958,4005936.0,5264305.0,4075662.0,70.50437100598396,7.674680760179362,57.42647,94.08491,70.25909,3
19542680.95872514,1779514.9042478036,13381220.0,20683290.0,20255220.0,117.72397646091066,2.4564527723742313,113.4403,122.9499,117.84,4130509.107340441,106081.52496665229,4003238.0,5525416.0,4083576.0,70.8106165030081,8.723503377367058,50.58975,93.14962,68.97692,3
19136719.98999984,1628265.2675943098,12573970.0,20370460.0,19697710.0,116.87597895127341,2.655063278114445,110.9928,122.2641,116.8702,4116324.966902692,98380.05034439503,4000353.0,5916340.0,4091698.0,65.63228882401329,7.472555474645908,46.10523,85.66946,65.69349,3
17809348.57415442,2522213.6798859797,9152936.0,20082810.0,18838780.0,106.72635497798352,5.014910275873991,95.33409,115.2082,107.362,4115120.8639655476,101994.95108712405,4001482.0,5529666.0,4082791.0,43.54306187309472,10.0394683582248,23.61347,68.02875,42.15545,3
17433685.859920382,2430242.362133212,12528510.0,20133570.0,18629950.0,120.5916781495798,1.1184905069938786,118.576,122.5982,120.4698,4096544.2003307757,102797.29332376427,4011561.0,5541273.0,4068568.0,79.1533810569434,4.59522277057203,70.28381,92.28664,79.24736,3
16447517.069366718,1399460.0538687045,11532110.0,17604240.0,16825100.0,110.881305004327,5.308953952494789,98.78715,120.5089,110.967,4089714.7068789783,74792.48399919347,4003471.0,5182275.0,4079643.0,56.79366431277524,10.62537652455888,34.65928,79.40845,55.28839,3
7846645.590631813,939069.466438897,4981945.0,8813781.0,8145276.0,84.96509159303186,23.10965403011619,24.85126,113.6861,93.05887,2070910.3304266084,59717.4798134594,2001153.0,2878080.0,2079129.0,51.24364135722714,14.005541694283115,25.48361,79.48659,45.25973,3
10024159.620758623,898853.4916504588,6764502.0,10788110.0,10368480.0,97.8267265485244,13.239234126088038,42.14321,115.2038,101.4399,4076440.4023581943,59254.51327680295,4002345.0,4765019.0,4082082.0,56.96850461033977,12.678129628419043,36.53968,85.56309,55.23483,3
10278945.943063598,1094979.3675885715,7232929.0,11266820.0,10813580.0,107.9467545568477,4.564545213650758,97.29812,116.5226,108.5609,4082299.6568170455,79220.39022270487,4002375.0,5039090.0,4074724.0,60.03937846852368,9.171247642977853,42.11096,86.81907,58.39921,3
10341879.94895079,1032571.0983142981,7246889.0,11273600.0,10795160.0,106.25526635832836,5.429714099053038,93.5727,116.1017,107.269,4081027.7190922434,80329.85830934321,4002408.0,4928060.0,4081137.0,57.65376985112664,10.913938908671414,38.19521,85.36238,55.73,3
9990961.106275948,872966.2992536172,6642649.0,10686480.0,10286610.0,92.31036969847571,20.264414924568072,26.42,113.7455,98.49205,4075483.0036667776,52565.17932957268,4002315.0,4678789.0,4082345.0,59.21881060062426,10.927345715891045,41.14203,81.33862,58.67766,3
10070932.246982489,899090.782953882,6992734.0,10855210.0,10437190.0,102.05801101095373,8.758986519746088,78.37656,115.5236,104.2062,4077046.761320031,64815.92167878442,4002378.0,4797755.0,4081664.0,58.69747707760645,12.569403333337862,36.94311,86.31918,57.03842,3
10252877.949966935,781644.3869164955,7422453.0,10984430.0,10561520.0,99.19420981886805,17.474744481980046,49.56802,117.1065,105.0165,4080757.2141970033,64847.380938362054,4002367.0,4834031.0,4081828.0,59.201118620139034,12.187251662893276,38.95321,91.22119,56.46523,3
10238747.717495443,845007.2640555039,7500082.0,11107470.0,10611730.0,106.51698312488912,7.9362103243849,83.33941,122.3144,108.493,4077766.6653171824,68486.25963877788,4002356.0,4836038.0,4080993.0,64.234492710205,15.356273003247175,38.64915,99.95883,60.39665,3
10902555.282117454,1029439.4243630664,7951569.0,11825960.0,11378130.0,114.7072658881595,2.3730038756325977,108.4055,119.0077,115.1723,4085712.1287601413,81208.57242791737,4001589.0,4819575.0,4081455.0,74.45664686011064,6.0191926889272285,59.77012,91.53576,75.03321,3
11969474.02558147,999168.8599630429,8483184.0,12773840.0,12404540.0,107.34488492144908,6.021848272558833,84.51955,117.6078,108.0182,6073568.720861963,54778.033764528875,6003461.0,6526521.0,6081270.0,68.46019925675023,10.357106781544205,48.04431,92.38977,66.56546,3
10758419.480620654,931213.9060284198,7294976.0,11481370.0,11136200.0,109.08357836384458,7.330040114929277,83.33957,118.6373,110.9515,4091077.4162809076,64881.40303745942,4002221.0,4652321.0,4081634.0,68.08492128066581,8.387585602008603,52.78637,88.97451,66.84516,3
10766571.560589686,1161343.0171050841,7830504.0,11823340.0,11357910.0,116.31666542847465,1.3983431837045135,113.4768,119.4254,116.3553,4090172.545492669,90142.43051313929,4002500.0,4976467.0,4080458.0,78.4244268431749,4.631956040888906,66.64136,91.80031,78.53305,3
10698541.317327699,1269557.6158315977,7991381.0,11996330.0,11337040.0,117.31998937079629,0.9083873229601545,115.4137,119.5407,117.5528,4092842.1561315507,89959.47696290827,4008245.0,5127568.0,4063603.0,82.12123819351925,3.4585938481361502,77.17784,94.53235,81.75234,3
12290496.854126679,1210972.304095069,8354253.0,13400440.0,12725390.0,115.31985493475702,2.1878245790271302,110.1399,119.3692,115.7297,4117290.468862401,95340.45171531661,4001360.0,5303124.0,4113335.0,77.43346176180259,5.414649668679813,63.70725,93.34609,78.16382,3
12821085.723156825,1374159.4848744902,10003200.0,14180540.0,13537650.0,119.1726924595558,0.6730836296854076,117.8263,120.5686,119.2799,6092150.270455975,82999.72396234011,6013454.0,6984044.0,6066264.0,88.79808382909401,2.5821970267986627,84.96494,97.738,88.51285,3
13996039.699022548,1067586.0721019835,10301060.0,14848200.0,14474710.0,109.67254662763314,4.7970036170040204,95.54663,117.9227,110.1917,8076503.996806349,49351.1460545615,8004813.0,8463545.0,8079788.0,70.04188330591309,8.380881649052263,53.19616,86.25428,69.98118,3
11382571.35105405,1376690.0821658468,7938074.0,12457560.0,12041030.0,119.18372880530332,0.9337379444623538,117.6773,121.0337,119.1453,4102729.4866046226,86128.58697414085,4004232.0,4815382.0,4080826.0,88.28679244020064,2.861079762076413,81.25983,95.30426,89.33375,3
9389374.849900804,489246.30866700865,8646158.0,10031900.0,9439779.0,123.5155931482766,0.10392679069088491,123.4036,123.7284,123.4809,4050398.514153454,14655.450772566823,4029969.0,4077926.0,4047909.0,105.55987108824336,0.7485077233668546,104.6015,106.913,105.3905,3
9536021.366344618,1544891.285305116,8206697.0,13326320.0,8719435.0,121.69126082194875,0.6914087974617702,119.1162,122.6851,121.9143,4060685.6114937337,64187.10417417188,4009287.0,5276725.0,4041578.0,100.20378879417409,2.295728445568894,90.11241,104.5044,100.5293,3
16065449.65418797,1073823.5338737264,12701580.0,16952840.0,16566490.0,112.06607089630477,2.610490820070756,107.0393,117.3381,111.9289,10081783.511992129,50826.21568758572,10007760.0,10495390.0,10080040.0,68.77123706753335,5.227777673157467,59.34179,83.97268,68.02976,3
10459999.85730415,1553687.9338979274,7280778.0,12287840.0,11013970.0,115.23778644816854,0.6353643368441959,114.2681,117.6493,115.1215,4080998.4703462957,99322.59360751574,4002492.0,5218657.0,4057869.0,72.10569300762917,3.8695283676556724,64.95373,82.91769,71.2411,3
11151164.484569015,1768049.3578692654,8404333.0,13604500.0,11330530.0,120.18193193144252,0.3773743704229304,119.5905,121.6143,120.1446,4098580.2735631545,103771.28064542734,4009879.0,5323297.0,4057850.0,93.44863931109198,2.506681569229464,86.56271,99.73624,93.75181,3
12957693.590626743,2378518.397757252,6726251.0,15792850.0,13393350.0,115.89972718513818,1.5371494967963246,110.8771,118.3925,116.3665,4132712.000461547,109394.30894566888,3998392.0,5621922.0,4125636.0,70.61832339794996,7.989049988138749,44.63753,78.03338,73.48332,3
15186825.334037056,159641.54812204643,14944290.0,15403730.0,15199440.0,123.09214149837497,0.03087670696929809,123.0499,123.1396,123.0891,10055537.472152004,3858.379631661012,10049840.0,10060830.0,10055750.0,104.52361481152255,0.22172088366050322,104.1994,104.8362,104.5254,3
10187374.59515476,1579518.2883998088,6827117.0,12064630.0,10841050.0,110.02489704350072,1.0636444836221022,108.7126,114.522,109.7817,4070950.942015194,103193.5142591258,4002307.0,5159499.0,4070285.0,54.750587877385115,6.0082497320670205,43.7354,70.72959,54.34388,3
10662255.829077888,1596238.6600674393,7731629.0,12574410.0,11018870.0,117.82044405877515,0.4506667532315759,117.2943,119.4188,117.7217,4089305.105146857,101239.81086327482,4011404.0,5331382.0,4054951.0,82.18702813626027,2.606698719815653,78.21602,89.53243,81.40109,3
8061727.64623623,700167.2180541786,7098983.0,9324928.0,7948991.0,118.33348275456056,0.4212339934750789,117.4604,119.3512,118.3529,4034040.5356860594,18250.36937924278,4006599.0,4132491.0,4031103.0,87.79657343682962,2.0402541822647087,80.34018,94.81968,88.17506,3
8738218.15092179,748807.6327043511,7253233.0,9653711.0,8924727.0,112.20863127308505,1.3723404118336378,109.6976,116.7006,111.8755,4037603.176518976,26519.006132701074,4002326.0,4121746.0,4050164.0,63.66267700059679,5.188066840363449,54.45066,84.19578,62.17528,3
6234876.616429297,693120.5634061755,5473245.0,7456965.0,5988647.0,120.5661084888466,0.34718866550830724,120.0374,121.1227,120.5672,2031234.9514830885,21171.610128132903,2004963.0,2175198.0,2026660.0,95.19464759705801,2.3397643603075244,89.07794,98.68749,96.14384,3
9055958.65488153,817595.4837653412,7450845.0,9995839.0,9284915.0,117.30307820287425,0.7321456362618287,116.215,119.35,117.1071,4050331.831594058,23294.098657532515,4012983.0,4100909.0,4051148.0,80.71266064307488,2.903256682919073,73.74166,90.44274,80.24349,3
9257941.738210632,952835.2138205158,6568531.0,10012010.0,9740716.0,112.48610103084853,3.5190680936035523,103.4922,119.9776,112.6604,4054645.227402108,33085.57068006472,4002235.0,4115085.0,4074415.0,80.63965189322255,6.605674307182095,67.83859,94.88772,81.62745,3
9267715.276968563,945938.867740034,6553251.0,10004850.0,9745296.0,110.50339029392582,4.644164889991397,97.28537,119.9557,110.9836,4055970.9991738773,32139.01564091852,4002250.0,4110821.0,4074395.0,74.57973359537372,8.680168266620113,56.23821,94.28536,74.99663,3
9027834.529685963,705314.1111627024,7837301.0,9939869.0,9141171.0,119.17639947257214,0.5515365282146844,118.6154,120.6369,118.8993,4047055.402167777,22974.752797106867,4010132.0,4120697.0,4046879.0,88.41832624397168,1.9324406897166189,86.27939,96.12748,87.74863,3
8925424.894643461,578153.2084804052,7845979.0,9827502.0,8944984.0,120.3875876159293,0.4943348423922522,119.7558,121.7255,120.2468,4042629.2641978096,22780.651055053,4006577.0,4134166.0,4040109.0,94.43720706479137,1.997577342222222,91.47472,102.329,94.05251,3
9039539.416506717,925224.8564720679,7093520.0,10036540.0,9350086.0,115.16812473426992,1.0134648572981155,113.2637,117.9796,115.2024,4046541.3461184856,30526.42529114886,4002274.0,4101561.0,4053115.0,73.18304682414232,3.6777678863551206,66.40988,86.07275,72.56996,3
9086402.499991935,748323.6543240739,7698000.0,9977133.0,9270156.0,118.56770688236907,0.6303591373870759,117.8061,120.2457,118.3014,4050429.7659800965,22322.95921067173,4012999.0,4102592.0,4049514.0,85.8968155594445,2.0597686408946,83.80102,93.46484,85.18817,3
9180346.791528895,541066.1846804002,8313670.0,9866010.0,9267396.0,121.09860081291633,0.473781843548572,120.645,122.1974,120.8804,4048082.915498637,22454.244934902727,4013928.0,4109958.0,4044594.0,96.51949008935628,1.7698395644412748,94.17508,101.569,96.09032,3
9210196.066306451,688604.8823166719,8075435.0,10053340.0,9336261.0,121.89999267903225,0.3211221752551826,121.5695,122.6169,121.781,4049587.2016935484,22282.553699526754,4019440.0,4100856.0,4044367.5,99.15122229709678,1.529679050662368,97.5584,102.7204,98.48737,3
9172283.112582462,867079.0876393387,7436718.0,10003130.0,9549200.0,121.25355858804174,0.23870088087212143,121.0131,121.9208,121.1365,4054619.3630381133,22988.96882929219,4017637.0,4087098.0,4059586.0,95.85209884852982,1.746195307860672,93.56719,99.00269,95.36287,3
9443280.712092131,895776.7704258113,6669901.0,10001920.0,9924269.0,118.43546109775964,0.7704421013293088,117.2539,120.2219,118.4992,4064914.867175277,26399.033693851045,4002239.0,4081089.0,4080274.0,85.333652010355,2.635835274883683,78.52825,90.32658,86.32169,3
11000310.546089454,947273.7923642045,9066595.0,12010940.0,11331630.0,117.87738488685302,0.6786117945767081,116.818,119.5754,117.859,6053370.210745335,22764.16784677533,6017860.0,6082281.0,6053171.0,83.31578721092276,2.1529830140185373,80.63987,89.71725,82.69662,3
9220381.38866756,677581.6368949369,6689835.0,9951376.0,9366851.0,118.68317310279198,0.5351438084004293,118.0334,120.3361,118.4968,4059934.522089066,20278.73490431745,4002262.0,4081999.0,4063876.0,85.33095085323957,1.9082749987787324,78.69264,88.91623,85.60705,3
9550482.61318731,597054.6311748035,8616304.0,10309630.0,9626786.0,123.78067198664495,0.17787196918013834,123.5739,124.1307,123.7351,4050846.154937983,19904.041573767976,4026187.0,4088315.0,4045768.0,106.62412964563944,1.057282151847509,105.4485,108.6575,106.192,3
9529033.842416814,814607.7095827706,7902150.0,10240900.0,9969579.0,123.56561805674285,0.10771175860132284,123.3629,123.7996,123.5495,4058201.519814836,21526.091080559552,4022852.0,4084081.0,4072654.0,104.9356374264101,1.3550530800629137,102.992,106.6916,105.2126,3
9738257.08614655,757292.9237315013,7033016.0,10104370.0,10050130.0,122.5889469136599,0.316018078139944,122.1487,123.3142,122.5401,4069715.27695608,18093.32035158372,4016426.0,4085100.0,4076917.0,100.45935102404877,1.3805830810677875,96.96562,102.0407,100.8097,3
11143406.79462572,623792.3254231978,10207700.0,11981380.0,11191240.0,122.57345661542928,0.27196162399802987,122.2625,123.0951,122.489,6048014.710446943,19239.62167181942,6023112.0,6081312.0,6043413.0,102.48502690849853,1.25028683827039,101.1713,105.218,101.9915,3
12965732.639397409,985472.3240227853,10895340.0,13984470.0,13316090.0,118.79699916450265,0.5192149458330316,117.9574,119.9582,118.8278,8055745.24687495,21396.38329010722,8022012.0,8081650.0,8060644.0,86.78450439103857,1.869501117713427,84.35097,91.27159,86.44475,3
9288139.994016033,542487.14666509,8320372.0,9909611.0,9434124.0,123.48469213858287,0.11210126411729904,123.3382,123.6945,123.4705,4052784.6814142163,14451.718303809546,4031344.0,4070203.0,4057939.0,104.73496823981033,0.8469776987489044,103.6586,106.0003,104.6684,3
8939831.887288505,803638.9223277254,7625042.0,9995469.0,9056014.0,120.24906524621365,0.39912130737210655,119.8049,121.1299,120.1042,4046022.141808739,22092.447690383713,4015749.0,4103086.0,4045696.0,92.41248482475524,1.6148850410791589,91.03158,97.22866,91.57801,3
9154420.297843514,582416.6047062769,8333142.0,10001190.0,9151677.0,122.20256364134906,0.27419542554897897,121.8651,122.7398,122.1337,4044520.190083711,20889.699676316013,4018242.0,4109000.0,4039242.0,101.25794478894821,1.2986986276248695,99.5133,104.5555,100.9623,3
10018634.107953355,508377.9967396419,8785796.0,10391730.0,10302670.0,124.94513015371216,0.06787157845471709,124.8284,125.0683,124.9501,4064883.20310005,12365.618405382842,4038309.0,4074671.0,4072037.0,110.23645085082018,0.5726879782221873,109.0647,110.745,110.5786,3
13089909.918063195,639906.7420857854,12093820.0,13899780.0,13187320.0,122.94830283875547,0.19144171727348935,122.7377,123.3301,122.8852,8050967.744173293,16180.801812728732,8030153.0,8074297.0,8049143.0,103.95269306440426,1.0204714029452915,102.8117,105.8958,103.6453,3
14964195.447668511,902034.1577713005,13055360.0,15879010.0,15294670.0,119.67467469475314,0.36765684853180824,119.1157,120.4376,119.7144,10057853.187793352,18853.798711364474,10027190.0,10079530.0,10066300.0,90.12821584557815,1.594097307224266,87.9401,93.33278,90.0581,3
9844616.345444657,238591.63220355863,9509555.0,10184340.0,9841782.0,124.81664937104159,0.027697312238074152,124.7765,124.8657,124.8117,4050005.810680889,6835.069356927186,4041215.0,4061040.0,4048948.0,110.70953440235793,0.28032002571322034,110.3592,111.1957,110.6578,3
8750555.734802173,1012025.810010678,6971089.0,10049830.0,8954149.0,117.56481084372328,0.515994553002277,117.0748,118.9512,117.3831,4037616.329860159,30773.265225505325,4002251.0,4097423.0,4049198.0,79.64128090453072,3.3557607932653144,73.33399,87.84518,80.18894,3
9089529.256084776,658708.6502897678,8140232.0,10026300.0,9107945.0,121.85143588444974,0.2870440390446178,121.4824,122.4151,121.7858,4044666.817577703,21219.493461857477,4018144.0,4110154.0,4040246.0,99.64353822448749,1.3112984781783488,98.0257,103.0924,99.1915,3
15112710.979209343,477452.4074327736,14369430.0,15721620.0,15180980.0,123.27900560492911,0.11195423599329302,123.1507,123.4817,123.2471,10054172.38842562,10862.827786492035,10039580.0,10068990.0,10053940.0,105.25789907579154,0.659838631396955,104.4255,106.3327,105.161,3
8516291.03941485,1658265.4141729933,5154995.0,10193030.0,9248471.0,69.21919539279132,2.435092296647087,65.45858,82.91708,68.43858,4038310.906498664,38435.76183739288,4002364.0,4135285.0,4002808.0,11.175862989899027,2.529526128800893,-1.772124,17.14324,10.92511,3
8658761.643591026,1229323.5463154071,6322026.0,10084060.0,8920171.0,112.39786803658124,0.8776414302063498,111.1861,115.243,112.1251,4033546.5368473683,35699.36588060257,4002209.0,4088762.0,4002681.0,60.82248145921708,4.216611466598905,53.25579,71.76875,59.67239,3
8840826.935676381,908566.2876485272,7307140.0,10038480.0,8982884.0,119.27768933047307,0.44340420535368724,118.7949,120.273,119.1415,4042542.9636607044,25317.59287592873,4008057.0,4100160.0,4047354.0,86.90224968064001,3.416949468947431,79.24633,93.42275,87.44106,3
14062884.984423677,234364.59553349126,13645510.0,14563190.0,14068425.0,117.0115031319537,0.3484314641235819,116.2078,117.8093,117.0106,6029062.623831776,105651.23173113928,5776030.0,6283105.0,6035372.5,69.25705785324878,0.7086543493306753,66.92933,70.91685,69.36133000000001,3
13689866.748873875,142604.07190108713,13441780.0,13955950.0,13696090.0,56.73285700844594,0.14372837493070273,56.47714,57.08181,56.720780000000005,2126294.955618295,188503.77224396312,1755825.0,2579991.0,2138325.0,37.93687176136363,0.2778173151758122,37.29,38.47,37.94957,3
13919799.033515198,551920.377051356,13186220.0,15767680.0,13818615.0,55.832571209219466,2.6476534654984234,44.01123,57.1114,56.67457,1959868.6646253201,513657.0461496686,1077493.0,3409990.0,1895825.0,37.44299648535798,0.7602161606130579,35.02,38.52,37.528855,3
15430959.592235176,794940.1528288363,13908220.0,16450360.0,15602360.0,46.415931205444295,6.189374914625317,37.14034,56.2665,44.62479,2557970.5496736765,1863421.9123219827,1037493.0,8322485.0,1514310.0,27.843971352038825,5.711475470952135,7.8,35.56656,28.53154,3
15453787.038422875,971712.7672819274,13227600.0,16817040.0,15692965.0,46.97650865464091,6.127663618756976,37.4002,56.52014,44.779165,2246256.341338099,1658333.388662649,1148326.0,8468318.0,1399538.0,23.855228152797945,5.02064944221991,1.9,28.06,26.133975,3
15434547.443416212,1087708.9772662069,12643520.0,16880050.0,15700440.0,47.93438606645111,6.280905080827571,36.46173,56.92524,47.328625,1592353.8458022077,994019.0295140458,1138326.0,7591653.0,1233023.0,23.759820686196903,4.992824207408875,2.27,28.07,26.013925,3
15358143.920055613,906363.9345494983,13624230.0,16970690.0,15508720.0,49.6247741703163,5.246982782117283,40.2523,56.26795,50.02625,2339354.931595412,1491737.76192551,1235826.0,7984152.0,1530901.0,22.038835581786582,4.28349878680205,4.41,28.07324,22.98558,3
15332180.822428865,856424.8161423662,13674640.0,16362650.0,15563330.0,49.82992148282198,4.666913755321907,42.20995,56.2748,49.04961,2285794.741912133,1507605.8947661861,1164159.0,8069152.0,1574007.0,25.48111824377749,5.239382053480669,4.5,30.75,28.15579,3
15347087.263205064,894727.0036381894,13446420.0,16361440.0,15576710.0,49.48419938385705,5.189832994816157,42.13629,56.4433,49.15555,1939147.6936649303,1196651.305147513,1244159.0,7655819.0,1440447.0,27.585092722231558,4.133488829688467,10.53,31.93,29.50628,3
15112529.805549365,1083184.9266741537,12040660.0,17333020.0,15303745.0,44.57923554212169,12.243039533146726,11.1916,57.49517,47.12182,2051035.1352239803,1432909.4979861926,1209159.0,7776653.0,1391394.0,26.68464282071919,6.4604808971319665,-2.02,31.56,29.534565,3
14993458.714333668,499986.98213218874,14068330.0,16010600.0,14877665.0,52.60682502965201,3.626980945631223,43.39833,56.37294,54.59773,3233941.019301779,1334702.9610125031,1439159.0,7318320.0,3105369.0,26.715808971690723,3.024277192569956,16.73,30.98,27.398384999999998,3
15413532.185201693,704591.4115953173,14011850.0,16393090.0,15517495.0,49.43804442389124,5.028933447693263,41.70435,56.25408,49.60655,2460077.231557834,1500997.0002970933,1319159.0,8086652.0,1788212.0,27.00019298194785,4.027191835926133,13.71,31.61,28.837645000000002,3
15247124.544123445,810325.9855864559,13347640.0,16365860.0,15388780.0,49.62843018415273,5.405846365331556,40.95983,56.66356,50.33404,2580154.9303936474,1605154.1287884107,1281659.0,7805819.0,1751356.0,26.04794758743031,4.269648172434288,10.42,30.77,28.07821,3
15210450.800581396,937040.0936226067,13382310.0,16261720.0,15502075.0,49.729879653488375,5.222792922500522,41.81673,56.71908,49.270880000000005,1824275.849848802,1173159.3005949387,1089159.0,7390820.0,1343780.0,27.176023666976853,4.460291169679168,10.84,31.64,29.460195,3
15264695.010301242,888785.9762203993,13386070.0,16282370.0,15540020.0,49.83118490227741,5.306154654402354,41.11359,56.72035,49.93467,1752594.404922323,1114147.2100230777,1163326.0,7327486.0,1287796.0,28.516282556935245,3.857802806273353,12.72,32.2,30.47175,3
15108302.594968483,913391.1113280678,13381520.0,16302240.0,15352100.0,50.51797909689296,5.176222614755809,41.59995,56.59176,51.18245,1922014.2456071847,1255220.9453410753,1164159.0,7507486.0,1310977.0,28.017603120432867,4.462925659411649,14.63,32.64,30.35863,3
15274015.711899327,964069.2266350698,13435290.0,16352170.0,15628720.0,48.937294114371625,5.733233026514306,41.21091,56.44133,48.75037,1886217.1234478534,1279605.7502248618,1157493.0,7600819.0,1308780.0,27.72926272509605,5.008002511224675,11.16,32.23,30.49845,3
15315502.619300107,908729.4108583494,13427680.0,16358150.0,15621990.0,48.884343762348614,5.841766870108057,40.52293,56.43288,49.20607,1744085.4347267959,1128127.2655006608,1154993.0,7586653.0,1273932.0,28.032500561477924,4.31383539090364,10.73,31.71,30.16505,3
15213103.213987416,938721.4834242803,13452520.0,16403460.0,15438700.0,49.576064552592015,5.765494458650387,40.53847,56.32703,50.30347,1911350.226683,1250753.7435371603,1164159.0,7542486.0,1334841.0,27.265661703324238,4.761532436424359,10.29,31.61,29.48877,3
14754908.514468372,989487.1429276092,10045310.0,16415250.0,14730990.0,52.43326607166891,5.23259884667956,30.49792,56.74164,54.97287,2550750.208894123,1148189.250733616,1143326.0,7298320.0,2262870.5,29.20748027310453,4.1466688112042105,9.07,34.15,30.349145,3
14804478.431830829,1110972.7821094107,11416420.0,16586840.0,15041005.0,51.194197532554256,5.079893869902472,41.22222,58.22581,52.569535,1761715.6688925987,899310.1827420333,1182493.0,7463320.0,1349159.0,33.1355662654424,3.7111330112108525,15.17,36.78,34.3886,3
15226520.692688903,1063146.117071529,13147260.0,16655690.0,15403580.0,49.18798868812294,5.702552865152616,39.97678,56.63471,48.66748,1993409.343170555,1365623.3289442915,1139993.0,7642486.0,1386886.0,27.974526826605047,5.3250007961107375,6.38,33.59,30.3887,3
15303672.50599989,958509.6554337274,13119890.0,16688530.0,15565530.0,47.71419745437294,7.196947101058075,25.19148,56.36934,47.40894,1791639.5038231846,1202534.840329226,1101659.0,8690818.0,1310523.0,27.410787838365795,5.265197096786191,3.05,32.07,29.55042,3
15099244.863684712,998073.5613387263,11940510.0,16475780.0,15313050.0,50.59734427923641,5.827455123118234,25.94368,57.68863,52.42642,2047986.8412360745,1230760.5342858138,1110826.0,7078320.0,1460750.0,27.92449794323462,3.993934934710141,14.5,32.66,29.64187,3
15085144.965755332,866676.9514946649,13398520.0,16160690.0,15288720.0,51.139466619522246,4.227864003085154,43.69777,56.34269,51.52866,2088630.2668300017,1318225.7766190644,1210826.0,7357486.0,1423326.0,29.431624255248067,4.336908054892081,14.38,33.55,31.60304,3
15017013.348879537,903533.5642048814,13384800.0,16177410.0,15260835.0,51.28684132692527,4.308158102328499,43.26696,56.40535,51.574259999999995,2049637.1222898765,1231408.7912347775,1233326.0,7221653.0,1435750.0,29.68316943449844,4.4162993400885595,14.09,33.64,31.94478,3
14981550.141433265,843217.7838690914,13425230.0,16345350.0,15111710.0,51.88926535608887,4.0071044128207065,42.5797,56.29892,53.51344,2131363.4894481874,1200238.970081641,1185826.0,6864987.0,1552038.0,30.43820907734284,3.934597731916501,16.82,34.72,32.27277,3
14691960.205738122,712761.1456986816,13523980.0,15810570.0,14750610.0,53.75516538357477,2.4711465129158015,47.7369,56.40604,54.59392,2396487.0653266334,1141347.2725785226,1167493.0,6482487.0,1964840.0,32.042387778653904,3.2270962067213294,20.47,35.38,33.37793,3
14278778.412031591,376444.4062941316,13628910.0,15211110.0,14251690.0,55.81299496779253,0.6064042727861687,53.59658,56.4604,55.99501,2689100.549823559,686530.9080345713,1417492.0,5011655.0,2584688.0,35.03395112754159,1.434249554977622,30.57,36.99,35.33213,3
13867905.613908205,93952.11485362065,13711630.0,14048740.0,13866950.0,56.389464371627255,0.08966750509269905,56.19387,56.54788,56.39023,2477218.8651460363,152242.1497128915,2123325.0,2819991.0,2473325.0,37.38413675938804,0.21751144864319427,36.93,37.81,37.37537,3
13875244.90479902,158356.98626674816,13624870.0,14181030.0,13872475.0,56.33554837490257,0.13925536953963044,56.02756,56.54962,56.34844,2477846.6968043647,262742.30040786625,1963325.0,3054991.0,2460143.0,37.19436864937089,0.39954457526340803,36.22,37.95,37.23223,3
13872605.93514118,213437.16652654618,13445520.0,14184420.0,13872780.0,56.36304480905787,0.21785221911785413,56.02993,56.91699,56.36358,2485037.869387755,335161.26641230343,1894159.0,3193324.0,2456203.0,36.96157903103159,0.5807233361844449,35.46,37.88,37.02183,3
13999239.316191014,156084.77608332268,13654450.0,14244000.0,14012540.0,117.29580337666006,0.20036216264567167,116.9109,117.7312,117.32765,5906186.31449562,65155.628737529936,5749265.0,6066821.0,5907541.5,69.02893270556655,0.43680441948370763,68.02305,69.89149,69.092815,4
14115471.423975382,301291.47923457745,13705360.0,14603090.0,14054750.0,117.29872650720381,0.30304755828203894,116.6375,117.7702,117.2888,6009399.054972723,92658.43220050327,5807858.0,6229576.0,6023968.0,69.02528621765283,0.35413460513639416,67.96989,69.92947,68.97121,4
14037159.033472802,316088.36114733963,13545760.0,14541780.0,14016350.0,117.1477289818689,0.3002240125135148,116.2859,117.6921,117.13045,6006406.20111576,82587.15914455045,5774583.0,6173878.0,6012843.5,69.11332498884241,0.4939113987873939,67.97748,70.0358,69.13222,4
14206285.431358885,215678.5111967169,13811090.0,14543240.0,14241150.0,117.25935987456445,0.24568843136737706,116.9109,117.7312,117.1721,6052387.179512195,60469.056996079344,5904788.0,6166644.0,6063592.0,69.3806927163763,0.5521269479081331,67.57493,70.08138,69.61172,4
14048606.964509394,357987.9453182644,13565710.0,14722790.0,14036520.0,117.10555869171885,0.4846533776236909,116.2468,117.9265,117.2062,6035495.723312456,103249.81057190592,5778200.0,6254894.0,6037078.0,69.10669864718163,0.7068053724226567,67.01288,70.29404,69.1228,4
14046337.071030641,226729.4621435748,13705360.0,14463440.0,14027805.0,117.1592808913649,0.28614888351670975,116.7937,117.8093,117.13325,6000347.798607242,92083.05677925955,5760116.0,6210769.0,5987897.0,69.09763372841225,0.7038407277031796,66.89136,70.8409,69.12311,4
14070205.00139082,245448.18404057837,13745260.0,14483390.0,14027685.0,117.12745019471488,0.239347387902029,116.8328,117.8484,117.1145,6019244.424061196,75012.834907571,5812921.0,6161581.0,6013047.0,69.14501192350487,0.4766942680195627,68.16736,70.14973,69.015425,4
14132694.662491301,213970.0913503015,13765210.0,14423540.0,14179450.0,117.25169771746695,0.20624873872279675,116.989,117.614,117.2108,6015200.284481559,46774.54460800218,5888150.0,6160134.0,6013034.0,69.05065756854559,0.33171166402725294,68.16736,69.70161,69.05183,4
14008055.72585148,154627.58190329804,13825050.0,14303850.0,13968250.0,117.18913840033501,0.15106358683004864,116.989,117.4968,117.13544999999999,5994211.107063093,29080.199208863873,5893214.0,6084904.0,5993247.5,68.94019264377442,0.32373852987803287,68.1066,69.53452,68.93869000000001,4
14120647.78118467,178184.14468336562,13805110.0,14363690.0,14156880.0,117.17138795818815,0.1839490172212342,116.8718,117.4968,117.129,6008329.594843206,25382.07200340661,5904065.0,6060310.0,6011899.0,69.17226673728223,0.32744557642638,68.28889,69.66364,69.22836,4
14026538.23504868,168965.00407757648,13805110.0,14343740.0,13983540.0,117.1286254798331,0.19289374306183982,116.8718,117.4968,117.0801,6010165.690681502,26583.00595869965,5906234.0,6090691.0,6011444.5,68.95773477329624,0.34147521506890416,68.14458,69.67883,68.90441,4
14101355.50069735,200614.42439234402,13765210.0,14383640.0,14137845.0,117.11150924686193,0.18373054351571289,116.8328,117.5359,117.06095,6000085.057880056,29158.076716698026,5855599.0,6065374.0,6003165.0,69.07268176987448,0.38637497376684793,67.96989,69.61806,69.16398,4
14015441.708913649,216673.6036674051,13745260.0,14383640.0,13980085.0,117.21199373259053,0.2299771704961847,116.8718,117.614,117.14515,5974329.7160167135,32602.433783531404,5878024.0,6046566.0,5976997.0,68.90327214066853,0.41431778718140827,68.18256,69.80795,68.834715,4
14133644.389972145,195253.01318472374,13805110.0,14463440.0,14155945.0,117.16791802228411,0.2407072568556722,116.7236,117.6531,117.0812,6011137.183704736,61022.33041048027,5885257.0,6219449.0,6008505.0,69.11118315041783,0.38686709693227456,68.00786,69.65604,69.170445,4
14081434.549756438,241716.17958025762,13725310.0,14503340.0,14042510.0,117.19365491997218,0.2711263835172948,116.2859,117.7702,117.141,6020410.221851079,85845.93323997475,5814368.0,6218003.0,6022384.0,68.73415158524703,0.5961028615775201,67.09643,69.83833,68.73226,4
14033020.510460252,211414.42614328422,13725310.0,14490810.0,13992815.0,117.12084064156207,0.22868742191467112,116.5593,117.614,117.0671,6016485.09958159,76431.17932396338,5843302.0,6197749.0,6011470.5,68.76014533891214,0.4453136200454944,67.53696,69.54211,68.73677,4
14149347.841004184,214710.29322272196,13805110.0,14503340.0,14168320.0,117.22503015341701,0.20864136848134288,116.9659,117.6531,117.16245,6006256.943375174,41946.271196650756,5896107.0,6090691.0,6002059.0,69.06472275034866,0.3325246591099517,68.34965,69.73959,69.11997500000001,4
14020043.379262352,246460.03558245063,13705360.0,14463440.0,13967720.0,117.22213828810021,0.2657869017630376,116.8328,117.6921,117.1147,6012485.172860125,41379.87891228395,5904788.0,6103712.0,6015643.0,68.84064694919972,0.4249447124971401,67.99267,69.73199,68.84258,4
14109748.491853502,218467.1009747785,13765210.0,14423540.0,14109540.0,117.17210018103329,0.19727761633457688,116.9499,117.6531,117.0671,6007633.5591143295,35311.788373208,5892491.0,6108052.0,6005552.0,69.23019055981061,0.3631748254532538,68.28889,69.80035,69.30476,4
14183303.04031355,246053.11262760797,13825050.0,14523290.0,14216225.0,117.20529077547593,0.28522717509779155,116.5593,117.7702,117.18395000000001,6089126.497200448,69212.85335184101,5900447.0,6266468.0,6079557.5,69.17371352883539,0.436133984393893,68.20534,69.8839,69.135525,4
13987437.610299235,245925.45912639797,13645510.0,14423540.0,13929910.0,117.07643157967989,0.22596501154543758,116.5984,117.5011,117.0496,6029340.85414057,67480.57400394697,5806411.0,6168091.0,6023206.0,68.86862729575505,0.4492392258858223,67.68886,69.80795,68.84184,4
14138199.938684504,196349.45907898364,13805110.0,14423540.0,14172810.0,117.1378283444816,0.19650450553646337,116.8718,117.614,117.04805,6021890.156354515,33980.161995816925,5895384.0,6114562.0,6023158.0,69.24148372352285,0.32075603286701626,68.50156,69.94466,69.31789,4
14118082.947807932,260547.0317395098,13785160.0,14563190.0,14078010.0,117.22485151009047,0.2441552094544501,116.8718,117.8093,117.1682,6040592.346694502,74698.22913219001,5871513.0,6215109.0,6034169.0,69.07253437995824,0.42765974143457075,68.22813,69.92883,68.98853,4
14051421.716875872,202951.42894902604,13725310.0,14496330.0,14051900.0,117.15086941422594,0.2666327625463992,116.7937,117.7702,117.15665,6034989.661785216,73411.89916060593,5864280.0,6195578.0,6054462.0,68.9864989218968,0.4317536498784236,68.08382,70.02061,68.897705,4
14091131.772663876,282924.49807612837,13625560.0,14523290.0,14063460.0,117.12191988842399,0.25695878808291034,116.6765,117.7702,117.0603,6031198.245746165,78922.85651718426,5836069.0,6233193.0,6017431.0,69.23375558158996,0.4264447284624973,68.1066,70.1953,69.22658,4
14068071.321413605,230964.26624956384,13705360.0,14423540.0,14081780.0,117.02822667970388,0.3727957574734314,116.4031,117.8093,117.0239,6025380.761838245,98462.45527928766,5828112.0,6228853.0,6014466.0,68.99961834055036,0.6312888027340373,67.35467,70.02821,69.08487,4
14081410.89270746,308267.2225337424,13705360.0,14682890.0,13992790.0,117.0302227158424,0.3914789877313761,116.4031,117.8484,116.9152,6043177.682034087,101751.90306125014,5819431.0,6251277.0,6047498.5,69.34711916177703,0.5769631379675522,67.93191,70.70419,69.43407,4
14057235.737331562,405309.34759260714,13446010.0,14722790.0,14015565.0,116.99119628961851,0.5571573322167017,116.0515,118.1218,116.9787,6039816.194913646,126568.88142298568,5768796.0,6395226.0,6036110.5,69.10278277472007,0.8558885881362019,66.52678,70.76495,69.05155500000001,4
14261725.325905293,235840.8153515242,14024550.0,14882380.0,14179175.0,116.64628335654598,0.2682195800569708,116.2859,117.4577,116.5714,6106656.136211699,104615.13508974717,5937339.0,6385822.0,6071187.5,68.40430130501393,0.3391921144419987,66.85338,69.46616,68.43226,4
14119589.082172701,368087.3455256976,13625560.0,14822530.0,14027110.0,116.52697469359332,0.4263715869835958,115.8172,117.3015,116.42645,6124766.0355153205,88978.5810784284,5944572.0,6309146.0,6113299.0,68.19995227158775,0.8251531748651987,66.51919,69.81554,68.104455,4
14183928.455749128,198920.41649511672,13845000.0,14503340.0,14210620.0,116.49506002787457,0.25415806156545845,116.1297,116.989,116.4485,6055442.854912892,40667.78868571195,5918532.0,6164474.0,6052669.0,68.59742664808363,0.5103841028542583,67.25593,69.54211,68.64323,4
14260590.808207706,321687.41772269766,13964700.0,15002080.0,14158615.0,116.62734924623116,0.2710015488441131,116.0343,117.2234,116.5551,6091099.495254048,108268.56298878453,5956146.0,6367738.0,6049249.0,68.56327285315466,0.4062292251465363,67.76481,69.64204,68.49694,4
14306501.408054069,92127.1756808623,14164200.0,14780660.0,14275320.0,116.44833066741761,0.22325853001996906,115.5828,116.7937,116.5002,6266301.624049564,93561.24324397292,6066097.0,6508070.0,6255107.0,68.38767797944242,0.9877893392482544,65.26597,69.76997,68.65009,4
14167012.185365854,63666.57313741501,13984650.0,14244000.0,14189470.0,116.5282201393728,0.05762527684396652,116.2468,116.8328,116.5203,6144612.097700348,62815.77605016571,5951806.0,6284673.0,6148552.0,68.5706240445993,0.34447429766840876,67.56734,69.15475,68.58382,4
14220615.207431205,397713.5856039025,13545760.0,15022030.0,14136710.0,116.70055647436794,0.5199640903812791,115.739,117.5359,116.7378,6133364.469478978,117389.51016200193,5940232.0,6395226.0,6100288.0,69.33628333426456,0.56107909445405,67.81039,70.49911,69.26209,4
14045292.17142857,315983.54763922235,13565710.0,14642990.0,14004270.0,116.65987689198606,0.32913055319954826,116.2078,117.3015,116.554,6030211.569198607,89610.09150493552,5838239.0,6290339.0,6000271.0,68.91854912334495,1.071166913542836,66.47362,70.38519,69.09399,4
16645920.2271777,40837.41389618962,16538200.0,16757640.0,16645640.0,118.13740482229967,0.0334991584620829,118.0827,118.1999,118.1354,7303579.787317073,303596.3458238635,5954700.0,7928026.0,7342929.0,173.0961,0.0,173.0961,173.0961,173.0961,4
16817752.248956885,32422.986329150182,16717740.0,16857390.0,16826270.0,118.10762159944366,0.026081942776391608,118.0437,118.1609,118.1084,7517488.056467316,263316.04809458717,6560875.0,7974321.0,7575074.5,173.09610000000006,5.684737222304535e-14,173.0961,173.0961,173.0961,4
16832096.586759582,13012.452193444018,16797540.0,16857390.0,16831410.0,118.09805131707317,0.021171957907861458,118.0437,118.1218,118.1016,7511279.753588851,322349.8268203413,6479136.0,7962024.0,7641853.0,173.0961,0.0,173.0961,173.0961,173.0961,4
16835416.037552156,14258.076343685918,16797540.0,16857390.0,16836845.0,118.09284884561892,0.026634353135080648,118.0437,118.1218,118.0978,7515330.878164117,329233.78555942903,6510240.0,7967088.0,7654294.5,173.09610000000006,5.684737222304535e-14,173.0961,173.0961,173.0961,4
16841641.35728264,10701.038907930535,16817490.0,16857390.0,16843315.0,118.02679523343585,0.014473519003204663,118.0046,118.0827,118.0275,7524694.446603299,308871.93408773845,6569556.0,7949003.0,7652246.5,173.0961,0.0,173.0961,173.0961,173.0961,4
16851056.619639613,12002.309832850206,16817490.0,16877340.0,16850020.0,118.04505217209105,0.019523760835928584,118.0046,118.1218,118.0437,7519255.135074731,317791.5083207105,6574619.0,7902708.0,7653932.0,173.0961,0.0,173.0961,173.0961,173.0961,4
16856486.86348409,11450.077847155344,16837440.0,16877340.0,16855730.0,117.99499546342825,0.023357675038110648,117.9655,118.0827,117.9923,7537618.090591848,332522.3381272855,6609341.0,8003255.0,7680929.0,173.09610000000004,2.842369328615838e-14,173.0961,173.0961,173.0961,4
16852674.713987473,12542.486675237205,16817490.0,16877340.0,16851700.0,118.06840764091858,0.03249538752285893,118.0046,118.1218,118.0687,7525594.730549756,350926.0676136957,6548578.0,8019892.0,7626385.0,173.09610000000006,5.68473749744545e-14,173.0961,173.0961,173.0961,4
16635903.039721254,6701.061851823794,16618000.0,16657890.0,16637950.0,118.11660125435537,0.013285736028190592,118.0437,118.1218,118.1218,7318535.773379791,107492.03851692352,6588363.0,7533794.0,7338656.0,173.0961,0.0,173.0961,173.0961,173.0961,4
16615537.17862638,16740.37146686041,16558150.0,16637950.0,16619660.0,118.11458648762061,0.013470312934023647,118.0437,118.1218,118.1218,7287272.009651699,228299.38456737943,6211493.0,7673403.0,7339227.0,173.09610000000004,2.8423697449112445e-14,173.0961,173.0961,173.0961,4
16534801.31831456,5810.339282120178,16518250.0,16538200.0,16538200.0,118.09002690863579,0.021293584553577046,118.0437,118.1218,118.0935,7249217.602002503,73730.49227880144,6998508.0,7385506.0,7259761.0,173.09610000000006,5.684737167322271e-14,173.0961,173.0961,173.0961,4
16535989.716312056,4947.283639862511,16518250.0,16538200.0,16538200.0,118.09736986510916,0.01736943697184621,118.0437,118.1218,118.0997,7247212.087053261,78742.3602159947,6974638.0,7412270.0,7259533.0,173.09610000000006,5.684737167322271e-14,173.0961,173.0961,173.0961,4
16537645.011820331,2659.9247789147603,16518250.0,16538200.0,16538200.0,118.0561693366708,0.017924728293228515,118.0437,118.1218,118.0437,7254555.83521068,93417.42856228675,6877707.0,7430354.0,7274535.0,173.09610000000006,5.684737167322271e-14,173.0961,173.0961,173.0961,4
16536391.137473831,4559.865116568003,16518250.0,16538200.0,16538200.0,118.08505720865317,0.024100824012028607,118.0437,118.1218,118.0887,7246278.037124913,99552.08253939074,6618744.0,7409377.0,7272951.0,173.09610000000004,2.842369300924792e-14,173.0961,173.0961,173.0961,4
16538200.0,0.0,16538200.0,16538200.0,16538200.0,118.09502701157439,0.018679869824514757,118.0437,118.1218,118.0977,7241574.288244317,88484.58008712674,6955106.0,7402866.0,7263047.0,173.09610000000004,2.8423691349407174e-14,173.0961,173.0961,173.0961,4
16538200.0,0.0,16538200.0,16538200.0,16538200.0,118.08186174505984,0.02577365599974446,118.0437,118.1218,118.0866,7234169.11967715,95282.23808644075,6885664.0,7381889.0,7257394.0,173.09610000000006,5.684737442386633e-14,173.0961,173.0961,173.0961,4
16538200.0,0.0,16538200.0,16538200.0,16538200.0,118.07409707357859,0.026532091878492904,118.0437,118.1218,118.0718,7237457.784698997,95587.243694631,6857453.0,7409377.0,7258991.0,173.09610000000004,2.842368996832707e-14,173.0961,173.0961,173.0961,4
16541968.106187291,6028.030012746814,16538200.0,16558150.0,16538200.0,118.10620812430321,0.024459078749811913,118.0437,118.1218,118.1218,7244555.908723523,87919.43862085586,6934853.0,7402866.0,7260202.0,173.09610000000004,2.842368996832707e-14,173.0961,173.0961,173.0961,4
16547269.75017446,6819.568884677831,16538200.0,16578100.0,16546930.0,118.08601194696442,0.02482548665095322,118.0437,118.1218,118.0852,7244554.993440335,83423.05290542103,6958723.0,7415887.0,7263475.0,173.09610000000004,2.842369300924792e-14,173.0961,173.0961,173.0961,4
16528052.73352999,10143.720206327822,16498300.0,16538200.0,16530090.0,118.02117152689983,0.01890959443778416,117.9655,118.0437,118.0205,7232636.280376458,152030.82251525923,6277318.0,7496903.0,7263802.0,173.09610000000004,2.842370582765512e-14,173.0961,173.0961,173.0961,4
16507185.75630252,11985.798136586467,16478350.0,16538200.0,16509830.0,118.07434459383751,0.024557164305293797,118.0437,118.1218,118.0717,7205429.159383753,226523.27166304179,6163751.0,7572856.0,7263089.0,173.09610000000004,2.8423699955281637e-14,173.0961,173.0961,173.0961,4
16504710.877760585,10348.392622574707,16478350.0,16518250.0,16506240.0,118.10126868757912,0.020545321827480388,118.0437,118.1218,118.1055,7198653.567027711,210520.15277194252,6223790.0,7496903.0,7251685.0,173.09610000000006,5.684741727243754e-14,173.0961,173.0961,173.0961,4
16492130.796187272,12742.8885893317,16458400.0,16518250.0,16495555.0,118.09890724698626,0.020059601208277943,118.0437,118.1218,118.1021,7202500.6780207455,211874.48852467138,6141327.0,7575749.0,7245696.5,173.09610000000004,2.842370162957446e-14,173.0961,173.0961,173.0961,4
16314457.636414645,62496.3290334643,16159160.0,16378600.0,16345420.0,117.70363743863095,0.0258535287022208,117.6531,117.7702,117.6954,7211520.220507785,282861.00340686715,6340250.0,7844839.0,7214335.0,173.09610000000004,2.842370302697156e-14,173.0961,173.0961,173.0961,4
16063411.906354515,40637.58855832478,15999560.0,16175360.0,16052595.0,117.46327551560756,0.11548834091603927,117.3406,117.7702,117.44635,6992021.893255295,317864.19919342746,6020525.0,7502690.0,7119586.5,173.09610000000004,2.842368996832707e-14,173.0961,173.0961,173.0961,4
16022580.604793757,14443.18610296583,15999560.0,16059410.0,16021670.0,117.61501144091416,0.015882252232796937,117.5749,117.6531,117.614,6959458.004041249,287420.6488060214,5934446.0,7350061.0,7075871.0,173.09610000000004,2.842368996832707e-14,173.0961,173.0961,173.0961,4
16280198.334028646,57318.36425450809,16139210.0,16378600.0,16301630.0,117.77719617577527,0.06341452533075867,117.6921,117.9265,117.7592,7276293.278681685,327674.18161751615,6325060.0,7974321.0,7323659.0,173.09610000000006,5.684737167322271e-14,173.0961,173.0961,173.0961,4
16146991.366986511,171291.41528286043,15899810.0,16378600.0,16142860.0,117.75936840495062,0.06219679709654627,117.6531,117.8874,117.7598,7010464.446669448,391723.7333143081,5749265.0,7925856.0,7022018.0,173.09610000000006,5.684737167322271e-14,173.0961,173.0961,173.0961,4
16549658.473091364,69055.25338676838,16350340.0,16637950.0,16565560.0,117.55539541093033,0.06552304437923437,117.4577,117.6531,117.5424,7569376.82088722,159547.2928043574,7031059.0,8028573.0,7573507.0,173.09610000000006,5.684737167322271e-14,173.0961,173.0961,173.0961,4
16466084.697836706,14439.062487791798,16438450.0,16518250.0,16462390.0,117.60192308443824,0.03456510595484489,117.53,117.6531,117.5989,7460757.208234473,152279.65710166522,6989828.0,7745016.0,7491719.0,173.09610000000004,2.842369300924792e-14,173.0961,173.0961,173.0961,4
15844122.815506903,54434.25878671431,15760160.0,16007650.0,15818020.0,117.50533781899318,0.13610858986411006,117.3406,117.7702,117.4781,6777435.075582206,219268.16649049034,5640038.0,7296532.0,6822973.0,173.09610000000004,2.8423691349407174e-14,173.0961,173.0961,173.0961,4
15836306.904330874,44731.57389072514,15760160.0,15939710.0,15827990.0,117.72218529452722,0.08126785385764125,117.5749,117.8944,117.7188,6806226.528060159,260576.3706405271,5857046.0,7349338.0,6839936.0,173.09610000000004,2.842368858917041e-14,173.0961,173.0961,173.0961,4
15992201.992753623,75420.66151693495,15859910.0,16119260.0,16003220.0,117.9214882943144,0.08375827093110874,117.7312,118.0827,117.9265,7001167.650780379,380097.11190440686,5959040.0,7720422.0,7079296.0,173.09610000000004,2.842368996832707e-14,173.0961,173.0961,173.0961,4
16096688.580169657,21185.050461594292,16059410.0,16139210.0,16095760.0,117.66027203448756,0.04935018633175026,117.5749,117.7702,117.6531,7116994.48463357,368608.3227686177,6118902.0,7760930.0,7184014.0,173.09610000000006,5.684737167322271e-14,173.0961,173.0961,173.0961,4
16096880.346332535,33039.89625844489,16039460.0,16199050.0,16087010.0,117.64216669013094,0.021038092668454193,117.614,117.6921,117.6531,7163882.7998029,354850.0580953374,6120349.0,7768163.0,7237506.0,173.09610000000006,5.68474206503065e-14,173.0961,173.0961,173.0961,4
16241078.159629682,32604.67886303793,16159160.0,16298800.0,16243280.0,117.62621328377053,0.01963079952847359,117.614,117.6921,117.614,7303475.6639079815,276553.35786149045,6398119.0,7803608.0,7371725.0,173.09610000000004,2.842370302697156e-14,173.0961,173.0961,173.0961,4
16277108.058684466,15049.7255904418,16238950.0,16298800.0,16280180.0,117.61453518286748,0.008203591420975024,117.5811,117.6531,117.614,7327673.962035879,246434.86419332167,6580406.0,7814458.0,7378272.0,173.09610000000006,5.684737167322271e-14,173.0961,173.0961,173.0961,4
16270705.032679738,20332.626920591883,16219000.0,16318750.0,16273080.0,117.5942894312335,0.01840859529231241,117.5749,117.6531,117.5913,7344706.890835767,223725.9051162382,6610064.0,7792034.0,7375153.0,173.09610000000006,5.684737167322271e-14,173.0961,173.0961,173.0961,4
16276876.099032123,18160.360665386725,16219000.0,16318750.0,16281850.0,117.58403785944733,0.017656364649759268,117.5359,117.614,117.5749,7339839.4283910785,213651.34434884688,6591980.0,7883177.0,7346173.0,173.09610000000004,2.842370302697156e-14,173.0961,173.0961,173.0961,4
16279222.24742555,17882.885400018997,16238950.0,16318750.0,16283510.0,117.58356724185919,0.017769226480223024,117.5749,117.6531,117.5749,7346033.507097133,186285.3562486403,6712057.0,7915005.0,7378272.0,173.09610000000006,5.684737442386633e-14,173.0961,173.0961,173.0961,4
16299898.12631875,14339.55501469604,16238950.0,16338700.0,16300800.0,117.59949646926432,0.016690258538315992,117.5749,117.614,117.6109,7351326.527641019,196765.90264004964,6709164.0,7833989.0,7385940.0,173.09610000000006,5.684741727243754e-14,173.0961,173.0961,173.0961,4
16284505.23657111,18425.609650749295,16238950.0,16318750.0,16287140.0,117.56995623434456,0.021933056324547937,117.5359,117.614,117.5749,7345761.324659059,220360.88672738973,6563046.0,7811565.0,7379791.5,173.09610000000006,5.684737442386633e-14,173.0961,173.0961,173.0961,4
16298423.289638823,17277.312052427667,16238950.0,16338700.0,16299920.0,117.57092648166226,0.029119365177333014,117.4577,117.614,117.5749,7339621.790963603,219068.95679746964,6677336.0,7765993.0,7403252.0,173.09610000000004,2.8423691349407174e-14,173.0961,173.0961,173.0961,4
16315860.079431439,11073.599038216753,16298800.0,16338700.0,16314260.0,117.58541124581942,0.012758401167199307,117.5749,117.614,117.5777,7354814.869704571,241079.09061340505,6610787.0,7760930.0,7424880.5,173.09610000000004,2.842368996832707e-14,173.0961,173.0961,173.0961,4
16318836.000844,12665.94363059698,16298800.0,16358650.0,16317420.0,117.57671876494587,0.006641311814411365,117.5749,117.614,117.5749,7361443.711773808,236103.0995837391,6611510.0,7760206.0,7441205.0,173.09610000000006,5.684741727243754e-14,173.0961,173.0961,173.0961,4
16322305.187906189,14234.04818665951,16298800.0,16358650.0,16321775.0,117.60522000565133,0.01678860808646344,117.5749,117.6531,117.614,7368888.867335405,210279.62882505578,6669379.0,7752972.0,7419094.0,173.09610000000004,2.842371739320494e-14,173.0961,173.0961,173.0961,4
16334289.901671583,12813.884970512823,16298800.0,16358650.0,16333450.0,117.6131241326029,0.007174660520548556,117.5749,117.6531,117.614,7364726.009551903,219168.3067182542,6633212.0,7767440.0,7435130.0,173.09610000000004,2.842370582765512e-14,173.0961,173.0961,173.0961,4
16334046.604088444,13291.949377632976,16298800.0,16358650.0,16333380.0,117.59458702544848,0.014509175263445995,117.5749,117.614,117.5946,7369394.300653595,233466.03941563613,6641891.0,7753696.0,7441928.0,173.09610000000006,5.684737167322271e-14,173.0961,173.0961,173.0961,4
16328109.382716049,14545.670921310799,16298800.0,16358650.0,16328060.0,117.57823534837522,0.014542227922473009,117.5359,117.614,117.5749,7375512.372215127,241283.02351125653,6609341.0,7799268.0,7451331.0,173.09610000000004,2.8423726227243897e-14,173.0961,173.0961,173.0961,4
16339815.152331019,24185.721952263844,16278850.0,16378600.0,16340030.0,117.60315753152898,0.018342970187523906,117.5749,117.6531,117.614,7380407.966558027,212580.46318056824,6647678.0,7735612.0,7456576.0,173.09610000000004,2.842372336907299e-14,173.0961,173.0961,173.0961,4
16349265.216720438,19057.347702964453,16298800.0,16378600.0,16350670.0,117.55022240145883,0.03485807140453497,117.4577,117.5749,117.5749,7389435.467527002,204824.9727948126,6705547.0,7737782.0,7467728.0,173.09610000000004,2.842370302697156e-14,173.0961,173.0961,173.0961,4
16309039.217076901,8910.114215859317,16278850.0,16338700.0,16308940.0,117.55366599916563,0.022147492807604547,117.4968,117.5749,117.5591,7374318.513141427,203284.58456013442,6740269.0,7737782.0,7440903.0,173.09610000000006,5.684737167322271e-14,173.0961,173.0961,173.0961,4
16310287.177974435,10250.848616557667,16278850.0,16338700.0,16309770.0,117.53596427869084,0.03226201100430682,117.4577,117.5749,117.5408,7378644.823711195,180011.1914296103,6746779.0,7652425.0,7438094.0,173.09610000000004,2.842370582765512e-14,173.0961,173.0961,173.0961,4
16352691.23098395,14566.939491553307,16318750.0,16378600.0,16352670.0,117.56084760642011,0.019875732629271378,117.4968,117.614,117.5749,7378658.912072575,177636.4927814452,6754012.0,7645915.0,7450182.0,173.09610000000004,2.842369300924792e-14,173.0961,173.0961,173.0961,4
16337748.727504605,12038.431549825988,16298800.0,16358650.0,16337540.0,117.50704147654812,0.0390596049218584,117.4187,117.5749,117.5037,7376582.200226725,175542.0265106806,6783670.0,7708125.0,7414584.0,173.09610000000004,2.842372336907299e-14,173.0961,173.0961,173.0961,4
16354297.473757872,11178.908798173428,16318750.0,16378600.0,16352670.0,117.56851829251224,0.012881994991320762,117.5359,117.614,117.5749,7362050.386424073,180842.79300335163,6816945.0,7666893.0,7401408.0,173.09610000000004,2.8423698562185874e-14,173.0961,173.0961,173.0961,4
16352833.129270673,11592.197118224729,16318750.0,16398550.0,16351450.0,117.60371492121044,0.023618338805980403,117.5749,117.6531,117.614,7374806.620555013,193729.1092464939,6871197.0,7716805.0,7415983.0,173.09610000000004,2.8423691349407174e-14,173.0961,173.0961,173.0961,4
16353150.342094285,10520.381661998275,16338700.0,16398550.0,16351340.0,117.6106245028508,0.016805313098678484,117.5749,117.6531,117.614,7360202.11514393,214230.41962198305,6830688.0,7717528.0,7392884.0,173.09610000000006,5.684737167322271e-14,173.0961,173.0961,173.0961,4
16352748.33026744,11065.149495443698,16318750.0,16378600.0,16351440.0,117.59595044573369,0.018767470042594415,117.5749,117.614,117.6081,7367112.307343993,214635.74819482042,6864687.0,7729102.0,7405086.0,173.09610000000004,2.842372051899173e-14,173.0961,173.0961,173.0961,4
16367634.473058082,8557.544928407717,16338700.0,16398550.0,16368130.0,117.58334124562633,0.01418575227462989,117.5749,117.614,117.5749,7369804.391882435,229386.57498227817,6851666.0,7746462.0,7407809.0,173.09610000000004,2.8423698562185874e-14,173.0961,173.0961,173.0961,4
16339884.625210555,11431.970980898976,16318750.0,16358650.0,16340700.0,117.59025115103874,0.02110377133965959,117.5749,117.6531,117.5756,7366330.024705222,220580.71796044585,6869750.0,7760930.0,7398605.0,173.09610000000006,5.684740885266081e-14,173.0961,173.0961,173.0961,4
16331718.997045998,9119.620515965828,16318750.0,16358650.0,16330530.0,117.57852368828246,0.009012317049183293,117.5749,117.614,117.5749,7362823.928681953,217185.17422065674,6853113.0,7730548.0,7389765.0,173.09610000000006,5.684741727243754e-14,173.0961,173.0961,173.0961,4
16323255.86677815,10622.965515788715,16298800.0,16338700.0,16325030.0,117.55558088071349,0.016277225991239874,117.5359,117.5749,117.5558,7363665.938266444,216335.89806756825,6873367.0,7719698.0,7400202.0,173.09610000000004,2.842368996832707e-14,173.0961,173.0961,173.0961,4
16314122.914188616,9987.293401597375,16298800.0,16338700.0,16313270.0,117.5737746247522,0.017515765584471196,117.5359,117.614,117.5749,7355757.942509204,219349.86859861013,6863240.0,7734888.0,7385353.0,173.09610000000004,2.842372194302331e-14,173.0961,173.0961,173.0961,4
16336941.403434085,11375.086579664683,16318750.0,16358650.0,16335710.0,117.58967364836101,0.026318156119709408,117.5359,117.6531,117.5866,7357984.128281538,218557.76433764782,6844432.0,7731272.0,7392740.0,173.09610000000004,2.8423726227243897e-14,173.0961,173.0961,173.0961,4
16322543.629888268,15023.076223425845,16298800.0,16358650.0,16321740.0,117.52993055865923,0.012129136567430802,117.4968,117.5749,117.5359,7369637.724162011,226499.89384974333,6870473.0,7750803.0,7403420.5,173.09610000000004,2.842369439457379e-14,173.0961,173.0961,173.0961,4
16308941.829028636,5761.100728536695,16298800.0,16318750.0,16309110.0,117.53868965468838,0.015374965875652026,117.4968,117.5749,117.5359,7359001.355558675,217627.8148590254,6864687.0,7718251.0,7390309.5,173.09610000000006,5.684740885266081e-14,173.0961,173.0961,173.0961,4
16315489.991608392,11016.703894282193,16298800.0,16338700.0,16313840.0,117.56704600000002,0.021322976707189162,117.4968,117.614,117.5749,7377204.61020979,194251.37504066352,6892175.0,7712464.0,7409569.5,173.09610000000004,2.84236971710387e-14,173.0961,173.0961,173.0961,4
16343749.150244584,12731.674754371023,16318750.0,16378600.0,16343690.0,117.5316267505241,0.04433582311250927,117.4577,117.5749,117.5485,7398881.748986723,136038.8253079854,6984041.0,7704588.0,7420685.0,173.09610000000004,2.8423695781836033e-14,173.0961,173.0961,173.0961,4
16351969.988874983,10570.509460954669,16318750.0,16378600.0,16355330.0,117.50154027256292,0.016984410658994652,117.4577,117.5359,117.4968,7413473.3936865525,107954.16311965535,7025996.0,7686134.0,7433730.0,173.09610000000006,5.684737167322271e-14,173.0961,173.0961,173.0961,4
16344233.459375879,42861.35434872402,16258900.0,16478350.0,16342100.0,117.48861262299691,0.04029062561397307,117.3796,117.5749,117.4809,7406463.445459657,239167.00265805126,6599937.0,8108142.0,7415842.0,173.09610000000006,5.684741446189971e-14,173.0961,173.0961,173.0961,4
16335495.880207602,19820.1573403237,16298800.0,16378600.0,16330560.0,117.58002485622109,0.03434965442600603,117.4968,117.6531,117.5749,7391254.804039837,111804.75547943439,7003571.0,7634341.0,7406049.0,173.09610000000004,2.842370302697156e-14,173.0961,173.0961,173.0961,4
16343490.051596709,23187.801544294547,16298800.0,16398550.0,16344350.0,117.50538838376794,0.038546635129776054,117.4577,117.5945,117.503,7391349.3239436615,145825.53575855377,6911705.0,7685700.0,7417607.0,173.09610000000004,2.8423691349407174e-14,173.0961,173.0961,173.0961,4
16313139.85109936,11830.597817685466,16278850.0,16338700.0,16314350.0,117.51158199276371,0.01751647142069025,117.4577,117.5359,117.5092,7381721.428750348,178550.21928484933,6861069.0,7714635.0,7410316.0,173.09610000000006,5.684737442386633e-14,173.0961,173.0961,173.0961,4
16310257.35451223,7102.976585128997,16298800.0,16338700.0,16310010.0,117.54683746134384,0.026241590879392512,117.4968,117.5749,117.5491,7371611.231515322,181531.34621137986,6895068.0,7701614.0,7391913.0,173.09610000000006,5.684741446189971e-14,173.0961,173.0961,173.0961,4
16310070.605975593,10202.568305361114,16278850.0,16338700.0,16309110.0,117.5298770795343,0.029504921394157262,117.4942,117.5749,117.5268,7379019.242390237,182596.5669378836,6921108.0,7678467.0,7403132.0,173.09610000000004,2.842370302697156e-14,173.0961,173.0961,173.0961,4
16288662.731234185,9159.34921589861,16258900.0,16318750.0,16288830.0,117.51079035704245,0.04876193005746228,117.4577,117.614,117.4956,7368935.184706213,187041.6815552792,6906641.0,7705231.0,7394644.5,173.09610000000006,5.684741446189971e-14,173.0961,173.0961,173.0961,4
16319767.27003386,13877.212110337297,16278850.0,16358650.0,16321080.0,117.59233075620769,0.019852369108335616,117.5749,117.6531,117.586,7368156.681715576,178921.5110311749,6890004.0,7701614.0,7392176.5,173.09610000000006,5.684742912000104e-14,173.0961,173.0961,173.0961,4
16327113.257342657,10663.91639670908,16298800.0,16358650.0,16327715.0,117.59134282517483,0.02226193464995497,117.5749,117.6531,117.5758,7378847.761398601,180612.50412893656,6940639.0,7716081.0,7402721.5,173.09610000000004,2.84236971710387e-14,173.0961,173.0961,173.0961,4
16349108.312092891,12508.589178654605,16318750.0,16398550.0,16348680.0,117.60704287737185,0.026822740070569485,117.5749,117.6531,117.6073,7376611.0369583685,174385.54536545434,6938469.0,7689317.0,7403131.5,173.09610000000004,2.842372194302331e-14,173.0961,173.0961,173.0961,4
16362161.038120693,14648.045419108414,16318750.0,16398550.0,16362640.0,117.57602046701366,0.020684554099253977,117.535,117.6531,117.5749,7407322.360247574,128409.9945038134,6964510.0,7684977.0,7419142.0,173.09610000000006,5.684741727243754e-14,173.0961,173.0961,173.0961,4
16353167.159391996,11161.817017870366,16318750.0,16378600.0,16358650.0,117.51622941012411,0.024850201100928917,117.4577,117.5749,117.518,7426607.048389346,104451.83703123937,6978977.0,7677744.0,7443821.0,173.09610000000004,2.8423691349407174e-14,173.0961,173.0961,173.0961,4
16346493.447364762,12261.877229466882,16318750.0,16378600.0,16348180.0,117.52198983451537,0.028268061728649038,117.4577,117.5749,117.5235,7424490.8019746905,97276.03974923698,6968127.0,7622044.0,7435589.0,173.09610000000006,5.684737167322271e-14,173.0961,173.0961,173.0961,4
16166223.78250591,14566.022700720992,16139210.0,16219000.0,16166300.0,118.01311617299402,0.04489354031840157,117.9265,118.1001,118.0226,7011746.265192602,315137.23483446735,6114562.0,7672680.0,6999690.0,173.09610000000006,5.684737167322271e-14,173.0961,173.0961,173.0961,4
16170287.036624426,16366.54540650187,16139210.0,16219000.0,16170130.0,118.0796463584459,0.02266056007487812,118.0437,118.1218,118.077,6996154.532098593,343857.8798928547,6023419.0,7633618.0,7031863.0,173.09610000000004,2.842368858917041e-14,173.0961,173.0961,173.0961,4
16152822.77179236,19593.12277602169,16099310.0,16199050.0,16154170.0,118.06066710507905,0.014356480910625217,118.0046,118.1218,118.0609,6970980.500629635,374223.2667458169,5930105.0,7637959.0,7019034.0,173.0961,0.0,173.0961,173.0961,173.0961,4
16148700.045007033,20616.705554553067,16099310.0,16199050.0,16150510.0,118.03188087201124,0.0305254603154695,117.9655,118.0827,118.0329,6996012.995499297,372189.1412631913,5936616.0,7686423.0,7037682.0,173.09610000000006,5.68474167100137e-14,173.0961,173.0961,173.0961,4
16151743.87150838,19836.283106654053,16099310.0,16199050.0,16153000.0,118.0415823603352,0.028094650804784103,117.9655,118.0827,118.0445,7000904.28603352,367237.5155485444,5996655.0,7622768.0,7042576.0,173.09610000000004,2.842369439457379e-14,173.0961,173.0961,173.0961,4
16152209.8204093,19818.06683230461,16099310.0,16199050.0,16152750.0,118.01355209522484,0.019663184935868952,117.9655,118.0437,118.0153,7013122.933453988,371812.56542148243,5927935.0,7701614.0,7066658.0,173.09610000000004,2.8423688038045404e-14,173.0961,173.0961,173.0961,4
16140994.5460943,17893.362725876937,16099310.0,16179100.0,16139370.0,118.00934491203377,0.024665097283619684,117.9655,118.0827,118.0104,7030262.08557354,360546.4362479567,5959040.0,7688593.0,7070892.0,173.09610000000004,2.842370976185811e-14,173.0961,173.0961,173.0961,4
16127969.936048936,20266.332792375255,16079360.0,16179100.0,16127940.0,117.95203401918532,0.023925994206369008,117.9265,118.0046,117.9474,7012642.285972473,375083.529105721,5959763.0,7638682.0,7071146.0,173.09610000000006,5.684737057403611e-14,173.0961,173.0961,173.0961,4
16131305.84216397,20189.3488434713,16079360.0,16179100.0,16129560.0,117.98541271611825,0.02178843872232454,117.9265,118.0437,117.9852,7039531.752230898,356779.92416799365,6030653.0,7678467.0,7075305.0,173.09610000000006,5.684738214607417e-14,173.0961,173.0961,173.0961,4
16154407.962496502,21060.42654973578,16099310.0,16199050.0,16156160.0,117.97699231738035,0.02170546998623104,117.9265,118.0437,117.97755000000001,7046381.9535404425,388209.51603159547,5982911.0,7716081.0,7116077.5,173.09610000000006,5.684739656760137e-14,173.0961,173.0961,173.0961,4
16137492.372999305,18374.51910435505,16099310.0,16179100.0,16137880.0,117.94067457202506,0.018568037788786584,117.9265,118.0046,117.931,7035720.757550452,391216.03916710446,5965550.0,7703061.0,7088253.0,173.09610000000006,5.68473749744545e-14,173.0961,173.0961,173.0961,4
16129857.15122768,16770.18995109964,16099310.0,16159160.0,16129955.0,117.92712569754465,0.01748040568811562,117.8874,117.9655,117.9265,7056137.792410715,410235.74393336184,5927935.0,7694380.0,7145141.5,173.09610000000004,2.842369217898017e-14,173.0961,173.0961,173.0961,4
16128250.550028425,20016.026027531294,16079360.0,16179100.0,16128630.0,117.91616988345652,0.020736279399668732,117.8484,117.9655,117.9265,7051772.472853894,415298.8984026568,6003165.0,7726932.0,7136498.5,173.09610000000006,5.68474587612332e-14,173.0961,173.0961,173.0961,4
16135240.0028169,19626.52345507985,16099310.0,16199050.0,16134550.0,117.93504219718311,0.01222361461073622,117.9265,117.9655,117.9265,7052442.410704225,409488.2180666795,5995931.0,7721868.0,7129100.5,173.09610000000006,5.684742234138211e-14,173.0961,173.0961,173.0961,4
16148730.026477147,18992.43181195349,16099310.0,16199050.0,16149180.0,117.92772100055743,0.0055044271724670295,117.9265,117.9655,117.9265,7064544.85367893,426811.7884134701,5989421.0,7739952.0,7136356.5,173.09610000000004,2.842368996832707e-14,173.0961,173.0961,173.0961,4
16147936.052887961,22892.13894205638,16099310.0,16199050.0,16149030.0,117.89861824634656,0.03567851512888239,117.7702,117.9265,117.9202,7080602.578427279,421919.1655560468,5930829.0,7783353.0,7158959.0,173.09610000000006,5.68473749744545e-14,173.0961,173.0961,173.0961,4
16132144.859826185,21828.51070703964,16079360.0,16179100.0,16132740.0,117.8371381553126,0.034758489526406054,117.7702,117.9265,117.83915,7067591.11900757,418818.700331711,5953253.0,7753696.0,7141225.0,173.09610000000004,2.842370162957446e-14,173.0961,173.0961,173.0961,4
16142004.972646935,23070.10642759936,16099310.0,16199050.0,16142200.0,117.86015633328657,0.026175146164499147,117.7702,117.9265,117.8629,7077517.222892411,424087.81158695364,5938062.0,7774673.0,7155789.0,173.09610000000004,2.842370302697156e-14,173.0961,173.0961,173.0961,4
16149034.71825063,21701.176456772446,16099310.0,16199050.0,16149510.0,117.8423929352397,0.026617601642913106,117.7702,117.8874,117.8423,7098934.3993552,415738.38420878386,5995208.0,7775397.0,7188999.0,173.09610000000004,2.842370162957446e-14,173.0961,173.0961,173.0961,4
16147989.782881003,20376.921147015673,16079360.0,16199050.0,16148180.0,117.86580544189283,0.018215693329278203,117.7702,117.8874,117.8681,7089221.924565066,425156.9090772892,5963380.0,7784801.0,7177210.0,173.09610000000006,5.68473749744545e-14,173.0961,173.0961,173.0961,4
16151978.141160028,21856.210868294387,16099310.0,16199050.0,16151840.0,117.85235517819706,0.023040350693619246,117.8093,117.9265,117.851,7102636.728860936,434943.99879772856,5960487.0,7782630.0,7210061.0,173.09610000000004,2.8423695781836033e-14,173.0961,173.0961,173.0961,4
16141965.816297956,20657.334308824353,16099310.0,16199050.0,16141530.0,117.8261333099972,0.04002028579144168,117.7702,117.9265,117.8171,7117507.347941753,414264.49241654814,5982911.0,7800714.0,7213989.0,173.09610000000004,2.8423699397809236e-14,173.0961,173.0961,173.0961,4
16154357.608907446,21393.42917525228,16099310.0,16219000.0,16153120.0,117.77292346555322,0.029183033538465363,117.6531,117.8484,117.7775,7112301.291718858,398001.5944474007,6066821.0,7768163.0,7194433.0,173.09610000000006,5.68473749744545e-14,173.0961,173.0961,173.0961,4
16152703.104952166,20911.02296822993,16099310.0,16199050.0,16152135.0,117.62731897861563,0.03929733551111,117.5749,117.7312,117.6212,7127282.082442318,404391.09257558937,6067544.0,7786247.0,7208246.5,173.09610000000004,2.842370891750982e-14,173.0961,173.0961,173.0961,4
16151373.609859155,18045.3882947074,16119260.0,16199050.0,16152510.0,117.57491698591551,0.01358341159292053,117.5359,117.6531,117.5749,7129503.656056338,385710.7397931315,6084904.0,7789140.0,7213009.0,173.09610000000006,5.684742234138211e-14,173.0961,173.0961,173.0961,4
16164795.33192389,23153.272164526315,16119260.0,16219000.0,16164470.0,117.64305729386892,0.02034662844263293,117.614,117.6921,117.6394,7137227.714305849,380906.4124313344,6050183.0,7757313.0,7216432.0,173.09610000000006,5.684742516301977e-14,173.0961,173.0961,173.0961,4
16180760.533802817,21735.135496915813,16139210.0,16238950.0,16179520.0,117.62366587323943,0.014148961710788614,117.614,117.6531,117.614,7150332.139436619,391298.05024996755,6089244.0,7808672.0,7233425.5,173.09610000000006,5.684742234138211e-14,173.0961,173.0961,173.0961,4
16185056.441761363,18405.58371335325,16139210.0,16219000.0,16182845.0,117.61557779829548,0.006212351987338499,117.614,117.6531,117.614,7153928.871164773,383590.33145757363,6081288.0,7811565.0,7216209.5,173.09610000000004,2.842372823279533e-14,173.0961,173.0961,173.0961,4
16181740.688492343,19901.34239848454,16139210.0,16219000.0,16180100.0,117.59701620064634,0.020833347348165082,117.5359,117.6531,117.5983,7149396.486300408,400523.93379392056,6052353.0,7815905.0,7243149.0,173.09610000000006,5.684741277747276e-14,173.0961,173.0961,173.0961,4
16165386.150424024,21656.72887076226,16099310.0,16219000.0,16164140.0,117.58525018768248,0.015791222614425254,117.5359,117.614,117.5769,7163363.513554845,387755.7118502481,6074777.0,7842669.0,7236710.0,173.09610000000006,5.684737057403611e-14,173.0961,173.0961,173.0961,4
17800817.112254832,16522.044539542087,17740190.0,17843610.0,17800780.0,106.58399421338156,0.0022858757747113477,106.58,106.588,106.584,9657383.648629852,108389.65772328153,9327484.0,9852484.0,9680817.0,67.56785038391989,0.5652002401558189,65.60014,68.64681,67.7013,4
17798313.932960894,18781.172756179916,17749390.0,17843610.0,17797230.0,106.58908861379213,0.007199320612830616,106.5586,106.5948,106.591,9651244.125677742,122125.41610359807,9352484.0,9851650.0,9678317.0,67.56015552358225,0.5876502438648918,65.97348,68.47348,67.73196,4
17792714.85858303,17964.873666222175,17737890.0,17834420.0,17791170.0,106.54963041164939,0.0050768649211395105,106.5408,106.5584,106.5496,9647599.365863904,120845.61362067806,9364984.0,9843317.0,9672560.0,67.5123196625595,0.5880274044541779,65.92014,68.43348,67.655365,4
17776445.75892857,19893.993003448057,17724100.0,17822930.0,17778220.0,106.53193441685268,0.0050952271179630195,106.5231,106.5408,106.5319,9644055.419503348,122662.30653550061,9358317.0,9844984.0,9670476.0,67.42762401227678,0.5970340687611362,65.88681,68.37348,67.57833500000001,4
17775199.850891862,19110.649793916164,17724100.0,17818330.0,17774250.0,106.51421644370123,0.00510094695920211,106.5054,106.523,106.5142,9642078.838210702,119951.32666995266,9357484.0,9851650.0,9664659.0,67.54980844342252,0.6279240759617741,65.84014,69.34682,67.67112,4
17784287.967468373,15727.051811704589,17740190.0,17827530.0,17784480.0,106.50672489920755,0.004642081697960004,106.5003,106.5162,106.5053,9641891.737661615,118692.772633084,9353317.0,9844150.0,9665817.0,68.10789611427778,0.5984077042264044,66.52014,69.37348,68.23644,4
17786222.769102063,13147.63279178271,17747090.0,17818330.0,17786160.0,106.52730959286114,0.006372285857913611,106.5163,106.5383,106.5273,9639927.0062744,115941.05614827835,9353317.0,9849150.0,9658128.0,67.90093951617402,0.5837174825269882,66.02014,69.04015,67.9987,4
17782745.534890223,12760.948485743937,17744790.0,17816030.0,17781770.0,106.5495008670116,0.006353834750086202,106.5385,106.5605,106.5495,9635002.8314921,116062.79234553866,9352484.0,9844984.0,9652484.0,67.90585962243043,0.586260036625146,65.98014,69.04015,68.01754,4
17779834.250037163,13183.142867748176,17740190.0,17816030.0,17778850.0,106.56232619118524,0.006848815660022944,106.5183,106.6128,106.5616,9636574.956826465,114703.46772160297,9352484.0,9844984.0,9656954.0,68.19611959661871,0.5373978870384034,66.67348,69.16015,68.28631,4
17771290.417536534,16016.895914171891,17737890.0,17811440.0,17771120.0,106.55018263048018,0.0035656414622467713,106.544,106.5564,106.5502,9635438.902296452,114341.3369877543,9358317.0,9847484.0,9651499.0,68.18757494641615,0.5491587035677431,66.63348,69.14014,68.2691,4
17768610.32153434,16445.01632151199,17737890.0,17811440.0,17768190.0,106.53772565223522,0.0035189141135530274,106.5316,106.5438,106.5377,9632825.53645466,113988.64574425848,9348317.0,9844150.0,9649151.0,68.17806670145255,0.5551992801159942,66.64681,69.13348,68.25515,4
17770140.55884009,15323.988366871996,17737890.0,17816030.0,17770700.0,106.52536082488739,0.0035252143308713477,106.5193,106.5315,106.5254,9631010.25633446,114667.80737536459,9345817.0,9839150.0,9649075.0,68.09824468186936,0.5537215405898809,66.52014,69.04015,68.17593,4
17772557.812981915,14776.855963473545,17740190.0,17816030.0,17772580.0,106.53556698443852,0.030211902201111297,106.5138,106.5858,106.5169,9622906.19301188,112581.35987032272,9346651.0,9835817.0,9635363.0,68.05480652461323,0.5518549775995719,66.57348,69.03348,68.138785,4
17769247.948070176,13537.375299936837,17737890.0,17811440.0,17770070.0,106.56429911578947,0.0077646766034008795,106.5508,106.5777,106.5643,9621281.135298247,111087.66136964853,9342484.0,9836650.0,9638696.0,68.10625412210527,0.5407135211387155,66.55347,69.06015,68.18684,4
17759601.41658509,12143.339634364325,17737890.0,17793050.0,17757740.0,106.53716934694448,0.00779300619616457,106.5237,106.5507,106.5372,9618430.305132149,113634.28896072003,9348317.0,9833317.0,9632939.0,68.14065606488603,0.5566716047978925,66.60681,69.12682,68.22865,4
17758586.347070366,11961.853760236234,17728700.0,17793050.0,17756910.0,106.50995856462013,0.007774569793190336,106.4965,106.5234,106.51,9619503.01401738,112402.81435734822,9342484.0,9831650.0,9637446.0,68.21130380431735,0.5405811873662442,66.66681,69.16015,68.29195999999999,4
17763724.37056614,13889.141580760814,17717210.0,17793050.0,17763170.0,106.48620950062595,0.00509097154287004,106.4778,106.4965,106.4859,9619472.729169564,112118.75124934639,9340817.0,9835817.0,9634908.0,68.19784465015996,0.5479869906317049,66.64014,69.17348,68.28831,4
17764435.785915494,15546.42123180054,17717210.0,17793050.0,17766520.0,106.51096991549295,0.011496402261566584,106.4911,106.5309,106.511,9613893.22943662,112510.8845241304,9335817.0,9831650.0,9631121.0,68.0591630830986,0.5439606262839818,66.52014,69.03348,68.14262500000001,4
17764029.419363998,17160.05014115543,17714910.0,17793050.0,17767770.0,106.55347428773919,0.012309397728588483,106.5316,106.5654,106.5635,9610663.564958958,106950.86035314311,9331651.0,9823317.0,9621651.0,68.13022832012454,0.5271042883211919,66.55347,69.11348,68.22542,4
17763382.95812254,17869.6274905874,17717210.0,17793050.0,17767770.0,106.56736665732699,0.001117280197832212,106.5654,106.5693,106.5674,9609298.195432894,103098.48832292469,9346651.0,9812484.0,9620600.0,68.16286700070275,0.49671858237271505,66.61348,69.12682,68.23433,4
17759485.935236473,17613.034842782712,17714910.0,17795350.0,17760880.0,106.55857051209105,0.024305409457328408,106.4996,106.5723,106.5704,9608527.888594164,99280.2298416504,9357484.0,9812484.0,9613166.0,68.1887605395786,0.48919004241351194,66.78681,69.14014,68.26831,4
17752016.284191333,14781.47730553095,17717210.0,17793050.0,17752100.0,106.47010400560225,0.010488246648184617,106.4553,106.4988,106.4688,9612053.715424417,100278.70980381222,9344151.0,9814984.0,9624150.0,68.26032369039295,0.4870845702843382,66.71348,69.14681,68.35648,4
17753175.3661634,18433.040121196107,17717210.0,17793050.0,17752730.0,106.48897613941018,0.007711529531723091,106.4756,106.5023,106.489,9609011.610131226,104760.53890403708,9331651.0,9815817.0,9616727.0,68.13004160575701,0.5013460930415008,66.61348,69.03348,68.21481,4
17752590.009731684,19013.01592073227,17717210.0,17793050.0,17751890.0,106.51591355484499,0.007826795660538248,106.5024,106.5295,106.5159,9610317.066314472,102723.94164320883,9337484.0,9820817.0,9625818.0,68.1240042861115,0.5031158389622111,66.60014,69.04681,68.21883,4
17751499.380222842,18108.01376599264,17717210.0,17795350.0,17750010.0,106.54307495821728,0.007812658957736132,106.5295,106.5566,106.5431,9605109.154317548,88442.86023219084,9364984.0,9799984.0,9606991.5,68.1124556977716,0.4296183065033074,66.68681,69.02682,68.19178,4
16160582.941504179,19534.06162646698,16122220.0,16209560.0,16160040.0,106.55194175487463,0.005920135955798833,106.5417,106.5622,106.5519,8292358.788440111,166888.74188121234,7990819.0,8555818.0,8296311.0,69.65150869498608,0.6999323085774152,68.13348,70.71349,69.779585,4
16163532.989403235,20686.82835924352,16126820.0,16211850.0,16161500.0,106.57240691578359,0.005748846076026709,106.5623,106.5813,106.5725,8292756.956776353,165356.72698372405,7986652.0,8559985.0,8294493.5,69.69310588817623,0.6921661695061723,68.21348,70.76015,69.81164000000001,4
16167469.76070529,22238.900229725492,16126820.0,16214150.0,16163590.0,106.56697661628883,0.007182888875214725,106.5545,106.5794,106.567,8293516.445004198,167709.7983836216,7984152.0,8561652.0,8296955.5,69.5986586663868,0.707914173127856,67.98682,70.71349,69.73348,4
16163417.250526316,21529.562074671867,16122220.0,16209560.0,16160460.0,106.54187170526316,0.007161806174704261,106.5295,106.5543,106.5419,8297807.336280702,167268.97217215857,7972486.0,8559152.0,8306729.0,69.65584812070175,0.6935541985362517,68.08681,70.71349,69.79058,4
16158766.942896936,21783.65736333591,16122220.0,16211850.0,16156700.0,106.51689924791087,0.00721717816521373,106.5044,106.5294,106.5169,8294728.456545961,168870.7496780546,7984152.0,8560818.0,8299076.5,69.4010792632312,0.7045273593638404,67.83348,70.51348,69.54068,4
16152277.988857938,19943.641612803032,16122220.0,16202660.0,16152100.0,106.49215962395544,0.006753924480526775,106.4823,106.5043,106.4918,8299382.938022284,167641.09861818457,7978319.0,8563318.0,8309418.0,69.33222702089137,0.6927519015143982,67.75348,70.33348,69.47393,4
16157121.713487072,22612.588605906516,16122220.0,16223350.0,16155030.0,106.49511645003494,0.00588400401014022,106.4849,106.5053,106.4951,8304761.673235499,169227.26642098237,7986652.0,8641652.0,8302259.0,69.3283255052411,0.6989771076518039,67.74014,70.44015,69.45399,4
16159565.791311637,20237.244858144106,16122220.0,16211850.0,16158370.0,106.51562042184663,0.005887512112262226,106.5054,106.5258,106.5156,8294022.995390418,151235.86070590385,7913319.0,8550818.0,8308092.0,69.55280124458723,0.6377917424735527,67.74014,70.70682,69.65078,4
16158018.901878914,21910.348586908978,16122220.0,16209560.0,16156280.0,106.53609298538623,0.005908725127884798,106.5259,106.5463,106.5361,8299592.970354906,169801.42824054774,7910819.0,8560818.0,8308471.0,69.50481447181627,0.7051034141360678,67.77348,70.59348,69.65254,4
16164238.632633189,22266.098385670648,16126820.0,16218750.0,16161920.0,106.55629148699403,0.005481361130155274,106.5464,106.5633,106.5566,8299911.856725553,167773.68465548934,7992486.0,8560818.0,8309530.0,69.55460572819587,0.6930121689898511,67.96681,70.60682,69.69265,4
16159065.51305319,19355.907440183262,16126820.0,16207260.0,16159410.0,106.56330000000001,1.4211846781573082e-14,106.5633,106.5633,106.5633,8295261.154823398,168403.5537653309,7994152.0,8561652.0,8298622.0,69.42513443948066,0.6944418579580078,67.87348,70.53349,69.55725,4
16158346.854230661,19063.59194541905,16126820.0,16198070.0,16156700.0,106.56330000000001,1.4211846920105653e-14,106.5633,106.5633,106.5633,8299291.991901703,167591.53125804983,7984152.0,8559985.0,8311160.5,69.42546271153309,0.6928362321694633,67.81348,70.46682,69.560555,4
16160371.247212932,20094.861580229004,16126820.0,16209560.0,16160460.0,106.5633,0.0,106.5633,106.5633,106.5633,8291054.915551839,167760.43578109273,7989152.0,8557485.0,8293319.0,69.34587079431438,0.6929870474009104,67.80682,70.39349,69.47609,4
16159862.950636275,19331.66224964853,16122220.0,16200360.0,16160250.0,106.56330000000001,1.4211848446521367e-14,106.5633,106.5633,106.5633,8298157.1480911765,166847.17591657417,8004986.0,8559152.0,8309910.0,69.36432526919313,0.6788218240062475,67.85348,70.38015,69.49899,4
16159128.484721053,19214.29716149,16126820.0,16191170.0,16159620.0,106.56330000000001,1.421185081478723e-14,106.5633,106.5633,106.5633,8293986.902298851,167000.61507224094,8001652.0,8560818.0,8293243.0,69.37626316932997,0.6838857982454054,67.93348,70.44682,69.495675,4
16157196.908837857,18839.275521574506,16126820.0,16188870.0,16157120.0,106.56330000000001,1.4211843743613626e-14,106.5633,106.5633,106.5633,8306584.742519137,167092.7220098029,8006652.0,8567485.0,8318850.0,69.49073951565762,0.678926659226558,67.95348,70.51348,69.61797,4
16156367.746241394,19335.763206160624,16126820.0,16191170.0,16155860.0,106.56330000000001,1.421185319436819e-14,106.5633,106.5633,106.5633,8302681.543627933,167274.7945914652,8002486.0,8568318.0,8303016.0,69.47549299564425,0.695835528214167,67.87348,70.49348,69.60641,4
16157545.553235909,18792.58666203648,16126820.0,16188870.0,16157320.0,106.56356370215728,0.0005140689795469318,106.5633,106.5652,106.5633,8309505.492971469,167146.94072841923,7997486.0,8569985.0,8323471.0,69.40516394989562,0.6818723842719996,67.93348,70.42682,69.55013,4
20830966.441127233,16860.255994232,20794570.0,20888800.0,20821520.0,106.14688895089286,0.024260107768221992,106.0773,106.2123,106.1402,11636763.37751116,190152.84465846178,11288320.0,11958320.0,11628885.0,66.40480375,0.631234980266251,65.29,67.68,66.34951000000001,4
20797760.360473208,18531.03151109052,20746310.0,20831340.0,20796100.0,106.09816846207376,0.020971286159747596,106.0593,106.1718,106.0908,11602190.34098817,143340.64994731845,11278320.0,11935820.0,11612480.0,66.42735321642311,0.455256225042712,65.3,67.46,66.48466,4
20804018.54375697,19568.17184306591,20750900.0,20842830.0,20817550.0,106.11692153010034,0.028584314364339464,106.0683,106.1898,106.1223,11620330.788740246,196900.76366126226,11288320.0,11935820.0,11631155.0,66.42461674888517,0.6633115635571315,65.33,67.6,66.44757,4
20792921.463074133,26002.858359697188,20748600.0,20824450.0,20796870.0,106.17389804551166,0.0245532630105994,106.0773,106.2348,106.1786,11590588.365210107,196829.0861613484,11260820.0,11900820.0,11619000.0,66.4672566857462,0.6349847898227956,65.37,67.61,66.5218,4
20782028.166031342,24081.97204875955,20727920.0,20822150.0,20789970.0,106.10024795990401,0.02173389056647901,106.0548,106.1853,106.0908,11575711.68855005,180820.20120595864,11209150.0,11898320.0,11624220.0,66.47057244246788,0.5677881211018106,65.34,67.47,66.59026,4
20779123.792429112,15664.009088093246,20737110.0,20799170.0,20778480.0,106.137840284956,0.025168067205252873,106.0728,106.1898,106.1336,11582072.260092191,95184.56161567436,11233320.0,11742480.0,11610740.0,66.41478089397961,0.275316856522491,65.47,66.99,66.46558,4
20785251.015064057,23382.891469157024,20739410.0,20822150.0,20794950.0,106.20200032380684,0.027756875410136533,106.1223,106.3158,106.1972,11581740.431472082,176779.27070811027,11204980.0,11860820.0,11634035.0,66.36073282838238,0.5632583676336574,65.1,67.35,66.47062,4
20782528.32289492,19912.304472085667,20748600.0,20822150.0,20794570.0,106.17587629784275,0.022234722031042424,106.1043,106.2528,106.1808,11582397.088378567,153135.12616010537,11214980.0,11842480.0,11639000.0,66.39007457063326,0.45805397319047664,65.24,67.22,66.51131,4
20789445.602747407,26536.774114860495,20748600.0,20822150.0,20795720.0,106.12716707317074,0.02740202683473105,106.0368,106.2168,106.1313,11590209.784132324,194377.76687901304,11235820.0,11893320.0,11629375.0,66.28108944631343,0.611426477996399,65.12,67.27,66.378765,4
20796213.229631696,24355.322330396295,20746310.0,20822150.0,20798020.0,106.12017470703124,0.028759546784299046,106.0323,106.2033,106.1268,11612009.008091519,199026.62549220238,11278320.0,11923320.0,11644605.0,66.30291750976562,0.6514693041133713,65.15,67.35,66.3937,4
20801137.301410023,20156.453012282156,20753200.0,20831340.0,20813720.0,106.18077873795897,0.02473776317871553,106.0818,106.2483,106.1837,11612945.402764205,201629.03457141167,11314150.0,11944150.0,11607940.0,66.26956509702639,0.6656145843217376,65.18,67.46,66.2551,4
20802800.308036964,18364.111710748362,20766990.0,20840530.0,20812950.0,106.0966721926631,0.032706533753301216,106.0233,106.2258,106.0863,11623738.503220387,197447.5453426555,11324980.0,11957480.0,11610665.0,66.37780679361524,0.6528677545312067,65.33,67.57,66.34,4
20806464.22940593,16750.976881363677,20753200.0,20842830.0,20811230.0,106.04074175528145,0.013521882189233793,105.9828,106.0998,106.0383,11641125.253083793,189255.13645424673,11338320.0,11989150.0,11629150.0,66.3308631334184,0.6363145286118427,65.3,67.51,66.26364,4
20784991.971140377,25334.707653829555,20723320.0,20819850.0,20791120.0,106.05921611095546,0.021976585446015436,106.0098,106.1403,106.0526,11586941.102549734,196972.57042255474,11244150.0,11941650.0,11612330.0,66.40237696973942,0.6324942274342895,65.29,67.57,66.44526,4
20784104.011126563,20271.59926207028,20727920.0,20824450.0,20781930.0,106.23094082058414,0.028776493545433636,106.1448,106.3248,106.2281,11601359.614742698,130084.43942751277,11195820.0,11844980.0,11631570.0,66.76765890681502,0.42787414886427133,65.55,67.56,66.828895,4
20788405.923291493,25757.87143905672,20734810.0,20824450.0,20796870.0,106.2261620641562,0.025433560910100114,106.1358,106.2843,106.2272,11598554.90655509,189676.68022116492,11246650.0,11894980.0,11638320.0,66.72118303486751,0.603376686528198,65.6,67.73,66.814675,4
20795581.123173278,25545.52629635557,20748600.0,20824450.0,20798400.0,106.21654576200417,0.022688911881415266,106.1403,106.2933,106.2258,11618458.076548364,200653.75788166735,11299150.0,11923320.0,11640440.0,66.67129171607516,0.6547781375473999,65.5,67.77,66.72964,4
20775582.106666666,19681.431496306723,20718730.0,20817550.0,20787670.0,106.05256223157895,0.020578936665117672,106.0233,106.0998,106.0436,11586471.048421053,146716.4624873591,11102480.0,11851650.0,11608540.0,66.4576295494737,0.4625339817662626,65.22,67.37,66.52532,4
20777231.449497767,22211.770947217447,20718730.0,20819850.0,20787670.0,106.0841697126116,0.03513404301723533,106.0233,106.1943,106.083,11595018.28264509,163037.65786881445,11241650.0,11869980.0,11626385.0,66.54955062779018,0.5253402696866085,65.33,67.45,66.67271,4
20782847.19563392,25670.848761527723,20727920.0,20822150.0,20784230.0,106.18658429890849,0.03410253205495955,106.0728,106.2843,106.1876,11588885.079764903,194355.67712051002,11237480.0,11889980.0,11621765.0,66.50036871676463,0.6155343741713818,65.37,67.62,66.57021499999999,4
20785852.82563172,27099.613485738228,20746310.0,20822150.0,20791120.0,106.16481685048163,0.022112066933457054,106.0908,106.2303,106.1718,11586677.186932849,198306.01039676767,11253320.0,11890820.0,11620210.0,66.47360863744241,0.6416908901977569,65.35,67.54,66.55653,4
20785789.248434238,26856.789320764416,20746310.0,20819850.0,20792270.0,106.14173153792625,0.03136809936515193,106.0728,106.2348,106.1358,11598000.265831593,197425.0931748947,11260820.0,11894980.0,11637480.0,66.46618248295059,0.6455957789743061,65.34,67.5,66.5629,4
20790538.8,26810.28109331526,20746310.0,20822150.0,20795720.0,106.17358650704226,0.02499099707559426,106.0728,106.2393,106.1786,11597666.466197183,201279.90761758087,11271650.0,11914150.0,11614035.0,66.46593241549296,0.6602871170274496,65.39,67.6,66.496285,4
20799486.624248356,20952.52562745457,20748600.0,20822150.0,20808360.0,106.18513020556566,0.02128022804572469,106.1223,106.2708,106.1808,11607749.644804923,198243.7670179525,11316650.0,11939150.0,11593240.0,66.6127020458677,0.6501624793503241,65.48,67.78,66.58255,4
20800753.58663883,20604.84836584175,20750900.0,20822150.0,20808930.0,106.20741189979124,0.022992651437440025,106.1223,106.2843,106.2078,11615683.561586639,198707.53468547532,11313320.0,11937480.0,11610290.0,66.65471601948504,0.6566090800734945,65.61,67.8,66.63131,4
20801721.639596753,20268.977811375684,20766990.0,20842830.0,20817550.0,106.18176568188183,0.02823049773682332,106.0818,106.2798,106.1853,11612339.256510781,195830.24705432318,11324150.0,11944150.0,11595210.0,66.60563725287035,0.6497146891477602,65.5,67.8,66.54076,4
20787834.098453682,25626.821181915082,20725620.0,20840530.0,20793420.0,106.18702008795576,0.031165913831501718,106.0953,106.2933,106.1853,11583638.660802951,194621.93599072925,11216650.0,11951650.0,11595970.0,66.58420955454675,0.6341197175545922,65.52,67.7,66.60449,4
20770124.234513897,21545.854464330587,20723320.0,20799170.0,20771590.0,106.1467149710738,0.03504790617150619,106.0683,106.2348,106.1358,11569272.829123748,167607.23591434286,11179980.0,11817480.0,11634600.0,66.74780329617609,0.5082831179732377,65.6,67.54,66.89413,4
20768513.3884648,21152.4354074047,20718730.0,20810660.0,20769290.0,106.06356925360474,0.03061062912438614,106.0143,106.1448,106.0481,11580624.560361888,165256.70498935683,11175820.0,11844150.0,11637940.0,66.62657624681934,0.5126291631570884,65.37,67.44,66.76874,4
20770398.174703006,21161.1260402742,20718730.0,20812950.0,20771590.0,106.03595923130678,0.009715017799139303,105.9828,106.0908,106.0346,11575104.754716981,197169.47873604568,11242480.0,11873320.0,11605820.0,66.41332349126485,0.620117207298821,65.28,67.55,66.4927,4
20770914.89442036,21642.976639813405,20716430.0,20817550.0,20783330.0,106.046779569291,0.015074154164876528,106.0143,106.0998,106.0436,11588275.848133128,195619.22971523524,11229980.0,11894980.0,11631650.0,66.50688870227941,0.615244315937242,65.3,67.59,66.61485,4
20785295.087792642,26643.81622628983,20741710.0,20819850.0,20792270.0,106.07452828874024,0.030347487694893042,106.0233,106.1853,106.0796,11599609.08444816,202387.10108554285,11281650.0,11914150.0,11616650.0,66.50875583890746,0.6642846055027553,65.3,67.67,66.53833499999999,4
20796239.41365799,23086.805660622875,20746310.0,20822150.0,20796870.0,106.14389986006157,0.03072141552026823,106.0773,106.2303,106.1387,11609812.539882451,198508.11686573847,11307480.0,11949980.0,11596880.0,66.29933011754828,0.6580139627349164,65.25,67.42,66.2775,4
20801107.789839946,19921.004909979347,20766990.0,20842830.0,20814100.0,106.09566558107167,0.02010178054404769,106.0323,106.1808,106.092,11626520.64578984,193569.94748766947,11322480.0,11964150.0,11616040.0,66.2151432178149,0.6302558313733363,65.22,67.35,66.16,4
20806157.88281359,18585.766331208768,20748600.0,20845130.0,20812950.0,106.09492437421339,0.019201998881871095,106.0368,106.1853,106.0893,11623364.5909663,184870.4939145044,11343320.0,11998320.0,11601880.0,66.20127311005453,0.6028314105835083,65.24,67.41,66.10044,4
20792406.124281105,26456.927629388196,20746310.0,20822150.0,20796870.0,106.17347727591527,0.04321112078404604,106.0683,106.3203,106.1741,11593366.286996774,200126.12373292778,11285820.0,11904980.0,11600060.0,66.41343521672043,0.6536244722250344,65.33,67.56,66.43279,4
20785242.265394866,25879.16123144086,20737110.0,20822150.0,20789970.0,106.23788327956235,0.02693310775494394,106.1583,106.3203,106.2281,11591565.77780895,198278.01522131875,11240820.0,11918320.0,11634830.0,66.46254509748913,0.6294478249644168,65.32,67.54,66.55479,4
20784886.433058776,27092.554578088286,20737110.0,20822150.0,20776180.0,106.22461743682813,0.0220903997216701,106.1628,106.3203,106.2213,11592258.176741589,200638.62938608107,11260820.0,11894980.0,11624300.0,66.47763414211921,0.6361386972004839,65.38,67.5,66.53946,4
9642931.196272083,61216.85567309972,9555256.0,9858313.0,9627692.0,59.774504565308106,0.037070583276103436,59.39194,59.80293,59.78076,4141981.5213520657,82578.74946303487,3819157.0,4418323.0,4144459.0,49.64281966198358,0.06747742526777202,49.41,50.0,49.63613,4
9702737.2212932,111882.75038088133,9530368.0,9976944.0,9657880.0,59.74150746098105,0.0743956131187087,59.22497,59.78419,59.760795,4071322.2120958753,116319.42582416747,3707490.0,4384156.0,4082906.5,49.57681437848383,0.27026163411129156,49.14,50.77,49.504599999999996,4
9740925.07428015,138944.86599579977,9499414.0,9969114.0,9721219.0,59.70076708443455,0.13527427011649149,59.20861,59.79653,59.7484,4016681.6445959103,134032.95897069093,3587490.0,4264990.0,4049308.0,49.70683213520657,0.5403919309801073,48.86,50.85,49.53095,4
9709622.461238692,107285.50647059947,9530827.0,9998113.0,9677767.0,59.72387915100905,0.09284204862479152,59.21671,59.79356,59.74671,4038921.0130828116,127356.95113137637,3614990.0,4419989.0,4050747.0,49.84922792066806,0.447332744508568,49.16,50.86,49.72738,4
9747339.149060544,143487.11686414332,9521083.0,10023720.0,9700268.0,59.70362990814196,0.1372901258771169,59.221,59.79999,59.74816,4010662.9905358385,129942.29901493884,3701657.0,4296656.0,4027566.0,50.002025086986784,0.45045388367077355,49.21,50.98,49.83542,4
9734927.84487846,122041.09339762971,9503426.0,9974664.0,9729961.0,59.71282805957566,0.11441339604370102,59.23454,59.80547,59.74754,4004430.368554166,123840.8250356975,3483324.0,4298323.0,4022641.0,49.76424181677673,0.4677736094407,49.05,50.95,49.62606,4
9724770.801253483,129069.35106810654,9483992.0,9958455.0,9688105.0,59.723210688022284,0.07320141366426049,59.20927,59.80071,59.736495000000005,3990818.5831476324,137160.9829432587,3618323.0,4359156.0,4013247.0,49.76357200417827,0.6008628686555194,48.9,50.93,49.56496,4
9759346.352784026,152691.76045386356,9490539.0,10054250.0,9732797.5,59.69078234111361,0.14622873065194988,59.20927,59.81273,59.743764999999996,3998413.271231721,138320.33307142614,3569157.0,4423323.0,4003323.0,49.59050919853768,0.518715279350452,48.88,50.65,49.39579500000001,4
9763635.914121604,161724.94225320974,9478219.0,10057250.0,9787783.5,59.70146818156346,0.13009266309110382,59.23287,59.81897,59.74131,3950338.466797422,141970.85211450985,3518324.0,4264156.0,3965710.0,49.809063440739706,0.5689606479294937,48.86,50.92,49.60955,4
9770842.09805014,131286.5226577785,9505766.0,9973969.0,9818855.0,59.71266299860724,0.06845953177429988,59.23426,59.78336,59.723855,3905959.6022284124,153939.9662094284,3519990.0,4287490.0,3929535.0,49.956580381615595,0.5234972162946507,48.89,50.82,50.029425,4
15087981.68100409,143449.37343873794,14763960.0,15393680.0,15088010.0,60.47460893950077,0.2687575780434335,59.564,61.292,60.47,4830724.648568608,163018.606617544,4298323.0,5368322.0,4809913.0,37.417361435622624,0.4430260458043859,35.04,38.46,37.47859,4
15052863.114800226,148131.67377984017,14665130.0,15382190.0,15055830.0,60.658511534890266,0.4307396024966076,59.508,61.98,60.614,4884613.124085537,344205.914471779,3925823.0,5436655.0,4855708.5,37.391221332301626,1.6816931878860815,32.0,39.49,37.957385,4
15048302.18649066,148550.6270672005,14685820.0,15352310.0,15047790.0,60.640857182979914,0.41554639030280666,59.524,61.876,60.604,4895662.201516641,316203.3385189452,3990823.0,5386655.0,4878777.0,37.71364538828816,1.5603500458847885,32.81,39.44,38.36551,4
15062233.829401089,144727.31369910255,14699600.0,15372990.0,15062730.0,60.51052882870306,0.4304394283515358,59.42,61.788,60.466,4926431.35906743,323831.49840442935,4040823.0,5405822.0,4913531.0,37.58597070221974,1.6610785345326595,32.92,39.48,38.31,4
15196424.922904402,147465.34833117135,14775450.0,15522380.0,15194305.0,60.16054471544715,0.4209347767922059,58.384,61.54,60.1455,5174238.62895991,312511.77025846794,4185823.0,5693321.0,5243019.0,37.48032086627418,1.4950892173903385,32.1,39.3,38.082625,4
15205591.24511991,147610.61266581525,14816820.0,15566050.0,15208670.0,59.88332849972113,0.5963212138327565,57.676,61.452,59.933499999999995,5239502.04350251,285137.76357740414,4418323.0,5826655.0,5186769.0,37.19427022030117,1.483313531673982,32.42,39.26,37.70782,4
15220637.822883358,147398.95374781042,14789240.0,15584430.0,15219010.0,59.50088474906159,0.5815791213922669,57.736,61.232,59.485,5215076.859863756,255992.13020218577,4494156.0,5828321.0,5153625.0,37.16346315723621,1.3006514910069358,31.59,39.2,37.59716,4
15248917.778873239,144091.29111901578,14844400.0,15586730.0,15246590.0,59.52121464788733,0.5587687598098943,57.684,61.196,59.524,5263121.1343661975,246912.6842244779,4437489.0,5979154.0,5233435.0,37.006318205633804,1.2742067028134223,31.84,38.84,37.343565,4
15304607.099076407,140107.70302498312,14943220.0,15593620.0,15304050.0,59.07988469073607,0.508573039726746,57.46,60.752,59.036,5286857.979708928,141759.2969177842,4816656.0,5861655.0,5274989.0,36.87044989084802,0.640492413650954,32.69,38.65,36.89632,4
15305212.555368656,141735.5002762872,14871970.0,15607410.0,15304050.0,58.95676675077096,0.4904186971458202,57.128,60.616,58.969,5302358.715306981,183621.46824283327,4771656.0,5905821.0,5294761.0,36.50208391925988,0.7780072384580845,31.35,37.87,36.70309,4
15287009.229910715,144595.33632492815,14883470.0,15628100.0,15286810.0,59.188075055803566,0.5098742474745643,57.092,61.164,59.188,5352320.702985491,253631.6939252303,4606656.0,5857488.0,5333208.0,36.17700958565848,1.166289422952438,29.7,37.99,36.45304,4
15298598.484975541,138033.18558250545,14931730.0,15609710.0,15296000.0,58.982100907058,0.4812517443158776,57.272,60.724,58.98,5317086.391055206,139720.25990810778,4850822.0,5869988.0,5294307.0,36.36106218448638,0.586974469350021,33.17,37.4,36.49105,4
15569776.964807345,127320.30819951065,15255780.0,15830350.0,15569490.0,57.97233175824176,0.3317870909047506,56.832,59.24,57.967,6123338.595354013,129903.27318854674,5651655.0,6511654.0,6103018.0,34.5670554360829,0.8329599437265537,30.35,36.02,34.74678,4
15560136.63278272,127106.7552043603,15258080.0,15828050.0,15559730.0,58.03138218410278,0.3492813666252145,56.932,59.248,58.024,6102341.337851193,165661.82435310137,5657488.0,6499154.0,6077261.0,34.67159521389242,1.0344743936972804,30.54,36.17,34.97424,4
15551546.50286193,126758.79504039035,15248890.0,15809660.0,15551680.0,58.0561023272372,0.37344492935513135,56.728,59.372,58.041,6101398.250453721,160799.4704949781,5713321.0,6504987.0,6066730.0,34.69637397738378,1.0797002123625736,30.84,36.23,35.01609,4
15553628.909648634,126547.49282490594,15241990.0,15805060.0,15552545.0,57.98664584355828,0.37584240766439275,56.732,59.38,57.9645,6087635.023982153,122724.45823391163,5719155.0,6494987.0,6062791.0,34.80850653653095,0.7371909600956075,31.26,36.14,35.035055,4
15546976.112204725,129695.08411184727,14697310.0,16253220.0,15545360.0,57.986254640045,0.31508270846359926,57.012,59.064,57.986,6098935.38751406,94002.17270601993,5772488.0,6464154.0,6080631.5,34.64593646653543,0.49308423541934876,31.79,35.98,34.74526,4
15543175.967966573,134997.36601154885,15230500.0,15828050.0,15543060.0,58.21538607381616,0.3625550455639196,56.96,59.484,58.208,6114708.335236769,175798.11260491653,5637488.0,6484154.0,6078852.0,34.49201822005571,1.1085434407438661,30.46,36.21,34.78382,4
15532825.010045925,133210.07999730814,15232800.0,15832640.0,15530420.0,58.19974254305396,0.3648572712402509,56.952,59.404,58.196,6110729.329075775,179010.8643455875,5691655.0,6483321.0,6069988.0,34.58063461107922,1.0982019783498747,30.81,36.23,34.853065,4
15532087.270815812,135822.98305897313,15230500.0,15800470.0,15533870.0,58.18707317353518,0.3872766608956237,56.728,59.448,58.18,6117093.588589852,189371.57453219793,5658321.0,6518321.0,6073814.0,34.59568314269694,1.2696657937488691,30.0,36.34,34.963805,4
15526620.864214795,136908.67379176844,15196030.0,15811960.0,15525250.0,58.14193762830374,0.37739950556265134,56.764,59.392,58.14,6116907.972031884,162125.43046811092,5598322.0,6505821.0,6079912.0,34.65107357852048,1.0836634932487452,30.38,36.21,34.97988,4
15519725.805863375,141094.4521927125,15161550.0,15811960.0,15520080.0,58.142072102679194,0.43025290679262657,56.912,59.688,58.118,6114635.287838407,167290.17452967915,5609155.0,6484154.0,6071730.0,34.733395153597975,1.0323923944403177,30.3,36.38,35.10152,4
15516429.528985508,138668.17555579662,15163850.0,15807360.0,15515480.0,58.14782998327759,0.4258518530185804,56.664,59.728,58.126,6127109.962931995,184425.05127318282,5599988.0,6542487.0,6098283.0,34.624182428929764,1.2150137535403016,29.33,36.08,35.07548,4
15508159.218222722,140482.3816429724,15200620.0,15816560.0,15507440.0,58.20941788667041,0.3907841405415113,56.86,59.588,58.212,6120791.507030372,191740.687344373,5640821.0,6515821.0,6078965.0,34.578334815804276,1.1377651374742264,30.41,36.43,34.858760000000004,4
15493115.749406341,142785.728926896,15147760.0,15938360.0,15492500.0,58.348471014108114,0.4692368874213253,56.788,59.808,58.312,6126119.975974298,241202.48208984043,5509988.0,6497487.0,6161502.0,34.46416381617544,1.6643717044759911,29.43,36.47,34.93521,4
15498414.74930362,139540.0501807147,15168450.0,15809660.0,15498250.0,58.260128837047354,0.3954089125774046,56.844,59.592,58.255,6100412.815738161,181955.77875171392,5606655.0,6499987.0,6064041.0,34.661025076601675,1.1408283681176585,31.05,36.48,34.917860000000005,4
15516695.94572025,139838.39035047832,15189130.0,15805060.0,15516060.0,58.08655574112735,0.40208915619780083,56.864,59.664,58.072,6118927.719415449,150623.28823439925,5714155.0,6508321.0,6083321.0,34.695080272790534,0.978882265317219,30.46,36.33,34.98348,4
15496636.30859375,141814.71059664758,15140870.0,15788980.0,15494800.0,58.08765290178571,0.4099072860781688,56.62,59.464,58.0835,6111036.032366072,153040.57779646566,5663321.0,6462487.0,6077829.0,34.51423055943081,0.9023090793087752,31.06,36.16,34.87043,4
15497703.790254831,141245.6502192305,15138570.0,15786680.0,15498250.0,58.16247381545785,0.43859643486585487,56.908,59.708,58.13,6112413.631615794,180373.71298657617,5528322.0,6493321.0,6073662.0,34.49217301176141,1.1869302285986545,29.38,36.04,34.88609,4
15492425.715676729,142423.89914032395,15140870.0,15805060.0,15490200.0,58.20285130198915,0.42620695114163576,56.792,59.632,58.18,6112818.796216442,190155.33117654352,5617488.0,6518321.0,6059988.0,34.470315559883154,1.225533635986488,29.53,36.28,34.92033,4
15496268.045175683,137498.72442962212,15179940.0,15805060.0,15495950.0,58.26357640825432,0.4007670130525509,57.064,59.612,58.248,6142478.260875627,209834.17487280312,5596655.0,6517487.0,6168851.5,34.42264174288901,1.284816519169393,29.84,36.53,34.61726,4
15473044.863380281,140569.26176304856,15120190.0,15779780.0,15471820.0,58.234121694366195,0.3899441993366095,56.808,59.644,58.230999999999995,6125995.5598815065,199723.24239033478,5591655.0,6508321.0,6108548.0,34.47029658450704,1.2620655472205333,29.9,36.42,34.66589999999999,4
15405232.981132075,139126.59546219945,15092610.0,15699350.0,15405170.0,58.51725171069183,0.3933061739939989,56.988,59.744,58.516,6015694.821243885,219828.35484405045,5493322.0,6440821.0,6018094.0,34.443925243885396,1.2209558131539515,30.13,36.34,34.552,4
15457594.073132854,140993.90586241774,15104100.0,15756800.0,15454580.0,58.39495496117464,0.3966234476907181,57.212,59.664,58.39,6058092.6488332385,204644.94917456133,5502488.0,6449154.0,6078927.0,34.84690357475646,0.9077109358414481,31.94,36.57,34.98413,4
15487639.933229152,141558.910129549,15129380.0,15775190.0,15487910.0,58.20868759767012,0.39807838986484917,56.924,59.404,58.204,6153302.5079000285,142530.18747298833,5599988.0,6471654.0,6129495.5,34.661841667850545,0.851961758862616,30.76,35.99,34.91478,4
15461737.46344207,138646.87276524736,15129380.0,15782080.0,15461470.0,58.41514538807649,0.36516731896039356,57.068,59.584,58.416,6138434.85208099,204349.81854763944,5587488.0,6488321.0,6163245.0,34.30808179836895,1.3031730354839905,30.4,36.45,34.51174,4
15463364.089006696,132600.92212450868,15150060.0,15768290.0,15464920.0,58.325280136718746,0.38268316117722373,57.036,59.692,58.314,6130499.139927455,188608.6512000644,5595822.0,6478321.0,6118207.0,34.42937340122768,1.2036904114859344,29.85,36.31,34.681084999999996,4
15444215.354530107,134609.93934265585,15124780.0,15740710.0,15441940.0,58.34576562183455,0.3831187919583774,57.048,59.58,58.3445,6122832.054867755,185507.88962279598,5591655.0,6468321.0,6129722.5,34.401565977771526,1.0996280050406173,30.8,36.21,34.62424,4
15379977.349363508,158331.2046250891,14950110.0,15715430.0,15377590.0,58.4626837340877,0.3930402188307995,57.124,60.02,58.452,6051706.63281471,222795.42292692346,5418322.0,6472487.0,6073397.0,34.44773202121641,1.3258590196486066,29.53,36.34,34.72261,4
15380955.515675982,138136.46949578627,15012170.0,15676360.0,15379890.0,58.53726514541069,0.40858578937679385,56.78,59.776,58.544,5941437.417080437,267275.7299657902,5194155.0,6307487.0,6013700.0,34.731193860122005,1.680956938946733,29.64,36.75,35.252,4
15518483.107257726,173651.6348100925,15124780.0,16032590.0,15515480.0,58.25087428331702,0.5171850564388715,56.676,60.184,58.234,6267506.153125437,197441.6745225865,5544988.0,6777487.0,6280821.0,34.58216945602014,1.120090984799626,30.86,36.69,34.69783,4
15436131.672098625,137454.93923008238,15115590.0,15763700.0,15436190.0,58.30977483208163,0.39156494635696976,56.72,59.688,58.308,6133159.372112796,190241.75594125662,5619155.0,6479154.0,6153776.0,34.21652882386283,1.1627479421527347,30.11,36.19,34.33365,4
15446841.843851475,133700.15299860228,15124780.0,15729220.0,15446540.0,58.337457009741634,0.41677219616150996,57.072,59.756,58.315,6105004.155160243,220787.77243041983,5502488.0,6449987.0,6138321.0,34.36848166878441,1.4531471204390525,29.59,36.31,34.77848,4
15426924.194366198,135757.72859049772,15115590.0,15733820.0,15427000.0,58.39459408591549,0.4358948568795684,57.004,59.748,58.37,6132975.45915493,216590.11654926054,5552488.0,6491654.0,6165366.0,34.16204834084507,1.44756501713719,29.46,36.26,34.526795,4
15417693.424944196,133441.60806635386,15136270.0,15706240.0,15414360.0,58.376249580078124,0.3484847197027167,57.144,59.592,58.372,6104164.135184152,187398.83281321565,5626655.0,6469987.0,6126995.5,34.3969310672433,1.1284245968389912,30.5,36.32,34.47,4
15413296.868377022,137794.61240348863,14453690.0,15699350.0,15413210.0,58.39190435164528,0.3910056709167949,57.004,59.664,58.392,6087962.428890129,210587.04175058514,5549988.0,6423321.0,6129988.0,34.52386925683212,1.2830655968603895,30.74,36.4,34.765654999999995,4
15356676.308977036,146966.0561464136,15002970.0,15680960.0,15356900.0,58.53264578983995,0.44427541164002043,57.128,59.988,58.516,6021389.469589422,239394.25899196445,5293322.0,6396654.0,6081579.0,34.492913775922055,1.573459037182372,29.36,36.49,34.78913,4
15384122.960470984,138613.4752489992,15078820.0,15664870.0,15383330.0,58.52979002102607,0.43635998916849905,57.056,59.844,58.509,6049887.21825063,229583.23407306572,5334988.0,6394987.0,6130669.5,34.60005202831511,1.5671669633069019,30.05,36.53,35.051195,4
15443425.056603774,153117.88873417972,15074220.0,15830350.0,15446540.0,58.363001809923134,0.41717469967058407,56.824,59.54,58.362,6178464.231726065,221069.44044648448,5588322.0,6541654.0,6224836.0,34.486312109014676,1.2955703855381244,30.56,36.67,34.60761,4
15411155.563508771,140950.6051804628,15090310.0,15726920.0,15409770.0,58.3341642063158,0.4131983665599351,57.044,59.752,58.324,6135793.4821052635,215536.69731926208,5508322.0,6454987.0,6207791.0,34.48402864561403,1.3702576947910823,30.06,36.42,34.82826,4
15392806.99650594,138162.74658227654,15085710.0,15678660.0,15393680.0,58.440455903563944,0.4539543617254125,57.088,59.892,58.404,6113291.011180992,212486.9632334295,5565822.0,6414987.0,6179079.0,34.30839225296995,1.39498113458238,29.89,36.31,34.62478,4
15387941.208374316,141330.23083496714,15058130.0,15692450.0,15386210.0,58.42993143037796,0.5016219859176188,56.848,59.876,58.408,6096325.724603063,221340.86457324674,5426655.0,6424154.0,6169154.0,34.42149082338064,1.4506351327044376,29.75,36.47,34.86551,4
15393027.165940706,138350.05714732036,15062730.0,15676360.0,15392530.0,58.379637487705494,0.488338015930094,56.456,59.928,58.352,6113392.174371224,225865.73561639618,5417488.0,6439987.0,6193018.0,34.487989577068994,1.5135632624621336,29.53,36.42,34.87543,4
15402325.941685269,139197.72660674277,15083410.0,15692450.0,15401720.0,58.42605105887277,0.4515166069225054,57.168,59.836,58.398,6141508.033621652,220858.99864938037,5508322.0,6437487.0,6238207.0,34.3874208203125,1.5548044355054667,29.78,36.21,34.954454999999996,4
15390200.669269381,137643.5558679833,15078820.0,15690150.0,15389940.0,58.38946514082543,0.43452906058658797,56.976,59.816,58.36,6131751.052286671,208680.70183492603,5540822.0,6470821.0,6178358.5,34.31826138733965,1.364602492517901,29.12,36.28,34.593805,4
15388337.615663322,136932.3019838376,15081120.0,15660270.0,15387930.0,58.41704194397993,0.47043195982365354,56.72,59.804,58.388,6130346.228121516,220988.63001417695,5509988.0,6441654.0,6220897.0,34.439408072742474,1.5418555851107834,30.24,36.37,34.90783,4
15389481.796340272,140618.6579204074,15062730.0,15669470.0,15391380.0,58.363408019276434,0.5047960580520445,56.996,59.788,58.316,6145408.98477441,223118.77888706114,5484988.0,6450821.0,6259533.0,34.44934949993016,1.5288249102537201,29.61,36.28,35.11391,4
15385092.502102608,139679.07390969867,15078820.0,15669470.0,15386780.0,58.40540762405383,0.4548600812115765,57.044,59.896,58.374,6132997.098542192,216446.56958157683,5466655.0,6438321.0,6217525.5,34.48846063638912,1.4834091665794744,29.54,36.49,34.89261,4
15375533.10140845,138874.50915875332,15055830.0,15653380.0,15371840.0,58.37354028169014,0.47174521664578445,57.048,59.824,58.336,6138546.273661972,201642.52355493605,5562488.0,6429154.0,6213472.0,34.414953369014086,1.3244602273471788,30.75,36.34,34.761415,4
15375772.503823161,138638.79469273792,15055830.0,15653380.0,15375290.0,58.43956068538857,0.46451792978199336,57.112,59.812,58.404,6143083.764354234,211753.7470434674,5524155.0,6404987.0,6239912.0,34.39132290004171,1.4637997813997894,29.99,36.14,34.95891,4
15370986.919305127,137962.73042062327,15055830.0,15646480.0,15371555.0,58.4679753432334,0.4302077753330849,56.748,59.776,58.452,6140994.414541888,212760.22456181576,5515822.0,6423321.0,6233434.5,34.28063234659569,1.5127248196240632,29.51,36.12,34.784459999999996,4
15345983.017942248,150311.6513034021,14963900.0,15699350.0,15344265.0,58.533953186150825,0.44664154360861846,57.044,60.048,58.511335,6113087.5640594335,204982.26564230514,5489155.0,6415821.0,6197715.0,34.34281723016541,1.3763407986298437,30.1,36.17,34.79891,4
15374854.252631579,141187.48268477933,15044340.0,15699350.0,15375290.0,58.38033740210527,0.4688267525241528,56.82,59.736,58.344,6168673.730947369,198260.57476662693,5549988.0,6468321.0,6233473.0,34.455225813333335,1.3098546761265464,30.03,36.11,34.86956,4
15380319.311830947,138820.30819734273,15062730.0,15683260.0,15378740.0,58.363982484359795,0.44760727622669044,56.964,59.768,58.332,6155986.707354372,211159.6140101396,5579155.0,6459154.0,6244457.0,34.389775756985955,1.4265327167488202,29.6,36.43,34.82,4
15360074.52377632,138538.10044890197,15037450.0,15653380.0,15359200.0,58.39116384744109,0.4259826026412246,57.128,59.716,58.376,6142473.74062195,196137.70452305695,5502488.0,6420821.0,6215821.0,34.405183922744385,1.3004743787746065,29.81,36.34,34.70913,4
15352708.26923077,137552.5818756941,15019060.0,15639590.0,15353460.0,58.423627927814934,0.48393696239135275,57.072,59.876,58.39,6126471.707636566,215274.9228242812,5487488.0,6399987.0,6233094.0,34.304451369843925,1.533544926248167,29.71,36.16,34.850865,4
15336698.339153513,137496.6602580269,15000680.0,15664870.0,15338520.0,58.49897695488197,0.43140114710916666,57.176,59.936,58.488,6110892.431764212,204136.60686969996,5483322.0,6454987.0,6179685.0,34.23506522559017,1.3877013094911812,29.6,36.22,34.58087,4
15355943.840762546,133146.87026965836,15030550.0,15651080.0,15352310.0,58.41974992991309,0.4695412633643198,56.744,59.956,58.4009,6121160.818755257,218627.01295063063,5461655.0,6436654.0,6203018.0,34.27347141295206,1.5546004802083597,29.2,36.27,34.751085,4
15365959.531819455,131663.73897579918,15055830.0,15644190.0,15366100.0,58.398331928791706,0.4839765712700597,57.152,59.808,58.344,6135830.01065321,222473.14356572478,5498322.0,6459154.0,6231654.0,34.356669461732544,1.518260616157657,29.96,36.33,34.94435,4
15365822.24217119,137557.81664170968,15046640.0,15657980.0,15366100.0,58.34753681002088,0.477640334601911,56.912,59.732,58.298,6167461.310647181,207545.52518591145,5541655.0,6451654.0,6258852.0,34.295301777313846,1.4355042580936441,29.74,36.22,34.75261,4
15349197.822976574,138508.1629670376,15039750.0,15612010.0,15347710.0,58.39600280684528,0.4436879558083858,57.144,59.688,58.388,6150888.302005892,209705.82111617608,5424155.0,6443472.0,6245139.0,34.34192528264833,1.516865099980681,29.53,36.18,34.7953,4
15347546.666666666,143047.29590024293,15021360.0,15616610.0,15347045.0,58.44189073996655,0.46973048142986246,56.952,59.832,58.412,6156629.1659699,206864.75864219025,5552488.0,6441654.0,6259381.0,34.35854727424749,1.4489676757259204,29.66,35.93,35.007495000000006,4
15321614.601201285,134593.77276812264,15030550.0,15600520.0,15323580.0,58.49117209107417,0.41022260939918886,57.108,59.684,58.49,6148029.685430926,164658.48501267782,5508322.0,6389987.0,6199988.0,34.358319399357455,1.05431271984532,29.73,36.12,34.52,4
15330188.490187652,136311.8098799017,15012170.0,15612010.0,15331630.0,58.558375017905746,0.4048743448133159,57.236,59.784,58.548,6125244.896003438,203674.34943792707,5469155.0,6403321.0,6210518.0,34.50050382753187,1.442762110503094,29.34,36.35,34.84087,4
15322484.815281276,135898.86327233663,15000680.0,15616610.0,15326165.0,58.54934564791492,0.40576964004011623,57.236,59.832,58.531,6095268.863979849,210134.75793096056,5417488.0,6419154.0,6167639.0,34.38944009375874,1.4146163872436228,29.68,36.37,34.70804,4
15344447.080027835,137170.30997670817,15021360.0,15644190.0,15344270.0,58.40223883089771,0.4165524977939077,57.024,59.828,58.381,6083524.34822547,220497.31345511254,5447488.0,6424987.0,6133472.0,34.44927801391788,1.4513434095222,29.03,36.42,34.87609,4
15344778.725601131,137797.4216029708,14989180.0,15646480.0,15346560.0,58.35484130268741,0.39910837788882253,57.076,59.692,58.344,6040214.5693069305,207613.78576651562,5426655.0,6440821.0,6039761.0,34.32816958981612,1.2995652671171507,30.01,36.33,34.555215000000004,4
15362587.861768018,133108.29162283565,15048940.0,15657980.0,15361500.0,58.28349521537162,0.384308915913828,57.112,59.544,58.272,6047258.749155405,206728.30106578802,5596655.0,6416654.0,6013359.0,34.375104396114864,1.3168893850962873,30.35,36.37,34.69061,4
15363177.938058035,132153.7544551548,15074220.0,15651080.0,15363800.0,58.2675746358817,0.3566105672830349,56.948,59.384,58.274,6021875.287248884,208349.22160169456,5532488.0,6412487.0,5972867.0,34.23691702985491,1.3591601750906952,30.04,36.19,34.53837,4
15373867.269810269,134775.40904719397,15071920.0,15669470.0,15374140.0,58.208754182477676,0.35178069335318424,57.044,59.412,58.2,6022693.774135045,182131.7672574094,5554155.0,6437487.0,5973056.0,34.32047474888393,1.1269520007725633,30.91,36.09,34.564589999999995,4
15399291.490526317,135223.97523788747,15113290.0,15655680.0,15400570.0,58.029475229473675,0.33583133367190326,56.748,59.06,58.032,6013760.61122807,102342.42752413722,5654988.0,6419154.0,5994836.0,34.460699348771925,0.5969721120754888,31.15,35.69,34.59391,4
15417879.707379134,131740.30228012963,15173050.0,15655680.0,15418960.0,57.953876164828955,0.3100504679955554,56.78,58.932,57.956500000000005,6015109.087927623,49678.6066141116,5870821.0,6187488.0,6014685.0,34.46498697059655,0.1615782204407344,33.96,34.88,34.46696,4
15419990.391069397,133070.28038417324,15184540.0,15651080.0,15420970.0,57.934685152161556,0.3107700180536094,56.912,58.844,57.936,6008887.875426621,27313.094106503675,5915821.0,6097488.0,6008510.5,34.45235560580205,0.07304728189590189,34.05,34.71,34.45019,4
13818978.912256267,49021.61685150601,13740600.0,13906400.0,13813735.0,56.297273181058486,0.041020033534643334,56.22225,56.37007,56.30154,2339565.2057103063,84921.75900707986,2143325.0,2544991.0,2341204.0,37.931517367688016,0.12730291142074693,37.7,38.17,37.92467,4
13826335.807756696,58868.975646740604,13728760.0,13917980.0,13829625.0,56.3034591531808,0.05397103720365448,56.20313,56.40174,56.29722,2316383.6761997766,94838.86361785668,2129992.0,2532491.0,2314650.5,37.80280759486607,0.16203299940913687,37.5,38.1,37.818265,4
13822619.824782731,69564.64230668561,13715580.0,13937870.0,13821330.0,56.30336813288478,0.05849263768843203,56.19838,56.3985,56.305195,2344706.3156714328,114425.07875188415,2065825.0,2584991.0,2341923.0,37.728698160919535,0.1780510092122996,37.35,38.05,37.72465,4
13808925.672080649,80773.95268001663,13701210.0,13956290.0,13795045.0,56.34021135256231,0.06099561036652253,56.21405,56.42567,56.353719999999996,2325246.9663959676,122903.54471025139,2059992.0,2653324.0,2321506.5,37.658726859423126,0.22149202607901772,37.2,38.1,37.63271,4
13830625.992488524,84851.7122897234,13690810.0,13965700.0,13843080.0,56.33272733342607,0.07007091607608308,56.22974,56.45105,56.33215,2305622.432466268,137073.8667655393,2008325.0,2684991.0,2285825.0,37.70796887884267,0.22856025970809143,37.12,38.16,37.75555,4
13813573.421899036,77767.19722203884,13691910.0,13934780.0,13815200.0,56.33819828695287,0.07253180239214983,56.21271,56.46364,56.33611,2344163.343448469,125509.27217274242,2024992.0,2583324.0,2354916.0,37.6648392071039,0.2000747824399472,37.29,38.08,37.64667,4
13786444.475789474,57353.42375278105,13691230.0,13887660.0,13778790.0,56.43667898807018,0.05669950848645728,56.32882,56.54117,56.44673,2322111.0701754387,108954.03720261008,2074992.0,2625824.0,2314537.0,37.72596475649123,0.16406817010265629,37.45,38.05,37.71458,4
13755752.082115518,130254.51192605632,13563540.0,13971510.0,13744690.0,56.597192908837854,0.15392602744292605,56.36301,56.88597,56.58602,2222073.3032707027,154521.14510497559,1859992.0,2537491.0,2223022.0,37.977405661795416,0.18771341213395454,37.67,38.37,37.9634,4
13756350.225838127,111563.89385648447,13605000.0,13942270.0,13729440.0,56.526934752419685,0.11336888689666134,56.3362,56.69125,56.5518,2276647.4361060457,163199.1185627995,1971658.0,2622491.0,2270446.0,37.91577559826062,0.24462122915211224,37.45,38.4,37.89944,4
13717681.349761972,84197.13882442075,13565210.0,13842810.0,13723460.0,56.65826089050687,0.09238727670689502,56.49458,56.82189,56.64977,2237882.224866984,127670.92887067683,1974158.0,2566658.0,2213514.5,37.92185940212825,0.1722323126990879,37.55,38.22,37.940335,4
13741795.45886297,77584.15224307991,13626830.0,13873310.0,13737460.0,56.62324283698841,0.08237912264263841,56.49603,56.77654,56.62062,2251496.5411370303,116693.35078972057,2026658.0,2491658.0,2240219.0,38.049323545187875,0.18316899162862538,37.74,38.37,38.07203,4
13735906.351218138,80449.43481866273,13629730.0,13867720.0,13727210.0,56.66042608928319,0.08690141755022956,56.5173,56.81617,56.67921,2258968.500915622,117284.84742724779,2019992.0,2536658.0,2259916.0,38.0704686614841,0.1510977602211699,37.8,38.35,38.05413,4
13812988.461647525,71222.51654730273,13695590.0,13927190.0,13823210.0,56.46601992769034,0.07830651713737449,56.33493,56.63573,56.4917,2300626.468594924,120183.4735817009,2043325.0,2604158.0,2313325.0,38.21645587409613,0.19156098320972872,37.86,38.52,38.2,4
13736646.14468085,64684.686106411464,13640080.0,13883730.0,13726200.0,56.510881521985816,0.07484465113988806,56.34917,56.62583,56.514775,2347772.506833549,95511.8931894159,2112492.0,2561658.0,2352416.0,38.18034178865248,0.15326715668834037,37.92,38.58,38.16771,4
13777039.62827886,60344.706301909464,13676780.0,13871790.0,13779830.0,56.49283747089353,0.05415196454204275,56.39632,56.60003,56.49189,2290664.120493758,100027.13029974645,2033325.0,2555825.0,2288704.0,38.2457233945855,0.13764072936188632,37.96,38.49,38.24111,4
13756293.222781977,53989.00700364783,13675180.0,13839330.0,13756545.0,56.46497270640918,0.048544981609310506,56.376,56.54736,56.46741,2328468.49468234,88601.56173699858,2110825.0,2498325.0,2335597.0,38.237674811083124,0.12893077091900274,38.01,38.47,38.22811,4
13760189.714750221,46719.47775286332,13683480.0,13831380.0,13764430.0,56.44211213124446,0.042972747907768595,56.36213,56.51995,56.445679999999996,2309563.4178244164,79905.19733231566,2150825.0,2506658.0,2306696.0,38.15468310814815,0.11418760821778336,37.88,38.37,38.15804,4
14057580.092075894,41147.401707763005,13987270.0,14135450.0,14059845.0,55.91744538922991,0.04084585896209139,55.84009,56.00788,55.91071,2676326.2952008927,106083.7819215963,2386658.0,2961657.0,2671923.0,37.393031780133924,0.10016943486257295,37.15,37.61,37.40194,4
14047181.64799776,58109.82766411314,13958310.0,14131350.0,14058640.0,55.93185232287875,0.04926627684893456,55.8397,56.02431,55.92542,2660538.21058527,154394.79963505166,2435825.0,3089991.0,2616696.0,37.52401215485858,0.22219788045367023,37.1,37.87,37.56106,4
14118838.501614941,66832.02577297995,13967830.0,14236180.0,14123750.0,55.81530187754529,0.0721865111067022,55.70294,55.9913,55.8127,2824203.551327061,155843.26886885962,2485825.0,3208324.0,2820218.0,37.488439207976405,0.22789489109304495,37.11,37.83,37.4788,4
14018168.76940288,39655.638318270394,13952040.0,14096350.0,14018640.0,55.893681711648725,0.03854013384862397,55.80287,55.9656,55.89318,2673037.7418542863,102593.8511527147,2458325.0,3008324.0,2668324.0,37.51821073695986,0.137087033599437,37.21,37.92,37.5069,4
7217006.391583331,2597769.7369136787,4719393.0,14297120.0,6406057.0,116.34599971671388,2.2500963524311186,113.8119,123.0402,115.8429,1077323.3479982251,81769.86416023858,1000576.0,1366994.0,1043215.0,57.868937886958605,14.473499886267758,34.06898,85.34724,55.69402,5
6009382.996689307,2821659.486327577,4618170.0,14799150.0,4898349.0,114.75541030410594,2.149362922389194,113.5749,121.5175,113.9554,1081073.9494180689,80958.57266856215,1027473.0,1320893.0,1046375.0,51.63551673060514,12.060467377233808,38.65618,76.68628,46.54487,5
8938728.89289737,2856416.5832082825,4785070.0,14545450.0,8386550.0,116.74146232977235,2.912694671466172,111.956,124.3151,116.2797,1070379.4245469128,104556.76522288666,999604.1,1540042.0,1021229.0,60.260140519130346,17.613187567422663,32.97939,92.83558,55.20559,5
9476982.47588655,2964865.7031647167,4626309.0,15850350.0,9226955.0,117.08213106590668,3.509615911311694,110.6222,125.3873,116.7252,1050449.5675995767,76319.11999705483,999841.4,1454777.0,1001825.0,63.8270577040172,18.85825611798881,31.43567,98.67029,58.3481,5
7434872.081129049,2357111.097666023,4093842.0,11628340.0,7199824.0,113.63438321785726,3.322798958922701,107.5399,121.9298,113.55,1053337.022557084,80436.283620604,998282.4,1374900.0,1002795.0,50.390331418819756,16.20676445678675,24.53516,80.53017,45.47452,5
7398388.159664152,2430879.596852404,4394640.0,12925730.0,7079796.0,115.2216092597017,2.6026294371168475,111.9206,122.51,114.9168,1064318.5158879142,79883.58629105717,1000655.0,1384391.0,1033861.0,54.08882848902694,15.490125674078113,29.31269,83.19612,48.36641,5
6715706.415782109,2847348.164976247,5018643.0,15699360.0,5658183.0,117.18764862623298,2.045492575213947,115.8503,123.543,116.4952,1087399.5319294173,79657.73693386541,1030536.0,1314298.0,1050505.0,62.24276839482577,12.20846966916776,47.03742,87.24168,58.82272,5
6975037.703368716,3200808.513184541,5290846.0,17121930.0,5724558.0,117.74479118058639,2.0135320544577033,116.5837,124.0545,117.0174,1095007.4274207312,90630.71173366465,1033923.0,1360857.0,1056165.0,64.6969156548005,11.462983961861319,51.55929,89.01553,61.36463,5
6288464.343492952,2633117.7886533714,4759350.0,14533720.0,5289458.0,116.47681590156661,2.0344609477381415,115.138,122.783,115.79,1078957.0222191883,72356.91397076678,1030111.0,1286585.0,1045657.0,59.70441392538995,12.227447133164,44.7487,84.43955,56.88826,5
6240968.80183624,2733039.723293021,4886247.0,14793130.0,5147220.0,116.3641743813782,1.8837360808220873,115.1261,122.2941,115.678,1089251.9597597187,80586.0422316291,1027012.0,1323891.0,1055175.0,59.40916781187071,11.174124423985663,46.60209,82.90463,56.07753,5
6381913.083620601,2826795.938927246,5097289.0,15236790.0,5245081.0,116.20265300180893,1.704161877546168,114.7254,121.6474,115.583,1100094.9950851565,93701.63842569025,1027479.0,1376942.0,1061641.0,58.45894162940714,10.190547728243368,47.79157,80.54855,54.97852,5
9781590.814635312,2700988.613932486,5437342.0,14596090.0,9616511.0,115.39689951192874,2.885312638710172,111.7458,123.0619,115.0033,2051444.8162735929,72636.78706122811,2002244.0,2366903.0,2004275.0,55.71087143213079,17.368006353848656,32.28458,88.7628,48.25075,5
12793818.887095124,2271048.9373044274,8045181.0,17162160.0,12661560.0,113.60178597563058,3.7882063296301323,108.539,123.0003,112.7897,5042521.505307348,46887.21594644112,5007957.0,5189858.0,5009531.0,52.5165249742312,18.544178765169914,30.82495,89.90156,45.43523,5
16051298.100959077,2274940.401553556,10501920.0,19146430.0,16006750.0,110.58167986962012,5.548490942944305,103.6828,122.7608,110.5939,7575131.895969146,53398.40146795169,7513046.0,7663969.0,7583078.0,49.629467393767705,18.73355996845248,30.91555,87.33458,42.57478,5
19046767.101948872,2212346.601670286,13166920.0,21404170.0,19418090.0,105.1775928847401,8.559535191463684,94.08343,122.0797,105.6509,10096863.756100891,49720.50886711592,10018670.0,10157690.0,10106690.0,43.0534326939486,19.50926659751206,23.73446,80.54208,36.0791,5
6931837.712413393,2427447.8140498935,4681330.0,14297120.0,6293902.0,115.9396414041435,1.8685878292654525,113.5264,123.0402,115.8076,1065190.9639919451,76307.89046049066,1000992.0,1403497.0,1039674.0,56.024128717362366,13.895251777557561,32.18972,85.34724,54.49473,5
6766492.907300591,2837734.5757713546,4712810.0,14297120.0,5289646.0,116.91402980989113,2.407506493781192,114.7897,123.0402,115.8684,1078229.299600669,77470.6374210993,1001041.0,1269987.0,1041424.0,61.110221720536536,13.967857126084322,31.93987,85.34724,58.67423,5
7625892.198743984,3041996.078944188,4730982.0,14297120.0,6328592.0,117.19872815113145,2.687593409686351,113.6818,123.0402,115.961,1089472.9147069866,89847.12790039663,1000726.0,1400322.0,1044053.0,61.92339509949145,15.20497207439627,32.74633,85.34724,59.76608,5
9520118.728454895,1613535.6451764898,8816743.0,14799150.0,8877989.0,118.71296986245264,0.791449270493469,118.1418,121.5175,118.4295,1154054.3697737125,55898.12177870667,1128008.0,1320894.0,1130310.0,66.5173807716987,4.020688535480931,63.45268,76.68628,64.56198,5
9176990.307962729,1398507.3231922945,8439435.0,13790410.0,8650559.0,121.96423384074542,0.6773299646778355,121.5707,124.3151,121.7117,1140252.0934502885,54413.06185180671,1114729.0,1302952.0,1117080.0,82.44297112222262,4.422476276385894,78.95953,92.83558,80.15805,5
11439618.280043688,2183217.9970322326,8427017.0,15270590.0,11166980.0,122.63451421550224,0.9795071909100428,121.2083,125.3873,122.4325,1107825.9712276869,101912.63898040784,1000438.0,1660309.0,1089176.0,82.59725834499471,9.03418410867396,54.45159,98.67029,80.06702,5
7794487.555036008,1179994.5537665032,7145503.0,11628340.0,7360576.0,119.40151183316837,0.7213717586260214,118.8853,121.9298,119.1374,1186653.1083654733,24781.140002864904,1104142.0,1241220.0,1190303.0,70.98800771835216,4.201905069814977,66.69086,80.53018,69.0726,5
8499004.650295231,1357031.8093612937,7799205.0,12925730.0,7983623.0,120.00328070923923,0.7127051474380438,119.4495,122.51,119.7456,1132684.036690672,31442.12157090605,1057871.0,1244928.0,1123500.0,73.0678018341923,4.2578113048066175,69.62888,83.19612,70.99129,5
10023826.477490699,1723563.4375108478,9233389.0,15699360.0,9350668.0,121.0062537014915,0.7184057653688037,120.4771,123.543,120.7499,1153467.052015427,53749.46629467253,1128830.0,1314298.0,1130925.0,77.64560775316563,3.728752611190208,74.95116,87.24168,75.78838,5
10817493.885729888,1906774.535286068,9951342.0,17121930.0,10074590.0,121.46775841496296,0.7300512647512396,120.9327,124.0545,121.2066,1174914.6148674015,62031.18831733016,1147018.0,1360857.0,1148938.0,79.62435816273594,3.517625064501364,77.19749,89.01553,77.89193,5
9735777.226731287,1537195.0416829053,8988981.0,14793130.0,9145183.0,119.99411494590258,0.642243110174726,119.3772,122.2941,119.7759,1158678.526229564,55488.27801037174,1122257.0,1323891.0,1135559.0,73.67388416908426,3.551092198306203,71.11878,82.90463,71.93813,5
10113346.941567972,1550735.0366111961,9423284.0,15236790.0,9512770.0,119.56056878733062,0.5739715850884743,118.6878,121.6474,119.3755,1188510.2628758661,63150.56823778695,1160053.0,1376942.0,1162269.0,72.22602544045871,3.0822753555563627,70.12795,80.54855,70.74435,5
9824231.665244548,1439264.865202233,9003911.0,14596090.0,9299811.0,120.56209754257826,0.7071324774604344,120.0127,123.0619,120.3069,2104206.81415748,34567.10659897635,2085252.0,2210465.0,2090503.0,78.3359763036281,4.4102024685744174,74.82446,88.7628,76.16015,5
13831207.215945937,1456468.8600788382,11690860.0,16362210.0,13643980.0,120.1685750298645,0.9831222277674431,118.467,123.0003,120.0997,5092724.995016895,28446.823922290434,5061591.0,5200581.0,5083908.0,73.3277180306495,8.568229005572208,62.33348,89.90156,70.21016,5
17015485.949691117,1799120.6037546596,13756670.0,20009100.0,16978350.0,118.78163021604833,1.5784801701928293,116.4811,122.7608,118.3793,7602937.082118844,32149.55319918102,7553199.0,7683627.0,7600137.0,65.51274259974743,11.216070116505625,49.91607,87.33458,62.43737,5
19835011.500392504,1871356.851987876,15829640.0,22586680.0,19813600.0,115.90856824806306,2.950830996114412,111.1427,122.0797,115.6276,10112772.559131712,33114.430943671665,10051780.0,10172510.0,10108980.0,57.000002736612174,11.967435386947557,42.38307,80.54274,52.49199,5
9662630.69155944,1852937.7505693268,8543031.0,14297120.0,8649668.0,120.75314234615514,0.8948903152302853,120.1415,123.0402,120.2852,1143887.8706781801,53069.51875568914,1111969.0,1269987.0,1113541.0,76.50115958292092,4.513389973374646,72.47111,85.34724,74.14944,5
11763144.093996381,891701.1491854391,11393870.0,14799150.0,11417380.0,120.07924424724395,0.37938333670528,119.8161,121.5175,119.9482,1218669.875763678,33449.204687765545,1204302.0,1320894.0,1204797.0,71.60693466568824,1.821071367145776,70.41294,76.68628,70.73109,5
11074073.620601386,793299.2588766824,10679350.0,13790410.0,10776030.0,123.14386431960136,0.3138500628326436,122.9283,124.3151,123.0332,1201268.9720809583,33462.563268938626,1183186.0,1302952.0,1187418.0,87.791264333595,1.9449357371809093,86.44848,92.83558,86.77993,5
10881819.411242705,702912.3540528892,10445890.0,13323450.0,10640560.0,124.27086666780434,0.3060522258136944,124.1153,125.3873,124.157,1145555.2624662959,24796.03616421964,1131656.0,1223453.0,1135426.0,93.18471107546333,2.251522731297076,91.55658,98.67029,91.98663,5
9371469.656507049,670794.7104578128,9049959.0,11628340.0,9116657.0,120.67097683538687,0.33113488626877047,120.4379,121.9298,120.5552,1165401.0586026828,25053.707496934414,1152946.0,1241221.0,1155003.0,75.47249000921533,2.0407515799476643,73.95456,80.53019,74.43776,5
10336303.44291614,765819.6999053948,9981449.0,12925730.0,10044500.0,121.25317352469368,0.331039797886291,121.0074,122.51,121.1386,1157517.2873476911,23203.08363935198,1146488.0,1228144.0,1147922.0,78.25212113519233,1.895782987525634,76.93741,83.19612,77.29819,5
12406529.761766613,961494.1754982665,11972580.0,15699360.0,12041180.0,122.25007791392198,0.3429858741983217,121.9147,123.543,122.1346,1215711.77715963,32262.71666366037,1200431.0,1314298.0,1202461.0,82.57400813133555,1.6386856327090213,81.54985,87.24168,81.77959,5
13469263.949964162,1062400.0690846215,12984180.0,17121930.0,13068050.0,122.71740411618144,0.3531005275507402,122.4791,124.0545,122.594,1247280.4660909928,37060.83221957374,1229530.0,1360857.0,1232119.0,84.42365421447832,1.5595035284542864,83.496,89.01553,83.69399,5
11561457.269872691,874185.7492017184,11176230.0,14533720.0,11225570.0,121.54856449025566,0.3266793322255638,121.1885,122.783,121.4409,1198165.5892009966,28977.506064088757,1184868.0,1286585.0,1186179.0,79.83140072732857,1.6569095048827676,78.76021,84.43955,79.01619,5
11872177.854948806,855276.5220045127,11494870.0,14793130.0,11547880.0,121.11663364505118,0.30743550304267125,120.8569,122.2941,121.01275,1224081.495426621,32783.754154213624,1209019.0,1323891.0,1210636.0,78.4590894102389,1.5545573503613617,77.49247,82.90463,77.72169,5
12071602.61681286,869369.1531057149,11710180.0,15034390.0,11736010.0,120.92950016041503,0.29802470882189425,120.663,122.0765,120.8303,1236518.0290794908,33375.64178366423,1222005.0,1338528.0,1222716.0,77.77247935151371,1.4804839684872233,76.86329,82.05422,77.07154,5
12280817.943615824,860108.8691913614,11930440.0,15221750.0,11949410.0,120.7544134816888,0.28709767433696004,120.4605,121.8664,120.6602,1248396.3815147274,34604.562995004104,1233848.0,1354542.0,1234136.0,77.07012633844158,1.4234137121456865,76.20288,81.21866,76.39783,5
11779404.045530565,820565.5793814127,11356550.0,14596090.0,11477210.0,121.79615813508993,0.333037522468137,121.568,123.0619,121.681,2143854.116044916,21260.23591408579,2132313.0,2210465.0,2135445.0,83.83060531315063,1.890444458091741,82.53693,88.7628,82.87858,5
13832911.176831974,601909.8712074994,13319590.0,15986810.0,13657580.0,121.73313262909997,0.33863424517283297,121.534,123.0003,121.6059,5095791.171268644,7612.010854160599,5088525.0,5121149.0,5093463.0,83.5073623676576,2.665075971521188,81.409,89.90156,82.17187,5
16777804.148605753,910024.1214331134,15499650.0,18513210.0,16669860.0,121.19895818628622,0.5846383124749389,120.0963,122.7608,121.2461,7602290.59015666,19148.06146071746,7576748.0,7653743.0,7598050.0,77.45150062834908,5.025408346285554,71.03309,87.33458,76.15357,5
19790996.686917644,1463424.7361532878,17177000.0,22303140.0,19584860.0,119.38141725656166,1.2750813572095767,117.2001,122.0797,119.4228,10113350.972729445,26358.01789477009,10068520.0,10165020.0,10108780.0,66.66626741288098,7.868486374597479,54.15349,80.54361,65.43187,5
13271048.56309089,434754.65279954416,13093750.0,14799150.0,13106620.0,120.8348628212567,0.17150639242770493,120.7211,121.5175,120.7769,1268357.780265538,16845.60495076964,1261106.0,1320894.0,1261483.0,74.31657095634664,0.8023112303503911,73.83256,76.68628,73.94255,5
12409044.246561317,391592.90238794655,12207080.0,13790410.0,12267750.0,123.76945575958224,0.13817450904197964,123.6815,124.3151,123.7221,1249856.329806478,17119.068840618347,1241248.0,1302952.0,1242842.0,90.52021577630636,0.833986220610662,90.00195,92.83558,90.10327,5
12053265.896788286,355311.43146528554,11840690.0,13323450.0,11931660.0,124.87472072084371,0.1329854604636768,124.8071,125.3873,124.8268,1181583.2117137103,13116.6613933493,1174272.0,1223453.0,1176308.0,96.18566458684596,0.9585452912041135,95.55072,98.67029,95.67978,5
10487785.299498277,328838.42972548085,10338600.0,11628340.0,10364910.0,121.34255743199428,0.1433421675885466,121.2345,121.9298,121.2941,1201286.393392266,12980.08563672539,1195134.0,1241223.0,1195974.0,78.23613842554353,0.8716954007292168,77.63737,80.53022,77.79572,5
11622599.204068398,372885.3712575832,11448030.0,12925730.0,11483270.0,121.91616150721869,0.14952605046669923,121.7443,122.51,121.8707,1191394.445885525,11816.65951621221,1185602.0,1228145.0,1186594.0,80.92719241544077,0.8195206101931997,80.40072,83.19612,80.52253,5
13045779.998976074,422996.90459191817,12859730.0,14533720.0,12887820.0,122.20080230724598,0.14593845923195328,122.0921,122.783,122.1523,1240686.9658350113,14733.866314998879,1233676.0,1286586.0,1234723.0,82.31864762654016,0.7126832125883571,81.89651,84.43955,81.98289,5
13211996.938462064,423136.0030580357,13031080.0,14702370.0,13053700.0,121.96602351957404,0.14334327398340563,121.8597,122.5428,121.9184,1256711.7815283798,15625.11082694705,1249682.0,1305374.0,1250389.0,81.5634637956927,0.6872123607748084,81.16048,83.64858,81.24394,5
13566881.547493089,415163.22347794374,13396920.0,15034390.0,13411120.0,121.54000672719205,0.13189982969482103,121.4294,122.0765,121.497,1285837.56824465,16870.869749817524,1278473.0,1338528.0,1279016.0,80.06626457012185,0.6478615356341754,79.69812,82.05422,79.76974,5
13768189.279156284,413663.5252410012,13603750.0,15236790.0,13613040.0,121.13405528516331,0.12446602234524926,121.0195,121.6474,121.0942,1319508.8215297451,18355.86620910878,1311227.0,1376942.0,1312110.0,78.87026690330728,0.5388494137730465,78.56663,80.54855,78.62831,5
13167386.664049968,402965.27047065296,12971510.0,14596090.0,13020810.0,122.46803512065259,0.14763264418324293,122.3429,123.0619,122.419,2175379.3162565273,10977.457544157605,2169552.0,2210465.0,2171093.0,86.53461078023142,0.800976025517006,86.02807,88.7628,86.13589,5
14844858.982217822,311888.25707357243,14618880.0,15986810.0,14746420.0,122.411436291341,0.14687491847587858,122.3337,123.0003,122.3586,5107719.943513431,3952.5716402729536,5104140.0,5121149.0,5106436.0,87.03878289497935,1.1156422723209174,86.24383,89.90156,86.46502,5
16867580.65428854,204709.30391173332,16586320.0,17622450.0,16828530.0,122.10933886139458,0.1765426454609185,122.0235,122.7608,122.0372,7604110.731833851,2288.128692514931,7600304.0,7612136.0,7603721.0,83.58247345711459,1.6029646019402393,82.2599,87.33585,82.80531,5
19612008.93921294,759612.3464158649,18157450.0,21521020.0,19486070.0,121.06689098945357,0.44476018508216736,119.9869,122.0797,121.1397,10112293.642103827,15210.002842372645,10082430.0,10156800.0,10110780.0,74.54144761766614,3.3618655539295657,68.14301,80.54486,74.46957,5
14361194.596061299,121214.59880465196,14313040.0,14799150.0,14316150.0,121.32905179698966,0.045388840566887065,121.3003,121.5175,121.314,1305675.731356019,4783.375343619547,1303659.0,1320894.0,1303751.0,76.00505664391278,0.21848905348366326,75.87821,76.68628,75.90453,5
13392837.961022561,109827.24959623498,13339750.0,13790420.0,13353580.0,124.1644629884979,0.03601456764550396,124.1404,124.3151,124.1528,1287386.267688317,4914.414037712724,1284940.0,1302953.0,1285409.0,92.19287034779343,0.21993680431493082,92.06312,92.83558,92.08523,5
12951781.498003345,101142.74516230809,12893000.0,13323450.0,12917750.0,125.24769144680705,0.03463877332214525,125.2312,125.3873,125.2355,1210881.9121813031,3895.1383256716135,1208381.0,1223453.0,1209324.0,98.00195192532168,0.24719074723186685,97.84625,98.67029,97.87325,5
14107371.076487252,117934.47496994912,14055880.0,14533720.0,14064280.0,122.61915513157444,0.03924194612556153,122.5937,122.783,122.6063,1273284.075804635,4187.645781212684,1271349.0,1286586.0,1271617.0,83.83907559404757,0.1919774253235614,83.73182,84.43955,83.75214,5
14276967.276016247,117491.90085557553,14226510.0,14702370.0,14234070.0,122.38456483497728,0.03766887769812848,122.3565,122.5428,122.3724,1291290.2432506229,4437.648704492583,1289229.0,1305375.0,1289526.0,83.0652292480972,0.1819913172731071,82.9663,83.64858,82.98522,5
14371555.07798901,116059.84329492816,14323510.0,14793130.0,14328890.0,122.14217645994745,0.03584652931908042,122.1149,122.2941,122.1307,1309156.10027646,4632.362850142111,1307085.0,1323891.0,1307307.0,82.35119649032389,0.17433171584645543,82.2561,82.90463,82.27326,5
14613852.71067272,115544.23050084103,14566380.0,15034390.0,14571400.0,121.92801537253831,0.034738591485828946,121.8997,122.0765,121.9171,1323437.9782927744,4741.035518272459,1321320.0,1338528.0,1321547.0,81.5046344847947,0.16959830642563356,81.41299,82.05422,81.42987,5
14818101.84204239,114159.0646468481,14771590.0,15236790.0,14776250.0,121.50354375575958,0.03317368118335222,121.474,121.6474,121.4933,1360182.4169766887,5276.947286578534,1357665.0,1376943.0,1358090.0,80.15142939383598,0.11789060355737072,80.08692,80.54881,80.10092,5
14184652.085054098,112917.88274229977,14131190.0,14596090.0,14144160.0,122.89230739615687,0.0401278248266827,122.851,123.0619,122.8821,2200117.3258472984,3182.9609798037686,2198413.0,2210466.0,2198891.0,88.14710892726714,0.20907986143399696,88.02089,88.7628,88.04605,5
15651965.866070515,90112.17522518175,15587690.0,15986830.0,15624080.0,122.83638695859928,0.03777404707234036,122.802,123.0003,122.8238,5117139.5654459195,1174.603066961023,5116197.0,5121149.0,5116763.0,89.10042820744735,0.2925146063396567,88.90836,89.90156,88.95465,5
13857594.292637974,100038.52021681248,13815210.0,14297130.0,13829400.0,122.87008512235911,0.03329458722825864,122.8337,123.0402,122.8626,1256713.841462166,3599.2443344470908,1254947.0,1269988.0,1255558.0,84.7306055664016,0.17329230370189921,84.64061,85.34724,84.65731,5
7425671.767022765,3128860.3112524296,4684141.0,16161540.0,6357362.0,116.51278549097238,2.47335975083924,114.0109,123.7044,115.8697,1084015.8761049865,98115.39231788217,1000554.0,1329114.0,1041924.0,58.98722530325267,15.173103196630194,34.75244,87.82256,57.87473,5
6180923.117341889,3318779.427000257,4529395.0,16312620.0,4883376.0,114.89932686781118,2.4327600041491744,113.047,122.2877,113.9895,1093468.3115123382,111046.51296725454,1025874.0,1411954.0,1046197.0,52.53332792143077,12.94482782427489,38.74713,79.54661,47.26166,5
9130452.815556845,3191474.0557026523,4750299.0,15527750.0,8504671.0,116.87370364517561,3.122026948177982,112.1222,124.9036,116.4743,1081044.6009829687,123736.37807914036,999939.0,1502581.0,1023180.0,61.40377270214,18.447590041640126,33.2036,95.37859,53.60206,5
9696808.616300898,3307044.942126514,4761399.0,15834990.0,9199986.0,117.22932769377795,3.7298939223135683,110.7002,125.9355,117.0134,1054908.597730298,90231.88694867757,998929.9,1452164.0,1001807.0,65.00684265879381,19.760360807842133,31.05872,101.5098,55.81436,5
14813949.549302025,3507543.569826211,5508843.0,17719570.0,16488660.0,111.5502487422779,6.613938437045042,101.9577,126.6195,110.7993,1130131.4508106078,95083.41771526379,996953.0,1449832.0,1168810.0,69.68495516775316,20.976391161392744,38.3535,104.9485,64.58185,5
7084944.285368102,2703244.950216315,4127519.0,13034150.0,6577759.0,114.18726748353185,3.285514402252886,107.8446,122.5565,114.0651,1053577.6780129015,73557.68446180479,999454.8,1287273.0,1026379.0,53.02765831018124,16.286864519532774,27.40973,83.39331,50.16825,5
7298065.1709273355,2920884.576053207,4413923.0,14580400.0,6382373.0,115.49854758182875,2.7782914128427847,112.1864,123.1506,115.0804,1066876.3161370696,87020.1174889466,999556.0,1362294.0,1033255.0,55.861411947506745,16.293874246940547,29.32057,85.75852,55.38789,5
7010358.348327645,3530142.7992220446,4953893.0,17775140.0,5662757.0,117.30393079180887,2.315638133190088,115.7307,124.2272,116.5103,1094611.0011604095,102082.88418453751,1030532.0,1383506.0,1050177.0,63.09406793651877,12.887597587200945,47.79882,89.46574,58.956925,5
7310597.92992935,3963643.2325751693,5217541.0,19405180.0,5722426.0,117.84735948325883,2.285689313988896,116.1964,124.7254,116.9936,1107059.7834738386,116497.85029687299,1034910.0,1440428.0,1056608.0,65.4558728854227,12.072379284090971,51.89675,90.89233,61.24577,5
6580429.336564388,3238886.0350785907,4719273.0,16391850.0,5335610.0,116.59238043619236,2.292080720252597,114.9839,123.4333,115.7992,1087065.6589644698,92360.98817520856,1030238.0,1347871.0,1046329.0,60.604111887436424,12.922908001275198,45.16036,86.825,56.37473,5
6519397.8843987845,3354914.571944377,4867722.0,16646830.0,5143791.0,116.46346178367864,2.1370214044156293,114.5036,122.9095,115.6789,1099024.3146182464,103018.29974402592,1031217.0,1392307.0,1055019.0,60.22679940202737,11.81849267628629,46.72288,84.88174,56.73345,5
6651787.153315813,3446233.164649243,5055172.0,17064680.0,5242484.0,116.27497873647565,1.9067979984224683,114.0138,122.1064,115.5924,1111971.6772244787,119898.06518288884,1021707.0,1453130.0,1061615.0,59.029216611147135,10.691220077103015,47.85317,82.01379,55.40085,5
9940179.284685485,3105381.9583707657,5400481.0,16401450.0,9803442.0,115.58478214956143,3.0942520433902256,111.2802,123.6938,115.2315,2057834.7492747193,83258.65507208109,2000760.0,2358250.0,2022202.0,56.965488190381926,18.152268786575664,32.99118,91.19812,49.80657,5
12826561.956892727,2572108.5877561443,7807529.0,17485640.0,12527920.0,113.86442306563363,3.9896459180982227,108.6977,123.6434,113.0935,5045293.135601898,50162.45550241418,5008260.0,5185102.0,5009617.0,53.923498033379985,19.751844485003815,30.92893,93.06865,45.34364,5
15912845.176968496,2165738.1863344195,10205090.0,18826630.0,16234380.0,111.10951478207447,5.274218237704944,104.3882,123.4347,110.2864,7571391.520768627,49015.89046975387,7512951.0,7660930.0,7578010.0,51.905714228130655,19.888708643626902,31.00343,91.42649,44.98618,5
19021402.572442744,2312481.4080570354,12927070.0,21359250.0,19506030.0,105.7535892119185,8.673065523620453,94.25139,122.9503,106.5917,10096014.093996381,50752.57022224194,10018920.0,10155130.0,10109550.0,46.703704227106726,21.807766753438717,24.44103,86.94558,38.74378,5
7593491.87542237,2849079.5744412304,4629854.0,16161540.0,7332608.0,115.87654519266869,2.142394391859895,113.1817,123.7044,115.7523,1072860.7169186661,96611.87445733756,1000889.0,1426093.0,1036777.0,55.59966359397931,15.218098190252295,32.70523,87.82256,52.7588,5
7760675.800436875,3433120.97778629,4705100.0,16161540.0,6426785.0,116.93309386327178,2.8215866586743217,113.9079,123.7044,115.9474,1094359.1485716235,104080.4457468455,1000156.0,1345149.0,1043982.0,61.09468796068125,15.74715559497102,34.18379,87.82256,58.7274,5
7930095.0505478,3702249.4500026396,4713772.0,16161540.0,6440358.0,117.42190423563945,3.019798209471314,114.3272,123.7044,115.9798,1107671.5083108637,106449.1946635939,1000286.0,1329114.0,1047390.0,63.55837983992628,15.795421193738346,35.61579,87.82256,60.67598,5
9628772.636369841,2085865.6241531733,8613407.0,16312620.0,8819429.0,118.8091962831496,1.0310399754654305,117.8518,122.2877,118.4377,1166526.3350284994,84922.98425944762,1088375.0,1411954.0,1130996.0,67.30011939997952,4.884164587989876,63.61243,79.54661,64.96681,5
9393521.306256186,1934899.9043202202,8375902.0,15527750.0,8649113.0,122.04657795146592,0.8682906724730893,121.5217,124.9036,121.7198,1150531.8276391686,77622.35154830455,1112557.0,1376058.0,1117095.0,83.1245678869586,5.256482634779088,78.97876,95.37859,80.43012,5
11709335.496672241,2268976.553518416,8257146.0,15264790.0,11535040.0,122.70679856650398,1.1425596889522296,121.1894,125.9355,122.394,1113239.6789310216,106757.99507055269,1000943.0,1645542.0,1091115.0,83.33369245434999,9.87174687748988,54.11632,101.5098,80.81479,5
15552849.324174887,2697418.088625641,7533110.0,17706150.0,16747670.0,120.36744168742959,2.741021291827081,116.8119,126.6195,119.9191,1161177.5484146217,84768.99588745135,1000975.0,1510714.0,1175933.0,82.34296115089252,12.244145049541958,46.26056,104.9485,80.04722,5
7932284.484624049,1628283.6024943779,7087663.0,13034150.0,7303422.0,119.49273591248847,0.9259294191271618,118.7102,122.5565,119.1522,1116674.4235298133,38612.91758898416,1065573.0,1231304.0,1101861.0,70.86211655687907,5.53862907772779,66.10474,83.39331,68.24356,5
8715576.816819686,1861005.913079072,7781356.0,14580400.0,7988438.0,120.10036980784326,0.9190060050680205,119.2443,123.1506,119.764,1139499.287586607,47243.8890762864,1039575.0,1278746.0,1123701.0,73.7836331953309,5.070825942744955,69.68237,85.75852,71.32045,5
10288382.531827025,2359456.69794191,9195318.0,17775140.0,9350332.0,121.09623434588211,0.9373857341789552,120.2982,124.2272,120.7578,1163239.5108706781,75894.12188517771,1128253.0,1383506.0,1130920.0,78.17304531963549,4.438810140139129,74.96416,89.46574,75.97916,5
11112346.030444724,2615441.091701146,9901103.0,19405180.0,10074550.0,121.54818657974674,0.950448698458092,120.7725,124.7254,121.2056,1186111.400798662,87289.77920135386,1145795.0,1440428.0,1148979.0,80.06698124270453,4.166553944730229,77.20356,90.89233,78.0364,5
9800175.24949657,2119252.050896695,8821963.0,16491260.0,8953901.0,120.22783855762995,0.8749521136480916,119.3115,123.1613,119.9173,1159305.8467865798,73315.20181256473,1112972.0,1371159.0,1128100.0,74.81236617085906,4.364099349357023,71.60736,85.8505,72.67412,5
10139298.381787775,2077893.9463881664,9141650.0,16746720.0,9322716.0,119.91823181337249,0.8125015934340988,118.9098,122.6661,119.646,1177806.546196116,82233.99055014721,1138019.0,1414629.0,1143124.0,73.51280041980957,4.047459937948855,70.63299,83.96975,71.58172,5
10353426.23082699,2114997.0075055882,9408449.0,17064680.0,9514607.0,119.61531445441824,0.7216557574072813,118.4662,122.1064,119.3822,1199538.1181610294,88099.30396724542,1159161.0,1453130.0,1162239.0,72.54149299737192,3.5546992927851275,70.13233,82.01379,70.84972,5
10050429.386463702,1990670.7181261745,8937646.0,16401450.0,9301839.0,120.65434283422644,0.9153251582511157,119.8229,123.6938,120.3205,2110776.813406601,49723.311606419054,2083939.0,2258957.0,2090558.0,79.01484012901463,5.196966562545282,74.86303,91.19812,76.46374,5
13795689.459708523,1692841.373387785,11504230.0,17485640.0,13360060.0,120.30412777569201,1.139635242690042,118.4907,123.6434,120.1654,5092963.334550668,29514.839766922123,5062450.0,5201167.0,5079770.0,74.88811022389842,9.352355854823594,63.13383,93.06865,72.49512,5
17214303.49568245,1832701.3151507885,13386060.0,20026780.0,17426100.0,118.85555760264856,1.7830943278896272,116.4673,123.4347,118.3644,7605175.422369364,33566.67430911827,7551304.0,7684480.0,7603985.0,67.26835767910168,12.33810341507931,51.47946,91.42649,64.05608,5
19779083.58066828,1900240.8970208801,15661450.0,22601940.0,20063360.0,116.2319611181269,3.1521184638515396,111.2447,122.9503,115.7931,10112005.873237994,34003.42346514182,10049130.0,10172950.0,10108400.0,60.05468295982797,13.574390912722944,44.11799,86.94558,54.86512,5
10086779.05809072,2564237.108574076,8510585.0,16161540.0,8649148.0,120.91940348134749,1.1660251438337244,120.0302,123.7044,120.2971,1157886.991569678,75760.65802665263,1111350.0,1329114.0,1113549.0,77.42081324140756,5.444182321196122,72.50415,87.82256,74.59237,5
11880792.218505751,1323459.7661246576,11073510.0,16312620.0,11404920.0,120.16409154578655,0.590557730128948,119.6571,122.2877,119.9575,1230236.059729001,62179.46920450522,1087909.0,1411954.0,1205033.0,72.22578018089355,2.705706006978269,70.45432,79.54661,70.9556,5
11271819.555290103,1299013.6193073739,10601550.0,15527750.0,10776470.0,123.21229432764504,0.4811809365509326,122.8274,124.9036,123.0389,1210997.4423549487,55874.15460749704,1182240.0,1376058.0,1187304.0,88.34666876177475,2.7504387065240197,86.47092,95.37859,86.910555,5
11056093.48510188,1177015.6756036452,10322920.0,14984950.0,10639850.0,124.3390355029182,0.46386750702727664,124.0489,125.9355,124.1631,1153091.0321512679,42668.63969643263,1129467.0,1283656.0,1135450.0,93.8638895545923,3.1681972760628194,91.56723,101.5098,92.19718,5
15385391.236902284,2415116.1002206807,9116095.0,17639830.0,16235240.0,123.19715758217005,1.50579943746258,121.2147,126.6195,122.9423,1163749.0846445272,69558.84137147125,1001779.0,1442340.0,1162189.0,89.00125070343697,8.67090854514193,75.53742,104.9485,86.37531,5
9500594.23400116,1090559.385343126,8976005.0,13034150.0,9075703.0,120.7448158571965,0.5114536880739695,120.3084,122.5565,120.5635,1137490.4222669716,31769.639680213535,1121594.0,1231305.0,1124128.0,76.18038153691252,2.921896246270729,74.01601,83.39331,74.70737,5
10518607.34062596,1246076.5603483904,9942245.0,14580400.0,10031810.0,121.32709212259803,0.5154985697319197,120.8795,123.1506,121.1456,1164425.4702549574,38610.17080144965,1146414.0,1278746.0,1148175.0,78.83405900918119,2.6800295569692953,76.97203,85.75852,77.4906,5
12632516.507048022,1564187.6647819213,11907920.0,17775140.0,12025100.0,122.32574812792245,0.5364026982232968,121.7655,124.2272,122.1384,1225074.326427523,53456.46477889314,1199220.0,1383506.0,1202735.0,83.01763073551999,2.308840186150516,81.57687,89.46574,81.90954,5
11777226.839823885,1410066.838012734,11134680.0,16391850.0,11225420.0,121.62100044370115,0.509002299235622,121.0973,123.4333,121.4463,1206329.6617290692,47963.912655952925,1183211.0,1347871.0,1186180.0,80.2940175094713,2.367535628809739,78.7684,86.825,79.14082,5
12102799.773029797,1386370.4447555465,11495540.0,16646830.0,11561740.0,121.18549487354517,0.4812819539269178,120.6224,122.9095,121.0195,1232886.5275606676,53834.65536173011,1208644.0,1392307.0,1210369.0,78.83620997474316,2.1757834446741877,77.4761,84.88174,77.80669,5
12504049.869278815,1387516.9326452077,11937310.0,17064680.0,11960350.0,120.60838574695384,0.40331690040542056,119.9387,122.1064,120.4816,1275301.5364688216,60413.59806335777,1249063.0,1453130.0,1250059.0,76.89992328577767,1.7427470794455087,75.88419,82.01379,76.11168,5
11983570.18942626,1339988.4412352745,11289200.0,16401450.0,11476910.0,121.87021672412027,0.5168710119751138,121.4751,123.6938,121.6879,2149955.273217516,35882.08037497134,2129935.0,2258957.0,2135452.0,84.366470657019,2.6477342291261294,82.54708,91.19812,83.03809,5
13977966.192361513,1029421.4345190007,13120080.0,17485640.0,13655620.0,121.81277192736952,0.5189721399962641,121.4347,123.6434,121.6167,5097746.239803406,13153.904680808797,5085617.0,5139741.0,5093444.0,84.32592183965323,3.6756833063288683,81.43196,93.06865,82.50282,5
16935108.05761289,1041102.9686611078,15248290.0,18815540.0,16842880.0,121.27198519403393,0.762701236923834,120.0997,123.4347,121.2306,7603941.198505068,21014.123830252378,7576611.0,7653847.0,7600605.0,78.6488894146558,6.404490772800692,71.03309,91.42649,76.58449,5
19831982.499061402,1532247.0388806243,17147910.0,22309360.0,19830190.0,119.54498129970304,1.5027383735467021,117.2206,122.9503,119.3996,10113450.209222158,27592.397203696622,10067930.0,10166530.0,10109020.0,69.07634488856274,9.720171952188654,54.53726,86.94558,66.94026,5
11367378.92078228,1173830.6349833047,10876270.0,16161540.0,11015700.0,121.75375647633024,0.42988731902891514,121.306,123.7044,121.6518,1187820.5918973344,40079.96550726303,1169944.0,1329114.0,1174357.0,80.730770836206,2.1860959050272064,79.42942,87.82256,79.74506,5
13416921.56899553,831132.6339963302,12690970.0,16312620.0,13150440.0,120.91386150721868,0.36407855644548126,120.5912,122.2877,120.7896,1278203.3357793782,45716.727723111886,1104058.0,1411954.0,1260304.0,74.80207304140075,1.6946573265265463,73.76778,79.54661,74.02312,5
12591585.882794635,872247.7564379749,12138440.0,15527750.0,12267510.0,123.82926035359569,0.2903502125166831,123.6205,124.9036,123.727,1259085.6367794122,38855.786821850736,1238791.0,1376058.0,1242885.0,91.01125983651319,1.6115610530997517,90.00775,95.37859,90.20763,5
12216178.74330182,808251.6663098308,11715210.0,14984950.0,11931250.0,124.93388666507389,0.27652687044819096,124.7633,125.9355,124.8317,1188795.3301136557,30465.218368887756,1171422.0,1283656.0,1176341.0,96.78338695006656,1.8496010601126087,95.55736,101.5098,95.81266,5
14950705.0059729,2038358.4607323725,10514850.0,17299340.0,15054860.0,124.75098278780845,0.8956498188905665,123.4017,126.6195,124.7452,1142482.931396976,53228.18758552377,1050104.0,1348024.0,1139415.0,94.78312359329671,5.673203845396675,86.25836,104.9485,92.7711,5
14260207.858629987,1035990.1414759221,13774750.0,17775140.0,13867620.0,122.99898405406329,0.330110179259722,122.7516,124.2272,122.8843,1271912.5947984573,36893.47688696351,1252267.0,1383506.0,1256765.0,85.47551659305779,1.349580693397443,84.7035,89.46574,84.85583,5
15528650.49387351,1148201.9296172552,15000900.0,19405180.0,15094210.0,123.46894982422609,0.33873130550288344,123.2146,124.7254,123.3512,1311934.1514727464,42145.72685743823,1291820.0,1440428.0,1294609.0,87.18464783371446,1.2535331281365691,86.49891,90.89233,86.63024,5
13231658.113928802,936434.3642851884,12813410.0,16391850.0,12872750.0,122.26397285572887,0.3126154870414206,122.0103,123.4333,122.1566,1248687.3487149733,32913.37419322839,1232590.0,1347871.0,1235088.0,82.74371060923582,1.3897519361974662,81.92332,86.825,82.09485,5
13386612.169357317,919202.4658069351,12982800.0,16491260.0,13035180.0,122.02629729342299,0.30288703401365263,121.7684,123.1613,121.9228,1265327.3844499812,35060.93753520409,1248759.0,1371159.0,1250893.0,81.96515458548073,1.3266233530802072,81.19191,85.8505,81.35674,5
13557150.670330046,912995.3596250614,13168650.0,16646830.0,13207310.0,121.80861561486739,0.2922924833001716,121.5384,122.9095,121.7102,1281253.3893989555,36686.55386076106,1264561.0,1392307.0,1266149.0,81.20987427420731,1.2534908289299433,80.48338,84.88174,80.63499,5
13828051.279907163,915213.6011134983,13450660.0,16924450.0,13476910.0,121.38515695416227,0.27696203690586035,121.1064,122.4364,121.2931,1313146.7742585072,39641.921981580446,1295200.0,1432398.0,1296829.0,79.77959960101028,1.0602568017709697,79.18255,82.99854,79.31074,5
13971079.987371583,912153.3598519404,13595310.0,17064680.0,13621500.0,121.05473443803542,0.27554394558322987,120.7554,122.1064,120.9648,1329436.5081743405,41240.65845287666,1309653.0,1453130.0,1312475.0,78.9486828809857,0.986485822716765,78.38352,82.01379,78.51012,5
13355719.334106967,897000.8067249985,12909440.0,16401450.0,13020720.0,122.53094017201953,0.31496133250180597,122.2266,123.6938,122.4221,2181117.0719137173,25133.963595844853,2167385.0,2258957.0,2171105.0,87.00539316529574,1.5296895993552988,86.03454,91.19812,86.24977,5
14980072.263217175,717902.2857583228,14457670.0,17485640.0,14741700.0,122.480744329158,0.3129742013185953,122.2716,123.6434,122.3672,5109612.159356975,9248.92439645439,5100155.0,5139741.0,5106455.0,87.7617780501041,2.0969355150426425,86.26497,93.06865,86.68825,5
16973545.55821018,510157.33901564515,16486150.0,18815540.0,16828850.0,122.19152761527698,0.34983994469925417,122.0266,123.4347,122.0535,7605030.157684563,5203.552697454164,7597284.0,7622643.0,7603678.0,84.74128824260214,2.956766986486742,82.28157,91.42649,83.24369,5
19621313.054029148,823202.1438877556,18139110.0,21557170.0,19501000.0,121.22335503942115,0.649684747344898,119.9673,122.9503,121.2149,10112071.03382368,15982.133000113246,10082030.0,10157740.0,10109940.0,76.7326481576163,5.328290270129215,68.06466,86.94558,75.82747,5
13140750.596948702,1042633.6935081049,12605110.0,16161540.0,12658560.0,122.56234002866992,0.3667207425406556,122.2919,123.7044,122.4047,1237358.8308816,34600.8847082527,1218540.0,1329114.0,1220394.0,83.78895160449163,1.6113881465063224,82.70817,87.82256,82.95349,5
14479224.477285914,511101.9435670913,13887070.0,16312620.0,14342990.0,121.39923656097477,0.226499412836216,121.1939,122.2877,121.3236,1315594.560804123,33388.51819230635,1104968.0,1411954.0,1302886.0,76.47993601112668,1.082982115605219,75.10261,79.54661,75.96878,5
13563079.164476603,570163.5680319708,13279890.0,15527750.0,13353500.0,124.21821365234307,0.1771513396555398,124.0817,124.9036,124.1572,1296174.5254445544,26071.81801771632,1282684.0,1376058.0,1285463.0,92.6434223362572,0.9727499244014105,92.06775,95.37859,92.16796,5
13105630.076111812,535534.4692888614,12790510.0,14984950.0,12918090.0,125.30065059558346,0.16821322660639734,125.2022,125.9355,125.2398,1217784.4292296665,20785.534419756656,1206261.0,1283656.0,1209353.0,98.54873607426876,1.1153566988650563,97.85048,101.5098,97.97401,5
15074153.29601693,1732479.841074429,11620350.0,17199580.0,15053850.0,125.42111869688385,0.6113621879951027,124.5313,126.6195,125.4388,1142769.9840267587,46672.48208806248,1066342.0,1295414.0,1144640.0,98.13963913990239,3.7338809488848494,91.9592,104.9485,96.87155,5
12715460.716748012,539881.2323668745,12472400.0,14580400.0,12512380.0,122.4049968121779,0.1933352210917525,122.2347,123.1506,122.3412,1223370.4989590088,18008.396175112484,1214479.0,1278747.0,1216032.0,83.02732682548893,0.9560187618968145,82.44237,85.75852,82.56497,5
16822637.465101197,747188.6564279885,16481800.0,19405180.0,16543820.0,123.92012677565788,0.208929996084472,123.7609,124.7254,123.8488,1352706.690296597,28155.899930527325,1338662.0,1440428.0,1341242.0,88.6861709949145,0.72041109294827,88.31221,90.89233,88.3803,5
14291214.999829346,605302.6722987,14024280.0,16391850.0,14064230.0,122.67717524147582,0.19446317245517908,122.5249,123.4333,122.6113,1280535.2234205946,21952.298899500667,1270067.0,1347871.0,1271611.0,84.21672001740676,0.8522610138004455,83.73645,86.825,83.82923,5
14420552.1130414,596723.8650198604,14165570.0,16491260.0,14195550.0,122.4376078671627,0.18517331952690316,122.2784,123.1613,122.3758,1300155.109389399,23036.45101912407,1289249.0,1371159.0,1290780.0,83.46060621488787,0.7843297380104354,83.02648,85.8505,83.10934,5
14575132.04614492,596956.7905224732,14325490.0,16646830.0,14349390.0,122.2004965698488,0.1809632626464534,122.0423,122.9095,122.1403,1317218.5239086659,24358.75333030845,1305967.0,1392307.0,1307308.0,82.66120203795352,0.7259180184265529,82.25704,84.88174,82.33483,5
14678968.974367727,593863.4999871723,14429800.0,16746720.0,14455880.0,121.97188348066487,0.17596767928612045,121.8092,122.6661,121.9139,1336240.199119424,25623.255016839852,1324353.0,1414629.0,1325845.0,81.94435997815626,0.6351856394116921,81.59851,83.96975,81.67159,5
14870717.202634903,590566.0338623897,14626650.0,16924460.0,14648030.0,121.7595687941568,0.1713387973758235,121.5955,122.4364,121.7033,1351610.9550496603,26412.7968861877,1338609.0,1432398.0,1340870.0,81.13645699068228,0.5780800840084906,80.82226,82.99855,80.8904,5
15013207.170210587,588608.5114368023,14769240.0,17064680.0,14792670.0,121.43001261135194,0.17022295251134656,121.255,122.1064,121.3757,1369797.8626574285,27330.97085087702,1355815.0,1453130.0,1358697.0,80.2146678470255,0.5430017618816979,79.92207,82.01379,79.98498,5
14360028.575377999,585960.1461182393,14075890.0,16401450.0,14144100.0,122.95057385234992,0.19348418151914246,122.7853,123.6938,122.8877,2205573.5416908427,16934.751558792912,2196119.0,2258957.0,2198907.0,88.57877474077614,0.9144151569888638,88.02627,91.19812,88.13837,5
15781907.948052835,476432.5723334981,15464610.0,17485640.0,15623820.0,122.89869774395031,0.19353304088595122,122.7059,123.6434,122.8311,5118917.9043653365,6271.076466133997,5114028.0,5139741.0,5116763.0,89.75436923717534,1.250264538122973,88.91902,93.06865,89.12416,5
17494350.116044916,361460.75658011757,17170960.0,18815540.0,17377110.0,122.65892365951056,0.20774478435069627,122.5497,123.4347,122.5778,7610552.590361446,3565.7336820482733,7605053.0,7622644.0,7609537.0,87.36919119628656,1.7287358601286993,86.03206,91.42649,86.4209,5
19689994.604252703,257495.58635643998,19264710.0,20415670.0,19646820.0,121.96636834362947,0.29958810835805577,121.6285,122.9503,121.8824,10113043.431857742,4209.341942465191,10104320.0,10122600.0,10112510.0,81.09829653844841,2.6835886173673478,77.94859,86.94558,79.99178,5
14219027.568859005,733342.4385390389,13801750.0,16161540.0,13829470.0,122.99510968633741,0.24985780743824318,122.8264,123.7044,122.8695,1269292.1202088809,24467.646752078508,1254533.0,1329115.0,1255639.0,85.37759263183045,1.0387683364532092,84.64838,87.82256,84.81205,5
14964187.801631454,379264.1064129669,14799180.0,16312620.0,14824390.0,121.71805812826378,0.14293547227261647,121.6177,122.2877,121.6697,1358444.8084917574,17151.058629449315,1348546.0,1411954.0,1351552.0,78.13880211270009,0.45494570159663017,77.87893,79.54661,77.93803,5
14303973.464623366,348072.20397765527,14134920.0,15527750.0,14177550.0,124.4874350250862,0.10304590934448657,124.4128,124.9036,124.4527,1325437.7472951296,16265.280493690594,1316930.0,1376058.0,1318841.0,93.7509101911328,0.5623978107652967,93.43077,95.37859,93.48204,5
13797076.815590976,331067.28317664005,13612040.0,14984950.0,13681640.0,125.55256700911295,0.09797509605729945,125.4949,125.9355,125.5178,1241400.5115532954,13102.05832973954,1234597.0,1283656.0,1236138.0,99.7416936089969,0.6471549729794113,99.35379,101.5098,99.41466,5
15199175.024062255,1523421.6763249761,12340590.0,17222960.0,15022270.0,125.85276997849756,0.4591260513339284,125.1383,126.6195,125.9123,1146022.9730707533,44756.005283750485,1077422.0,1287195.0,1147666.0,100.46057308542954,2.640003606561972,95.48825,104.9485,100.0255,5
16307371.567971604,411317.38909016346,16124130.0,17775140.0,16156400.0,123.74295892009967,0.1213728993734118,123.6546,124.2272,123.7021,1335262.852691218,15419.307365961353,1327539.0,1383506.0,1329097.0,88.02864550052902,0.4474273373595779,87.78965,89.46574,87.83242,5
17796420.763165977,456633.05546885997,17599770.0,19405180.0,17627230.0,124.2365792313731,0.12267491109547952,124.1457,124.7254,124.1954,1385196.8275709068,17259.009201132652,1376853.0,1440428.0,1378238.0,89.58783581692208,0.41953506982094296,89.37581,90.89233,89.41187,5
15080253.339363119,369002.94336625433,14916680.0,16391850.0,14944180.0,122.9726357896174,0.11450598226483776,122.8826,123.4333,122.9346,1305315.7443598758,13652.343168257392,1298455.0,1347871.0,1299826.0,85.24837189119083,0.49656681135048797,84.9804,86.825,85.02898,5
15216388.932045462,356615.6729356116,15057580.0,16491260.0,15085910.0,122.72546422744803,0.1072612673152129,122.6254,123.1613,122.6906,1326099.1577528242,14359.851772767759,1318738.0,1371159.0,1320363.0,84.44924643298405,0.44547835744248254,84.20955,85.8505,84.25487,5
15361554.551349875,360813.9215426054,15207050.0,16646830.0,15228170.0,122.47784700501722,0.10632284268716677,122.388,122.9095,122.443,1344270.8221441004,15379.537539432957,1336793.0,1392307.0,1338095.0,83.6146594593672,0.39645931018104735,83.39813,84.88174,83.44033,5
15456395.440458719,361556.7437629507,15306160.0,16746720.0,15322540.0,122.2428082050582,0.10345497946718106,122.1512,122.6661,122.2093,1365248.5632615448,15898.087509472754,1357610.0,1414629.0,1358871.0,82.82489787808458,0.3402703857935199,82.64785,83.96975,82.68575,5
15649548.562749581,357375.95041622384,15503480.0,16924470.0,15516600.0,122.02660943376908,0.09992086314246944,121.9341,122.4364,121.9944,1381919.5893033892,16214.216588000825,1373564.0,1432398.0,1375408.0,81.9158077398546,0.32134416378633723,81.7475,82.99857,81.7806,5
15793835.254104236,355416.01501076296,15648340.0,17064680.0,15661870.0,121.69790772040001,0.09884929710376589,121.6005,122.1064,121.6664,1401299.2669033073,16698.804325810102,1392095.0,1453130.0,1394606.0,80.93605597187617,0.31377567209709933,80.72191,82.01379,80.80638,5
15123640.028328612,358392.6236946109,14954620.0,16401450.0,14993130.0,123.24269962114747,0.11319686465075807,123.1549,123.6938,123.2055,2224996.1217447696,10596.914797056776,2219123.0,2258957.0,2220869.0,89.63841146830951,0.5246042260435944,89.33363,91.19812,89.39125,5
16407699.514659204,294634.4185300281,16222370.0,17485640.0,16309780.0,123.19055765043176,0.11378827236344562,123.0963,123.6434,123.1512,5126456.85077989,3927.9738155750288,5123546.0,5139741.0,5125105.0,91.09471512611353,0.7182258817915914,90.63282,93.06865,90.73428,5
17961091.061128367,229239.31088950028,17761570.0,18815540.0,17886710.0,122.9651558176047,0.12116302072059314,122.8923,123.4347,122.9207,7614813.432847537,2212.824867342535,7611443.0,7622644.0,7614163.0,88.9947960561794,0.9820373076999992,88.26747,91.42649,88.46194,5
19920024.37762381,134828.09823189076,19716030.0,20415670.0,19902990.0,122.36428137479095,0.16687486175834523,122.2732,122.9503,122.2921,10115397.022082664,1502.0855081078346,10112370.0,10120530.0,10115320.0,83.45400657565104,1.5405755975665971,82.10391,86.94558,82.73794,5
14941094.731902113,447775.5698769784,14690150.0,16161540.0,14706930.0,123.26514259189733,0.14936025032476333,123.1702,123.7044,123.191,1291182.1602785077,15165.248475302937,1282115.0,1329115.0,1282836.0,86.32048100139936,0.6151140096874643,85.90197,87.82256,85.99053,5
15596923.487491041,197619.2489161814,15515300.0,16312620.0,15524490.0,121.99786789992834,0.07056271179104598,121.9469,122.2877,121.9745,1383163.029727977,9036.994183589317,1378640.0,1411954.0,1379564.0,78.82502446056179,0.22600930621160367,78.69596,79.54661,78.72386,5
14882459.711252945,180161.51268843893,14794820.0,15527750.0,14817730.0,124.68318684938052,0.051950307692560434,124.6381,124.9036,124.666,1348981.8304720297,8575.415838207253,1344812.0,1376058.0,1345505.0,94.54615561179564,0.28091404397469244,94.39177,95.37859,94.41523,5
14349445.517935766,173096.46055473742,14257730.0,14984950.0,14289440.0,125.73513815829892,0.049839842471365824,125.7088,125.9355,125.7177,1260560.928086283,7087.430267539707,1255504.0,1283656.0,1257747.0,100.59278937165091,0.3295506702653124,100.3999,101.5099,100.4277,5
15014718.336803304,1041101.1318877832,13009950.0,17199550.0,14772430.0,126.25830430048806,0.28944492814177336,125.5723,126.6195,126.3606,1144237.524591283,33809.273300387795,1091586.0,1278641.0,1139335.0,102.89774440731766,1.527598172648292,98.17111,104.9485,103.3076,5
15692382.917164408,192741.595277649,15607660.0,16391850.0,15622410.0,123.19225271510972,0.05807902011364041,123.1478,123.4333,123.1733,1325088.5162633536,7192.071978942992,1321551.0,1347872.0,1322237.0,85.99761086487594,0.2524603844308231,85.86643,86.825,85.88958,5
15798306.392027032,190833.10746194038,15717270.0,16491260.0,15728630.0,122.92746179391787,0.056149430179892705,122.8835,123.1613,122.9092,1346449.460288747,7788.132311855952,1342804.0,1371159.0,1343354.0,85.16236732687122,0.2103960694845748,85.05142,85.8505,85.07244,5
15960059.368579132,188724.3253157879,15881030.0,16646830.0,15891010.0,122.68212733540395,0.05434555115372889,122.6376,122.9095,122.6646,1366626.5897470904,8097.837823397514,1362745.0,1392307.0,1363406.0,84.24675343390558,0.19038110906682718,84.1459,84.88174,84.16593,5
16059462.742414417,188102.1262347812,15980660.0,16746720.0,15990840.0,122.44292332844124,0.05280277607738978,122.3974,122.6661,122.4261,1388266.8949793507,8364.09234865988,1384006.0,1414629.0,1384948.0,83.37475131847502,0.1715408850549695,83.28815,83.96975,83.30488,5
16246119.778832043,185906.63584525246,16170840.0,16924480.0,16177830.0,122.2210750742346,0.050886810129010106,122.1764,122.4364,122.2048,1405522.0349499984,8502.40664411157,1401242.0,1432398.0,1402147.0,82.43744460630056,0.16041936136851379,82.35593,82.99859,82.37177,5
16389481.164886173,184628.96233010766,16314110.0,17064680.0,16321720.0,121.89282086419331,0.04990308026037024,121.8458,122.1064,121.8774,1425533.6198505068,8752.33942143118,1420857.0,1453130.0,1422065.0,81.44662003652003,0.16004434581518368,81.34148,82.01379,81.38122,5
15719870.4894365,187183.86061359354,15633870.0,16401450.0,15652520.0,123.45821916106352,0.05668252551703195,123.4164,123.6938,123.4395,2240635.5268439194,5628.818216714296,2237569.0,2258957.0,2238466.0,90.39555450493191,0.26007253288592447,90.24972,91.19812,90.27588,5
16904325.384142805,155904.87365860486,16812980.0,17485640.0,16852350.0,123.40488755588927,0.05821410634649682,123.3684,123.6434,123.3848,5132536.227140858,2098.006118858771,5131069.0,5139741.0,5131812.0,92.03786927130618,0.3632283509297037,91.81036,93.06865,91.85729,5
18360695.98928291,119202.31821982675,18268100.0,18815540.0,18325480.0,123.18737100924946,0.061705561785147946,123.1612,123.4347,123.1643,7618283.592272773,1211.324121511866,7616849.0,7622644.0,7617957.0,90.118993450971,0.5022536167872643,89.76384,91.42649,89.85833,5
20137146.25584491,73270.7685003,20036170.0,20415670.0,20125540.0,122.64926459947439,0.08274317427863705,122.6064,122.9503,122.6137,10117609.812280282,808.790017132473,10116100.0,10120530.0,10117540.0,85.17013658281851,0.766267219615273,84.5292,86.94558,84.79188,5
16104176.68964811,56321.57515846451,16081050.0,16312620.0,16083810.0,122.20106348680842,0.02062694261796619,122.188,122.2877,122.1942,1403026.5054097408,2769.460504225735,1401652.0,1411954.0,1401935.0,79.31585034711082,0.07057189827853294,79.27675,79.54661,79.28517,5
15338743.915150687,51758.11819504116,15313440.0,15527750.0,15320350.0,124.83279915355475,0.015423572836778369,124.8171,124.9036,124.8289,1367933.7870575788,2537.568704739547,1366819.0,1376058.0,1366914.0,95.14258666882829,0.07687898995490933,95.10053,95.37859,95.10702,5
14791227.112188129,51880.40316714908,14764530.0,14984950.0,14773430.0,125.87656342537286,0.014280908106925836,125.869,125.9355,125.8716,1276730.3313423665,2100.284722459772,1275721.0,1283656.0,1275897.0,101.24423294651696,0.09246883407024105,101.1913,101.51,101.1986,5
14393587.9347418,50846.65877819417,14371520.0,14580420.0,14375220.0,123.07692785077988,0.01655717966428801,123.0651,123.1506,123.0716,1273057.7072596333,1771.0625668641271,1272184.0,1278747.0,1272359.0,85.4955688576402,0.08163551577908147,85.45022,85.75852,85.45833,5
16182327.292740367,56709.67145556751,16157680.0,16391850.0,16162000.0,123.36104616539814,0.01697866885671238,123.3488,123.4333,123.3555,1340940.5529540258,2164.2136647983375,1339868.0,1347873.0,1340090.0,86.57086657292058,0.07523266616383849,86.53274,86.825,86.53943,5
16283159.528652854,55998.17246726343,16259040.0,16491260.0,16263040.0,123.09076437079764,0.01641965895630918,123.0782,123.1613,123.0855,1363697.300590464,2320.9349118179093,1362590.0,1371159.0,1362782.0,85.63929340933137,0.06171958757438601,85.60643,85.8505,85.6128,5
16440016.594764326,55468.53726582287,16416310.0,16646830.0,16420060.0,122.84194235980749,0.015483940928998234,122.8291,122.9095,122.8371,1384622.6591009933,2390.8949803769383,1383482.0,1392309.0,1383681.0,84.68231712106216,0.05733461601033729,84.65209,84.88174,84.65798,5
16539108.39038875,55285.95766755924,16515230.0,16746720.0,16519230.0,122.59939876104988,0.014919291146410387,122.5861,122.6661,122.5948,1406740.6815590975,2468.342007721225,1405433.0,1414629.0,1405771.0,83.78944233557458,0.050606646464227106,83.75513,83.96975,83.76921,5
16720939.706133315,54528.724274588116,16698720.0,16924490.0,16701040.0,122.37255381412335,0.014487437034920801,122.3598,122.4364,122.368,1424355.4979692139,2506.91508114337,1423060.0,1432398.0,1423370.0,82.83008817365781,0.04685404277056661,82.80473,82.99864,82.8115,5
16862176.297143247,54122.34882009574,16838860.0,17064680.0,16842800.0,122.04253272466637,0.014331138020046307,122.028,122.1064,122.0382,1444869.2116113177,2584.1795147833495,1443605.0,1453130.0,1443854.0,81.82837426089627,0.050249284173255214,81.80307,82.01379,81.808,5
16196654.734291272,55233.16971340454,16171960.0,16401450.0,16176970.0,123.61822007918359,0.01743864148144643,123.6054,123.6938,123.6126,2253401.031195604,1684.2571904610074,2252511.0,2258957.0,2252757.0,90.9387160445749,0.08160341018873252,90.89294,91.19812,90.90108,5
17310503.260179527,46205.09577571469,17284500.0,17485640.0,17295160.0,123.57225833304891,0.016817820277272185,123.5618,123.6434,123.5666,5137564.295539097,626.0807609139017,5137144.0,5139742.0,5137349.0,92.74784325779036,0.10707893591729488,92.68259,93.06865,92.69533,5
18679703.32946517,35074.42785887808,18652740.0,18815540.0,18669500.0,123.35803978292776,0.01814255574042524,123.3464,123.4347,123.3526,7621344.828287655,359.4135952775182,7620969.0,7622645.0,7621250.0,90.9987331441346,0.15526249496969102,90.8927,91.42649,90.91889,5
8530492.55070139,3152654.22700655,6956129.0,17854480.0,7259704.0,117.75630945424759,1.7025579250771246,115.6295,123.0532,117.1223,1150777.4872179937,128864.10676680932,1048710.0,1505179.0,1098610.0,62.70801548653538,8.161711888565216,55.48766,81.40404,59.15709,5
8459909.185910782,2982586.4353546053,6784062.0,17235160.0,7275996.0,120.9590133622308,1.5127563402056416,119.7544,125.4247,120.3739,1129199.8085258882,116494.40754973245,1065278.0,1448450.0,1078481.0,78.56318052254342,8.834905661176931,69.99512,97.29266,74.48371,5
11747666.906652104,2974225.082223354,6642129.0,16711490.0,11580370.0,120.9608155158879,2.159775849774994,118.2958,126.4076,120.2677,1100192.284241783,122819.68352797098,1000353.0,1589769.0,1047649.0,75.95467290248814,14.922621271191263,42.79929,103.7646,71.14476,5
15913931.067681491,2613457.1875045616,6613104.0,17688560.0,17101710.0,117.14977936107036,4.758830536439039,111.3151,127.1589,116.2619,1171701.2159322842,83621.11446931497,997389.8,1468270.0,1199533.0,80.39560024540087,14.949875857171374,40.76306,108.259,71.4932,5
6524784.660329704,2146745.1937880698,5367574.0,12763970.0,5649289.0,117.50993757807434,1.6785426526825025,116.2588,122.4523,116.8858,1082186.4974231203,55278.6275483964,1031911.0,1223209.0,1055206.0,63.1327512495307,10.011185600554716,51.57676,82.93903,60.0328,5
7125754.283866344,2516176.932650352,5787061.0,14470750.0,6103263.0,118.30328313253013,1.6248824069247836,116.9308,123.1112,117.6782,1097883.1021536572,65353.219592814814,1053678.0,1275221.0,1067590.0,66.58128629236492,9.246712396432848,57.26236,85.61538,62.82087,5
7762335.436397146,2885708.1824800796,6268647.0,16215260.0,6578989.0,118.95863928461722,1.6022744901578128,117.5751,123.7268,118.3541,1115313.8452165602,79179.00866139223,1040544.0,1334228.0,1080797.0,69.41856334960238,8.58843522597156,61.21981,87.89877,65.88936,5
9062473.42021912,3662109.9285958335,7266590.0,19782610.0,7571612.0,120.02679772347179,1.6034266116378373,118.5984,124.8324,119.4328,1154297.3767705383,108357.04145330317,1046569.0,1455262.0,1110301.0,73.9421382531827,7.5334130367249434,67.70272,91.17143,70.40534,5
9746538.509266527,4006663.886793692,7846576.0,21434540.0,8099149.0,120.50340692856412,1.6163155447413373,119.1057,125.3595,119.9054,1175077.5053756102,123797.88339910902,1065699.0,1520217.0,1126989.0,75.97649505204956,7.110236689271702,70.35094,92.65357,72.6133,5
8688018.090651559,3289187.088151086,7166597.0,18345180.0,7331871.0,119.0975946039114,1.4463651906010662,116.9836,123.4496,118.5845,1152282.9451858425,115430.91579396978,1026401.0,1464790.0,1117162.0,70.17867065189938,6.96328143168183,64.5088,86.43324,66.88073,5
9122443.72877133,3253140.539634303,7469296.0,18674410.0,7829222.5,118.88001856313993,1.3509790159729167,116.4504,122.9536,118.4312,1156482.5524232083,127165.61335470116,1094430.0,1497924.0,1101133.0,68.77790856279863,6.5664426137915415,63.5216,84.31759,65.69128,5
9142874.20215707,3052617.4662261107,7298200.0,18188780.0,7963388.0,119.54280899006793,1.5879526346719224,118.1638,124.2788,118.9364,2097233.626779071,75746.52384856278,2054954.0,2309653.0,2065922.0,74.20766042697703,8.899263479352197,65.77906,93.20884,70.60303,5
14180486.192395644,2479202.3812840525,9935236.0,19037470.0,14236240.0,118.42299303730503,2.209164468033163,115.4491,124.2095,117.7414,5086110.699887368,48610.682907761075,5008780.0,5213246.0,5080851.0,66.16897439707839,15.23847506924564,47.06637,95.54845,60.71028,5
16848094.532577902,2227832.6775439517,12061760.0,20150650.0,17116350.0,116.74939573022972,3.0198899016494574,112.7092,124.0147,115.7233,7585886.683743472,49665.07101412071,7513272.0,7671484.0,7600575.0,61.41563407317656,17.078906819834266,39.3982,94.59293,55.08705,5
19553747.785589952,1889885.818074646,14271510.0,21756100.0,20083170.0,113.54871129731391,4.565304385104368,107.2378,123.6208,112.7865,10099591.16317963,45013.268366615484,10017770.0,10172800.0,10108510.0,56.524553848936826,18.191026184637913,34.3415,91.47607,50.20925,5
9379483.564114816,4017490.865766564,6775149.0,17993870.0,7060609.0,120.0713946721731,2.008559287039887,118.513,124.2981,118.9677,1159114.5422369365,110363.28700073813,1042112.0,1390901.0,1094555.0,74.25872707976382,9.029363011307765,64.98481,89.67208,70.51728,5
12982615.467080787,1537750.122267285,11733630.0,17854480.0,12452340.0,120.67657948394142,0.6584347507385956,119.9753,123.0559,120.4422,1344305.980818458,54592.78032885406,1033058.0,1505179.0,1328941.0,74.80024641625995,2.50177894104305,73.20817,81.40404,73.69589,5
12202962.093586812,1612222.8673331449,11332380.0,17235160.0,11578900.0,123.63025712140347,0.5419605664915474,123.1693,125.4247,123.433,1247519.9864159187,70933.83755515558,1210193.0,1448450.0,1216997.0,90.30626192600431,2.753125610621921,88.51466,97.29266,88.91358,5
11888907.235059217,1520107.8876107149,10916760.0,16711490.0,11330190.0,124.74479210211952,0.5101411889012414,124.3388,126.4076,124.5505,1180923.5032253661,56747.4765177656,1147672.0,1346968.0,1156996.0,96.0774789770982,3.1645614057518054,93.88593,103.7646,94.41082,5
15341731.192498038,2240850.1235205443,9727608.0,17487750.0,16146350.0,124.18026132291206,1.2936395170737711,122.4895,127.1589,123.9058,1157100.869722516,62480.88816243507,1040111.0,1430899.0,1167426.0,93.21134976961669,8.319206644027688,81.03243,108.259,90.84691,5
9190891.081675142,1157832.8889032188,8604178.0,12763970.0,8734031.0,120.53427834397078,0.5759288791308858,119.9155,122.4523,120.3277,1129641.9053210006,33039.82875330978,1112469.0,1223209.0,1115475.0,75.22789534045532,3.2595020980951563,72.73465,82.93903,73.58601,5
10288883.2793952,1348008.5075794584,9641983.0,14470750.0,9752004.0,121.19150678180142,0.5791398733831614,120.59,123.1112,120.9853,1158529.8732379945,41087.539720214394,1138163.0,1275221.0,1140919.0,78.27732702242396,2.9573243015053827,76.17456,85.61538,76.78672,5
13784696.018976757,1932242.5993986975,12865240.0,19782610.0,13019460.0,122.78180216389639,0.6173519205094179,122.0393,124.8324,122.5608,1260826.8272295983,67805.69868356742,1224732.0,1455262.0,1231935.0,84.79352815522714,2.368273410586224,83.38689,91.17143,83.69034,5
15008720.05051367,2076315.370787794,14028370.0,21434540.0,14184260.0,123.25342276869519,0.6330153499599358,122.6714,125.3595,123.0255,1298262.1673777262,76941.11286136419,1259387.0,1520217.0,1265499.0,86.5063894068057,2.24015905897756,85.21902,92.65357,85.47939,5
12806851.569678146,1724469.931012139,11999600.0,18182450.0,12121690.0,122.05349841291512,0.5839096385112609,121.3027,123.9966,121.8472,1238383.1670364176,60981.078361085434,1206796.0,1410592.0,1212360.0,82.04473600703095,2.362924697711873,80.58202,88.47218,80.92522,5
12963510.250179186,1684917.9999463798,12145930.0,18245600.0,12302310.0,121.82456185535342,0.5661805420577828,121.0404,123.717,121.6266,1254166.0997303661,66260.569753411,1155359.0,1440555.0,1226094.0,81.25851514795727,2.2635621916075785,79.88449,87.45825,80.20175,5
13148526.561316086,1651419.8080981309,12264960.0,18345180.0,12513820.0,121.60817908802348,0.5481428366348752,120.9732,123.4496,121.4175,1268741.8796887265,70290.81695582082,1147300.0,1464790.0,1239082.0,80.4381939598621,2.15934786804405,79.13397,86.43324,79.44265,5
13414678.837161677,1684916.8781581789,12692690.0,18674440.0,12743980.0,121.19940760094201,0.5187990376588757,120.5339,122.9536,121.0228,1299814.6002593946,71149.61408113856,1266609.0,1497924.0,1269430.0,79.06965380524932,1.834570211918974,78.00068,84.31759,78.25439,5
12962840.47510154,1665252.8763977068,12090320.0,18188780.0,12317150.0,122.32187549404415,0.5889784930373848,121.6498,124.2788,122.1136,2173843.048772996,46789.98958743748,2146793.0,2309653.0,2154496.0,86.32867433564284,2.6484772692496614,84.58397,93.20884,85.01466,5
14692284.48820779,1353261.7650420628,13656040.0,19037470.0,14227670.0,122.26976324789241,0.5856457582429034,121.7993,124.2095,122.05,5106495.295743882,17591.674909957645,5090280.0,5159642.0,5100240.0,86.93874875319977,3.5908270868610987,84.25452,95.54845,85.13101,5
16854485.316563707,994289.9233065126,15734560.0,20086900.0,16576740.0,121.95231373767022,0.6432788246274675,121.4795,124.0147,121.7521,7603541.3504897775,11093.976169995192,7587103.0,7635144.0,7600859.0,83.78543636540495,4.965923620908243,79.01675,94.59293,81.47215,5
19987813.906276666,1385264.6312014407,17583240.0,22091770.0,20054740.0,120.53449037509812,1.2667867942686521,118.7778,123.6208,120.3991,10115108.215297451,25856.71684428484,10073500.0,10166110.0,10113090.0,74.17278901020514,9.402823354877269,60.93759,91.47609,72.5755,5
14598449.73377931,1001043.035937043,14161470.0,17854480.0,14209640.0,121.62739089730026,0.348072185753764,121.2918,123.0723,121.5036,1362270.963753029,47970.020349869585,1335474.0,1505179.0,1342304.0,78.26981523464966,1.1202616123673474,77.63991,81.40404,77.76135,5
14149884.089218061,942112.7773007216,13656010.0,17235160.0,13792440.0,124.41970447114237,0.28209294495665144,124.1733,125.4247,124.32,1321361.2836956892,43314.85916961767,1297740.0,1448450.0,1303085.0,93.6141570944401,1.3517616943272608,92.81542,97.29266,92.95416,5
13662388.418034745,919876.7736342581,13120050.0,16711490.0,13326860.0,125.49113023993992,0.2618029113297957,125.3012,126.4076,125.3946,1238305.3457114578,35964.83873387409,1216951.0,1346968.0,1223386.0,99.64474661899723,1.5738402356099606,98.6723,103.7646,98.83831,5
15223161.871394929,1645114.7612260696,11986190.0,17184980.0,15630880.0,125.71504111744427,0.6351380728472904,124.8587,127.1589,125.6683,1149127.5464350318,46873.84192675178,1072424.0,1290057.0,1154882.0,100.32693681627359,4.221247488321981,93.83745,108.259,98.86656,5
13273856.439468924,900400.1522970034,12849790.0,16215260.0,12927020.0,122.62253230144373,0.3097860924503126,122.3045,123.7268,122.5148,1241009.6946994779,30619.227618333935,1224687.0,1330736.0,1228246.0,84.01053453087137,1.3792614434941866,83.18231,87.89877,83.35364,5
16138537.590020137,1123034.6652437677,15612670.0,19782610.0,15706190.0,123.6652720331752,0.3284704208842294,123.3732,124.8324,123.5501,1331501.0716406703,41463.69145691899,1309807.0,1455262.0,1314211.0,87.84791108877437,1.1671033342373471,87.21766,91.17143,87.33312,5
17589381.025973585,1184212.6056237037,17069340.0,21434540.0,17127810.0,124.15911505512135,0.3377670747963432,123.8684,125.3595,124.0402,1380203.9066179732,46533.764056182736,1357882.0,1520217.0,1360776.0,89.48754443462234,1.0721445545396047,88.90576,92.65357,89.00712,5
14996788.863783747,989027.1408627401,14555950.0,18245600.0,14615590.0,122.65084843510017,0.2970225307414072,122.3433,123.717,122.549,1324988.3951329398,39623.98445040329,1304646.0,1440555.0,1308490.0,84.33353224410389,1.0439533467625732,83.75611,87.45825,83.87192,5
15097242.788832383,989937.6272758743,14657540.0,18345180.0,14716230.0,122.3996893511724,0.29173484000733646,122.0925,123.4496,122.2999,1344744.690569644,41550.70236145609,1323517.0,1464790.0,1327434.0,83.53966875558893,0.9424548879608222,83.03183,86.43324,83.1359,5
15298150.569985325,981911.6194711189,14874390.0,18515470.0,14919260.0,122.17163331171712,0.2830054893196281,121.8613,123.1945,122.0756,1360816.5510085667,42054.1584331652,1338939.0,1481802.0,1343260.0,82.66307223830164,0.8586718779866753,82.10045,85.35405,82.30145,5
15492381.29048773,971571.1802355686,15073650.0,18674450.0,15116670.0,121.95539859380865,0.27456308334333873,121.6395,122.9536,121.8629,1376529.431550565,42272.61631482891,1352541.0,1497924.0,1358857.0,81.76123968190042,0.8113814112027774,81.04625,84.31759,81.4211,5
15634195.779036827,966335.8434448721,15219710.0,18785340.0,15260990.0,121.6259268439196,0.2722130829586775,121.2954,122.6116,121.536,1395320.6670876138,42914.866285360295,1370122.0,1519259.0,1377356.0,80.79050416021025,0.8055375667107646,79.92908,83.27616,80.45471,5
14968161.249530701,979560.4098715389,14477720.0,18188780.0,14596590.0,123.17195804293661,0.310014477529643,122.8748,124.2788,123.0646,2222277.964060207,29105.482245555908,2204850.0,2309653.0,2210528.0,89.52419582033517,1.307975656564244,88.74588,93.20884,88.90203,5
16277371.585378341,823156.3171539601,15733400.0,19037470.0,15988450.0,123.12181395952082,0.30770857965649334,122.7404,124.2095,123.0116,5125184.1350216735,11012.184167260191,5116291.0,5159642.0,5121187.0,91.02352998191064,1.7373140127919817,89.87498,95.54845,90.14793,5
17846446.723778967,655784.7747960957,17330070.0,20086900.0,17626820.0,122.90029953240726,0.31777407743097097,122.678,124.0147,122.7778,7613986.284651353,6509.571704625755,7605694.0,7635144.0,7612019.0,89.07492731902113,2.2978834000233426,87.32633,94.59293,87.83133,5
19891326.774292637,410005.0586157431,19348290.0,21326280.0,19792490.0,122.29036092016793,0.40833034204235324,122.0565,123.6208,122.114,10114781.538277756,4104.262182786273,10106600.0,10128120.0,10114050.0,83.82592946585208,3.5388882360236975,80.61558,91.47613,82.26734,5
14976001.049865182,1234573.0549423483,14233660.0,17993870.0,14297960.0,123.26139640943377,0.4045729805329547,122.9551,124.2981,123.0507,1294467.6606710127,42207.17063161108,1266680.0,1390901.0,1270169.0,86.4084090013311,1.4939262829811248,85.34406,89.67208,85.58972,5
15842078.290385338,593939.9456587092,15579400.0,17854480.0,15615650.0,122.150870234479,0.184029183906897,121.9885,123.0774,122.085,1413124.9898290045,29828.040558232307,1393081.0,1505179.0,1400889.0,79.61125746032288,0.6277935157562854,78.67289,81.40404,79.33361,5
15293680.318099594,568572.9930749882,15009380.0,17235160.0,15082150.0,124.81116746305334,0.16291405192612568,124.6589,125.4247,124.7546,1367734.244206287,26622.89752912571,1354262.0,1448450.0,1356729.0,95.18766981739991,0.7344711111221408,94.77187,97.29266,94.83758,5
14759588.56309089,567396.0739807776,14451260.0,16711490.0,14554610.0,125.85473965323048,0.14982316129951884,125.7498,126.4076,125.8006,1276129.4832246834,22790.99283816609,1263705.0,1346968.0,1266795.0,101.3268356428547,0.889674603180441,100.8066,103.7646,100.8816,5
14913280.68603024,429436.17026637826,14429300.0,16313760.0,14850980.0,126.54207471586062,0.180507849686755,126.4091,127.1589,126.4881,1142743.3152667326,12661.606135325017,1128632.0,1181485.0,1139811.0,104.78926794429844,1.4956152790152468,103.4191,108.259,104.0421,5
11365122.742414417,417049.8721450142,11168080.0,12763970.0,11206680.0,121.79479398955597,0.1733746094957839,121.6572,122.4523,121.7396,1184206.5952421585,12962.838587510538,1177217.0,1223209.0,1178851.0,80.42333796409433,0.9388922312327627,79.81209,82.93903,79.95821,5
14353646.17905048,548799.8493058599,14097600.0,16215260.0,14147020.0,123.0522935970511,0.17913626749639985,122.8972,123.7268,122.9908,1273140.1701764564,19107.64078054174,1262702.0,1330736.0,1265322.0,85.56960354824398,0.7847771352222013,85.1272,87.89877,85.20958,5
17496408.7067818,681039.9502614435,17193140.0,19782610.0,17238210.0,124.12426916959622,0.18912994883757447,123.9616,124.8324,124.0594,1375276.7737124134,25801.075994031373,1362129.0,1455262.0,1364662.0,89.28059262090855,0.6424242842800973,88.95016,91.17143,89.00653,5
16132563.684767399,601188.2906991388,15861980.0,18182450.0,15906430.0,123.3333101197993,0.17581859511807071,123.1703,123.9966,123.2735,1341050.5990648144,23122.403185048093,1329156.0,1410592.0,1331583.0,86.55093785658212,0.6155284088274868,86.22491,88.47218,86.28799,5
16201115.749001672,597944.3098182455,15929180.0,18245600.0,15976810.0,123.06521349534114,0.17221297401513988,122.9026,123.717,123.0068,1365816.374210724,25035.35847671148,1352190.0,1440555.0,1355576.0,85.70647221577529,0.5449555443970091,85.41761,87.45825,85.47496,5
16296334.141096966,601388.9136149808,16033890.0,18345180.0,16069970.0,122.81094196730264,0.16801570161967105,122.6452,123.4496,122.7545,1389097.4567391379,25499.044723546638,1375130.0,1464790.0,1378647.0,84.79054217447695,0.5025954061610556,84.39995,86.43324,84.58682,5
16498312.330454964,592275.9158628209,16242020.0,18515470.0,16274600.0,122.57483660534488,0.1619521588392867,122.4074,123.1945,122.5209,1406608.1289122496,25411.698234262672,1391423.0,1481802.0,1396172.0,83.78268486876685,0.47371253233482236,83.31016,85.35405,83.59195,5
16682791.886071198,585014.1878182186,16432650.0,18674470.0,16461600.0,122.34821178197208,0.15705128808659977,122.1759,122.9536,122.2964,1423342.8960715383,25179.6483481657,1408651.0,1497924.0,1412987.0,82.80685365131917,0.4562792087521373,82.31575,84.31759,82.62802,5
16828563.83084747,577438.7881520637,16585760.0,18785340.0,16609230.0,122.01920107512203,0.15456505788984348,121.8408,122.6116,121.9685,1443739.9244684118,25140.642852535988,1428031.0,1519259.0,1433404.0,81.81770675142496,0.45136630087292834,81.24906,83.27616,81.63616,5
16150435.309737533,596977.1814116361,15863230.0,18188780.0,15928260.0,123.59896309771665,0.18070153232121783,123.4482,124.2788,123.5369,2253224.9691457045,18268.744899051977,2242493.0,2309653.0,2245976.0,91.01999321376157,0.7375262248263499,90.60676,93.20884,90.68088,5
17264293.31990853,509994.5525241954,16959870.0,19037470.0,17085360.0,123.5493986791358,0.1769230057041722,123.4075,124.2095,123.4864,5137244.307245981,6946.294218300731,5132080.0,5159642.0,5134721.0,92.89099201918154,0.9707723226515016,92.28435,95.54845,92.40944,5
18633327.31321888,410860.82076480374,18310150.0,20086900.0,18503650.0,123.34134489231715,0.18194043386397213,123.2371,124.0147,123.2722,7620920.57899587,4248.554989017632,7616304.0,7635144.0,7619693.0,91.28827119458002,1.2907461770566673,90.38781,94.59293,90.63313,5
20312319.720468275,279092.6161534896,20073420.0,21326280.0,20228570.0,122.84656086897164,0.22312429936006906,122.7399,123.6208,122.7556,10119131.927710844,2567.0863138794293,10114910.0,10128120.0,10118540.0,87.07610420969998,1.9419678294525136,85.49058,91.47617,86.04268,5
16075279.979180178,748439.1959682162,15643610.0,17993870.0,15672790.0,123.66148857640194,0.23444693622888435,123.4899,124.2981,123.5419,1328292.8365473223,26380.539217603255,1312074.0,1390901.0,1313396.0,87.76356840677155,0.8213323277318418,87.19955,89.67208,87.31904,5
16616603.897061333,353307.41790477134,16480600.0,17854480.0,16482690.0,122.47075806682822,0.0870197892460179,122.3929,123.085,122.4401,1448685.7599918086,17605.904935395374,1441321.0,1505179.0,1441549.0,80.41624157274993,0.3217037733271146,80.2395,81.40404,80.27037,5
16008848.1217789,348683.0069276612,15842620.0,17235160.0,15881060.0,125.04685208710195,0.0961594388380718,124.9603,125.4247,125.0164,1398234.6170859074,16110.785419642752,1389689.0,1448450.0,1391717.0,96.028801608246,0.42519723949696,95.79399,97.29266,95.82927,5
15492526.249488054,343346.7873009257,15315040.0,16711490.0,15370080.0,126.07498987372014,0.08625952942597177,126.0178,126.4076,126.0444,1302260.7748122867,14037.492093498526,1295082.0,1346968.0,1296578.0,102.3123999112628,0.5122435936719827,102.0233,103.7646,102.0612,5
15385924.252363563,254552.3483882251,15197720.0,16313760.0,15299980.0,126.7966370115021,0.09972783755403787,126.7552,127.1589,126.7579,1156395.4021980271,6953.827927179766,1152520.0,1181485.0,1153701.0,106.22514894023686,0.8299173655674239,105.6694,108.259,105.7611,5
11896775.393358136,249885.2669665758,11781390.0,12763970.0,11803410.0,122.05479905457524,0.10058088886015211,121.9416,122.4523,122.0253,1198671.4228130654,7949.351357680506,1194512.0,1223209.0,1195441.0,81.4306280224581,0.5426419141400238,81.086,82.93903,81.16299,5
13456820.056998532,290560.3145770013,13326480.0,14470750.0,13348700.0,122.71745546946995,0.10063742051499736,122.6303,123.1112,122.6845,1244719.108672651,9871.598362334771,1239527.0,1275222.0,1240726.0,84.18397577562375,0.4886319887323885,83.89613,85.61538,83.95204,5
18383710.157001946,404871.88584573986,18215750.0,19782610.0,18231010.0,124.40307366463018,0.10992511753431874,124.3117,124.8324,124.3661,1404942.326256869,15641.904190410123,1397621.0,1455262.0,1398615.0,90.04002101436909,0.3808950375146572,89.84264,91.17143,89.87308,5
16923263.26461654,356188.87584550085,16767410.0,18182450.0,16792130.0,123.5988122290863,0.10055707652320689,123.4992,123.9966,123.5654,1367484.2927744975,13970.328584466275,1360280.0,1410592.0,1361871.0,87.3716048469231,0.3345056766472926,87.19783,88.47218,87.23138,5
16976650.032424316,359252.1860111277,16814400.0,18245600.0,16844420.0,123.32212142393938,0.0997201492194974,123.2328,123.717,123.2889,1394409.061435544,15100.177050112838,1385655.0,1440555.0,1388319.0,86.40895591487765,0.31117048192182434,86.24104,87.45825,86.27943,5
17081519.303730503,359192.0154810471,16926060.0,18345180.0,16948570.0,123.06352640021845,0.09694507960138937,122.973,123.4496,123.0315,1418498.3753029113,15206.013071878002,1409590.0,1464790.0,1412356.0,85.45632030922557,0.28714870503130185,85.1826,86.43324,85.34274,5
17270184.652377214,354449.45995013695,17119250.0,18515470.0,17138670.0,122.81817328577766,0.0939084387508293,122.7265,123.1945,122.7874,1436347.5134646234,14951.794511073009,1427603.0,1481803.0,1430291.0,84.41897759343324,0.2693331355173688,84.17287,85.35405,84.31435,5
17448053.886480767,348960.76544136874,17299850.0,18674480.0,17318280.0,122.5851803303867,0.09103538636091985,122.4932,122.9536,122.5557,1453378.4188880166,14549.38201825939,1444096.0,1497924.0,1447494.0,83.4106256548005,0.266383211533287,83.04898,84.31759,83.31061,5
17588499.516707055,342104.32707127923,17446990.0,18785340.0,17460480.0,122.25579366189972,0.08861976607898521,122.1588,122.6116,122.2273,1473427.0552919896,14712.746748568583,1465193.0,1519259.0,1467494.0,82.39362909928667,0.26067866960650865,82.10783,83.27616,82.28876,5
16924072.20178163,358883.9005889806,16754060.0,18188780.0,16792840.0,123.86368343629475,0.10598415619474802,123.7753,124.2788,123.8278,2274280.13768388,11176.606534906034,2267752.0,2309653.0,2269913.0,91.8856316434008,0.4307900413770185,91.65109,93.20884,91.69225,5
17929531.14372504,308911.4041344986,17756790.0,19037470.0,17821960.0,123.81122181303117,0.10216869946997204,123.7349,124.2095,123.7754,5145551.090003071,4258.358985063467,5142583.0,5159642.0,5144013.0,93.970715822383,0.5548290925827198,93.63681,95.54845,93.70026,5
19164637.588996213,252664.69396207706,18986760.0,20086900.0,19083340.0,123.60655210758046,0.10610081294338973,123.5199,124.0147,123.5677,7626083.789822178,2624.300068683525,7623529.0,7635144.0,7625289.0,92.62055749240588,0.7422853235167352,92.12266,94.59293,92.24141,5
20659153.44175569,180492.09073410637,20493460.0,21326280.0,20598190.0,123.16602193590224,0.12496302307226982,123.0962,123.6208,123.1168,10122404.256459264,1659.2760507708742,10118640.0,10128120.0,10121990.0,88.92637947848051,1.0720335148731712,88.09804,91.47622,88.31993,5
16748715.280384997,413153.7604767512,16540830.0,17993870.0,16562650.0,123.89505402914776,0.1230175117488107,123.8082,124.2981,123.843,1349586.1841701083,15197.91820354666,1341050.0,1390901.0,1342283.0,88.52976352025668,0.40948521130969745,88.28581,89.67208,88.33239,5
17148117.40980921,195609.20101225894,17074930.0,17854480.0,17074940.0,122.68211637939862,0.027397288456272227,122.5328,123.0683,122.6775,1473052.1602443769,9718.0171234683,1469191.0,1505179.0,1469204.0,80.93855561384349,0.1341176197105925,80.85842,81.40404,80.88816,5
16535650.046417966,193559.41172975756,16445840.0,17235160.0,16465740.0,125.21170487729957,0.05191318391155437,125.1643,125.4247,125.1965,1419865.8574012765,8964.40175105541,1415256.0,1448450.0,1416292.0,96.58699771835217,0.22994832201163073,96.46331,97.29266,96.48107,5
16014956.675767917,190947.69613053455,15920300.0,16711490.0,15947670.0,126.22148668941982,0.046602818767957986,126.1925,126.4076,126.2052,1321245.9215699658,7906.426836327145,1317379.0,1346968.0,1318077.0,102.9588434880546,0.27677480176754027,102.8064,103.7646,102.8252,5
15767475.31792894,146388.4678842125,15662520.0,16313760.0,15719100.0,126.95956440151541,0.0529209021379111,126.9378,127.1589,126.9392,1166861.5365029522,3972.335275749307,1165127.0,1181485.0,1165309.0,107.1394167172941,0.44082055466308606,106.8537,108.259,106.8968,5
12267409.839926278,139290.51295924216,12206170.0,12763970.0,12216080.0,122.22854473190212,0.05417979834450042,122.169,122.4523,122.2136,1209010.8675722722,4511.303255060872,1206737.0,1223210.0,1207200.0,82.08639806955868,0.2971029243148228,81.90172,82.93903,81.94105,5
15558867.552134885,182496.17103046924,15477860.0,16215260.0,15492390.0,123.49635021673095,0.05638315790913092,123.4509,123.7268,123.4778,1310093.5210758047,6551.885863396775,1306763.0,1330736.0,1307479.0,87.10508945493021,0.25070113789567655,86.9723,87.89877,86.99527,5
17455949.735144544,200677.37192334287,17367630.0,18182450.0,17383000.0,123.77105251032458,0.054976560847071046,123.726,123.9966,123.7529,1385746.8317690024,7909.94860600764,1381641.0,1410592.0,1382594.0,87.84645812280283,0.18442982465869853,87.74502,88.47218,87.77011,5
17520695.12577221,199705.17746182438,17434410.0,18245600.0,17448080.0,123.49694076248336,0.05325736033678205,123.451,123.717,123.4796,1414681.6000887402,8282.75603125244,1410246.0,1440555.0,1411386.0,86.87671954469435,0.16534230035791966,86.78183,87.45825,86.81032,5
17627094.11925322,199087.6233916049,17542750.0,18345180.0,17554310.0,123.23352475169801,0.05209671320858243,123.1873,123.4496,123.2167,1438887.0390457013,8312.202284156041,1434133.0,1464790.0,1435566.0,85.88982484521654,0.15371024325609425,85.75248,86.43324,85.82959,5
17810459.89214649,195611.1805502221,17727170.0,18515470.0,17738830.0,122.98252577221065,0.05088467575090719,122.935,123.1945,122.9662,1457027.1117102972,7886.051547130931,1452328.0,1481803.0,1453890.0,84.83254673845524,0.1456249219149205,84.66203,85.35405,84.77885,5
17986968.4122325,189734.94758266897,17908520.0,18674410.0,17917390.0,122.74402980306495,0.049784947571620206,122.6974,122.9536,122.7281,1472776.2735246937,7997.181543935611,1468366.0,1497924.0,1469593.0,83.80041274002525,0.14809686577857803,83.6554,84.31759,83.74375,5
18118254.170449503,184896.22704869308,18046270.0,18785340.0,18049980.0,122.41267990375098,0.04769847683858077,122.3666,122.6116,122.3975,1492845.4725075942,8294.876857559371,1488927.0,1519259.0,1489545.0,82.7664590293184,0.14308928685658817,82.69316,83.27616,82.70831,5
17469159.620806172,198783.02830931434,17378190.0,18188780.0,17397560.0,124.04769943342777,0.056757186680031255,124.0031,124.2788,124.0287,2289458.539642991,6242.377640303481,2285976.0,2309653.0,2287054.0,92.47068130038568,0.2331840817334167,92.34821,93.20884,92.3692,5
18404915.107682858,171666.59091308466,18313320.0,19037470.0,18345720.0,123.98756708420083,0.05467540539227227,123.9494,124.2095,123.9687,5151560.2249223525,2388.4041543374387,5149977.0,5159642.0,5150704.0,94.67237636096796,0.29852600056798045,94.49726,95.54845,94.52892,5
19559865.158537835,140185.31988500603,19462890.0,20086900.0,19515600.0,123.78787873306257,0.056589158962608875,123.7476,124.0147,123.7679,7629961.96457217,1462.1028519860881,7628583.0,7635144.0,7629526.0,93.5039727816649,0.393994547352387,93.2479,94.59293,93.30451,5
20949175.158537835,98992.43591523856,20857000.0,21326280.0,20923400.0,123.36508941943411,0.0683404421444179,123.3326,123.6208,123.337,10124583.877948053,979.3690473399232,10123190.0,10128120.0,10124400.0,90.01013712003824,0.5905086639584672,89.56461,91.47631,89.70393,5
17549015.19574047,82920.4145119939,17457870.0,17854480.0,17519740.0,122.60057879108503,0.031029981901432198,122.5335,122.7288,122.5909,1491066.846923103,4211.351445650981,1489104.0,1505179.0,1489460.0,81.04343966858937,0.11678566429954398,80.97527,81.40404,80.98896,5
16929760.34130858,82451.53966009276,16892280.0,17235160.0,16900360.0,125.3302116317963,0.022015820226011035,125.3076,125.4247,125.3248,1435958.5835011434,3843.564148938243,1434036.0,1448450.0,1434444.0,96.98320214819617,0.09766333291864292,96.93159,97.29266,96.93884,5
16406628.410921501,81614.16613163831,16367520.0,16711490.0,16378200.0,126.327783109215,0.01936097378066785,126.3164,126.4076,126.3211,1335641.092662116,3415.8291131691312,1334040.0,1346968.0,1334287.0,103.41894921501707,0.11614516895716896,103.3561,103.7646,103.3636,5
12547795.781767296,59215.90472580272,12522090.0,12763970.0,12526290.0,122.35271685723062,0.02293931503671525,122.3264,122.4523,122.3459,1217025.5671524624,1929.0876507116477,1216063.0,1223210.0,1216262.0,82.55844241271033,0.12763075912368407,82.48063,82.93903,82.49669,5
19450808.228949793,90703.56341021907,19417080.0,19782610.0,19417100.0,124.72710017748047,0.02529196220967789,124.7097,124.8324,124.7188,1442025.2472098023,3938.1229617361723,1440469.0,1455262.0,1440480.0,90.89116726372913,0.09264447209016421,90.84094,91.17143,90.8477,5
17865760.61128366,85025.81877615326,17829180.0,18182450.0,17835250.0,123.89881444417898,0.02288646064375457,123.8806,123.9966,123.8915,1399742.2473463258,3391.57449861365,1398041.0,1410592.0,1398407.0,88.18987574422334,0.08072368747304132,88.14935,88.47218,88.15691,5
18036304.61688112,83657.75954463889,18002630.0,18345180.0,18005900.0,123.35514405611113,0.022053338329194445,123.337,123.4496,123.3481,1453666.2092904195,3486.5629246776466,1451779.0,1464790.0,1452296.0,86.19134823953036,0.0655349671087073,86.13976,86.43324,86.16596,5
18375715.43021946,80218.50971891753,18343270.0,18674410.0,18346830.0,122.86092963582375,0.021233009797777036,122.8421,122.9536,122.8542,1486991.685757193,3406.064028496085,1485170.0,1497924.0,1485647.0,84.08735719000649,0.06525039232770813,84.03669,84.31759,84.06158,5
18499633.040376805,77132.57455399042,18468560.0,18785340.0,18471680.0,122.52720352571761,0.019472446060182554,122.5085,122.6116,122.5211,1507540.2766306016,3628.4563676419843,1505811.0,1519259.0,1506115.0,83.03457368033038,0.06539471429453873,82.98061,83.27616,83.00956,5
19854815.487559304,60340.17223368246,19815860.0,20086900.0,19835640.0,123.91492996347998,0.023946228919851056,123.901,124.0147,123.9071,7632865.549302024,630.224806094282,7632304.0,7635144.0,7632676.0,94.10900532100074,0.16807373122719638,94.00181,94.59293,94.02434,5
21159381.94511758,42852.99396131086,21121340.0,21326290.0,21148120.0,123.51077424826784,0.028388028867086006,123.4977,123.6208,123.4993,10126568.382538654,420.6786078573991,10126000.0,10128120.0,10126490.0,90.84297455339774,0.24758160969830503,90.66198,91.47647,90.71437,5
17695861.25465033,104655.21068926249,17639060.0,17993870.0,17642300.0,124.2049406361992,0.030053389575030013,124.1855,124.2981,124.1903,1380956.416396464,3847.218561059708,1378705.0,1390901.0,1378881.0,89.40919802757773,0.0974918961437888,89.34793,89.67208,89.36001,5
10614343.927437797,816432.279790255,10216550.0,13174290.0,10293320.0,121.40909206457559,0.35288031271845394,121.0062,122.618,121.286,1164883.7705723746,24701.11243857337,1151678.0,1235398.0,1154389.0,78.92292139868255,1.8789520564450537,77.62493,83.6437,77.97435,5
11966130.651558073,944553.7740616306,11507130.0,14944510.0,11595640.0,122.05684920304446,0.3618919073063916,121.591,123.2825,121.9341,1202670.2725690296,30590.3820997769,1186030.0,1290094.0,1189719.0,81.7621965183112,1.7132610891527673,80.65537,86.27928,80.91479,5
17065233.340387043,446760.3105452205,16861220.0,18598170.0,16898470.0,123.99708866855522,0.1274835795334071,123.8834,124.4808,123.9535,1360453.64742824,16802.150502060387,1351341.0,1411468.0,1353604.0,88.86504407863748,0.4227903980943751,88.64737,90.18899,88.68726,5
17328178.112904876,438848.40630512254,17131810.0,18830670.0,17164090.0,123.43390312297348,0.11939849275070272,123.3178,123.8915,123.3937,1408522.9126591352,17947.710141611627,1398202.0,1462545.0,1401199.0,86.73767106078706,0.3615167292890155,86.46366,87.92232,86.58983,5
17509739.2798389,260491.67151506402,17411450.0,18423000.0,17411460.0,122.81227900952251,0.04366814885880194,122.5239,123.0642,122.8129,1490009.7072255025,13182.580813196757,1484734.0,1532566.0,1484747.0,81.31401038977441,0.20886980947782469,81.08773,81.98179,81.23976,5
16053673.318201987,202851.0004082956,15920690.0,16800510.0,15985600.0,127.06143393289872,0.06787285670712451,127.0334,127.3103,127.035,1174140.9855626472,5588.116655350179,1171912.0,1194009.0,1171931.0,107.80591232123963,0.5394301335608865,107.4587,109.1719,107.509,5
14192887.35929554,213791.48364758867,14097420.0,14944510.0,14113860.0,123.00241893921294,0.07079111115974253,122.9421,123.2825,122.9786,1267172.5741151576,7383.721100972197,1263219.0,1290094.0,1264202.0,85.27419097750776,0.3322322223785953,85.08633,86.27928,85.12054,5
15898378.046008397,241826.41556258596,15791460.0,16751220.0,15809170.0,123.6131299600669,0.07418995796024287,123.5493,123.9064,123.5883,1321214.949179153,8721.70306561235,1316718.0,1348374.0,1317712.0,87.54724229393494,0.31581600350135075,87.37942,88.53084,87.40759,5
21058740.104099117,300119.9800695788,20935660.0,22121880.0,20947590.0,125.23229185296425,0.08062180078364752,125.1729,125.5463,125.2046,1505021.0866582477,12630.609771472942,1498999.0,1545527.0,1499988.0,92.3252593876924,0.25392365696175473,92.15196,93.16206,92.22001,5
17893949.547766134,265866.66289434046,17778610.0,18830670.0,17795570.0,123.60943559165841,0.07060332582741868,123.545,123.8915,123.5861,1429107.2621932488,10797.890355839289,1423044.0,1462545.0,1424760.0,87.19833733199086,0.21370350858107157,87.02199,87.92232,87.11366,5
18179999.768592786,253570.5687833208,18073010.0,19073700.0,18086150.0,123.08837839858015,0.06737022016873169,123.022,123.3603,123.0663,1470082.120413666,10523.839632585095,1464023.0,1502848.0,1465848.0,85.10531638827264,0.20223406208469047,84.86433,85.78021,85.02814,5
17841149.224546913,264203.61741330515,17721930.0,18777810.0,17744470.0,124.16591490494557,0.07421568014026068,124.1039,124.4593,124.1409,2300191.5728181847,8300.49194295726,2295519.0,2326660.0,2296946.0,92.88372530222875,0.29261507645244006,92.72907,93.79426,92.75464,5
18728842.045462303,230037.48083861612,18606190.0,19557660.0,18648220.0,124.10830923922319,0.07336980876662531,124.0594,124.3947,124.0824,5155775.622410322,3219.2966485847014,5153604.0,5166447.0,5154602.0,95.19888653708317,0.3907925805857607,94.96757,96.35128,95.01227,5
17904126.952455714,144176.92368814992,17848950.0,18423000.0,17850710.0,122.7459435066043,0.053332161179478504,122.7074,122.9604,122.7281,1508244.0740639612,7364.210066364125,1505294.0,1532566.0,1505323.0,81.43557508447388,0.1825024217445333,81.33098,81.98179,81.34925,5
12802945.425099833,103384.75852590542,12757720.0,13174300.0,12765090.0,122.45821631454997,0.03821211770774728,122.4211,122.618,122.4462,1224637.7921430767,3399.231121688389,1222889.0,1235399.0,1223284.0,83.03520524591282,0.20647324468863804,82.91042,83.6437,82.93565,5
16264127.420731083,134515.6152528617,16206050.0,16751220.0,16215180.0,123.74068362742757,0.04046254920861018,123.7082,123.9064,123.7273,1332693.9679511245,4934.388318800926,1330170.0,1348374.0,1330737.0,87.97166741151575,0.1747471403706538,87.88012,88.53084,87.89501,5
21514167.114235982,167185.88385121975,21441690.0,22121880.0,21453410.0,125.3714567732687,0.04307891768759489,125.3408,125.5463,125.3568,1522360.578791085,7054.479741710356,1518654.0,1545527.0,1519575.0,92.68643930646098,0.14317771227543186,92.52926,93.16206,92.62982,5
18242536.393050957,149795.20055196664,18179840.0,18785270.0,18187790.0,124.00846494760914,0.03944572809034707,123.9751,124.1713,123.9956,1412541.2207583876,5703.905385577989,1409744.0,1430667.0,1410266.0,88.50006014778661,0.1306818184607377,88.43436,88.93487,88.44581,5
18565962.21202089,140588.97859282134,18506490.0,19073700.0,18514760.0,123.2064637837469,0.03658371683030218,123.1717,123.3603,123.1947,1484096.1222567323,5848.45588313238,1480884.0,1502848.0,1481772.0,85.39575159356974,0.11303468968361734,85.27542,85.78021,85.35246,5
19082322.94549302,128525.34842457341,19016280.0,19557660.0,19037780.0,124.22872724325063,0.04131480329547781,124.2064,124.3947,124.2139,5160306.748796888,1812.5755698360492,5159142.0,5166447.0,5159652.0,95.66978861496978,0.22322028877745884,95.53817,96.35128,95.56442,5
20132775.305300523,107154.8194113141,20064600.0,20536340.0,20098020.0,124.02590679204069,0.04011123532132603,124.0016,124.1892,124.012,7635381.444178983,1114.9896887670704,7634385.0,7639333.0,7635037.0,94.70154593091914,0.2667510705992069,94.53303,95.4579,94.56756,5
21362050.842690878,78510.43260936902,21296870.0,21661030.0,21339990.0,123.63666952455713,0.047419152007895024,123.6149,123.8166,123.6175,10128198.073313082,759.2707279449127,10127210.0,10130940.0,10128030.0,91.68808365029524,0.3919327699194548,91.40473,92.68803,91.48421,5
18358031.306187924,64433.246886356086,18332020.0,18598170.0,18334820.0,124.4080366736066,0.01725821240530535,124.3952,124.4808,124.4024,1403445.126386566,2467.3850079574167,1402237.0,1411468.0,1402475.0,89.98758972388136,0.05901466126124924,89.95783,90.18899,89.96296,5
18196894.286835726,61377.3360997466,18171420.0,18423000.0,18174720.0,122.86617988668556,0.02289859556372807,122.8484,122.9604,122.8589,1521871.143963958,3172.5579643501524,1520606.0,1532566.0,1520626.0,81.71165645175604,0.0861263367370089,81.66196,81.98179,81.67097,5
17580351.13041401,61542.258746301464,17552570.0,17809910.0,17558470.0,125.51611282637634,0.015216812825993744,125.5027,125.5832,125.5114,1463127.3524352368,2874.319173758213,1461689.0,1472508.0,1461998.0,97.64193311751254,0.06855792799785707,97.60646,97.86316,97.61131,5
17053843.672821596,61238.48194500458,17025160.0,17283800.0,17032510.0,126.4957476671559,0.014043925036606392,126.4875,126.5539,126.4909,1360579.428888358,2643.8677481467157,1359358.0,1369388.0,1359534.0,104.18953763609679,0.07967679283900421,104.147,104.4282,104.1519,5
16608387.143003413,49788.76570226099,16580660.0,16800510.0,16592000.0,127.24937369624573,0.015675367923956483,127.243,127.3103,127.2434,1188851.8443003413,1393.7246641494946,1188299.0,1194009.0,1188304.0,108.83830791467577,0.1256319038616906,108.7609,109.1719,108.7708,5
13011885.51452268,44196.1725540244,12992800.0,13174300.0,12995900.0,122.54501553636644,0.016439992562213252,122.5283,122.618,122.5402,1230677.3425714187,1467.4406209889476,1229936.0,1235399.0,1230099.0,83.36587240178847,0.09060614602700125,83.31186,83.6437,83.3226,5
14756576.434690604,50910.64023084814,14734730.0,14944510.0,14738260.0,123.2110116829926,0.016761077553752543,123.1975,123.2825,123.2057,1284315.0825966757,1793.8174733584212,1283399.0,1290095.0,1283610.0,86.00960434315164,0.08379792196631868,85.96295,86.27928,85.97131,5
16538014.434281034,57557.61151741745,16513690.0,16751220.0,16517330.0,123.83476263012389,0.016893239612374617,123.8218,123.9064,123.8293,1341421.0382265607,2153.5089912981466,1340339.0,1348374.0,1340575.0,88.2815626140824,0.07575803674726778,88.24216,88.53084,88.24854,5
20092619.011911668,66889.39766641095,20066710.0,20341210.0,20068680.0,124.94899657667497,0.018974768850050273,124.9359,125.0285,124.9428,1470900.215365712,2746.609919631697,1469824.0,1480129.0,1469832.0,91.52658381514729,0.06407822645876561,91.4934,91.73508,91.49822,5
21855519.756646983,71611.14799737331,21827380.0,22121880.0,21829680.0,125.46999187002969,0.018080753377193833,125.4575,125.5463,125.4641,1535408.147752483,3002.122899560882,1534018.0,1545527.0,1534239.0,92.94693590907539,0.06388463718542936,92.91493,93.16206,92.9199,5
18546790.036178708,64284.420127453894,18520290.0,18785270.0,18523600.0,124.1002993276221,0.016515664641067778,124.0869,124.1713,124.095,1422759.5868800983,2432.1383663546567,1421655.0,1430667.0,1421798.0,88.73476878186968,0.05837408124244192,88.70494,88.93487,88.71013,5
18599698.233386803,62087.79892981563,18574700.0,18830670.0,18577280.0,123.82172742414416,0.016230155738961836,123.8087,123.8915,123.8165,1454246.9358681184,2585.0717774488658,1453044.0,1462545.0,1453229.0,87.73349305607701,0.052265660667476635,87.70781,87.92232,87.71255,5
18693607.815283798,60205.267090012676,18667840.0,18917230.0,18672190.0,123.55126063346873,0.015594767049331383,123.5374,123.6188,123.5464,1477237.9749479503,2536.0542037888267,1475941.0,1485551.0,1476249.0,86.69232820403427,0.047427113148183805,86.64371,86.8701,86.67504,5
18854584.773200452,59030.56198422002,18829910.0,19073700.0,18833570.0,123.29234850336188,0.015521865100346125,123.2779,123.3603,123.2877,1494452.4580702414,2563.7146043663115,1493263.0,1502848.0,1493444.0,85.6054998129629,0.05060154812613732,85.57615,85.78021,85.58481,5
19054282.964264993,56791.315187423126,19031640.0,19265750.0,19033800.0,122.9301183931192,0.014825352397949713,122.9171,122.9945,122.9254,1511539.584286153,2687.7233094161465,1510290.0,1520226.0,1510483.0,84.39762487252125,0.05463231614683488,84.36311,84.60375,84.3761,5
19119574.69401686,55588.46659504117,19094980.0,19329350.0,19099920.0,122.70400189084953,0.01436553839102262,122.6909,122.7679,122.6995,1532015.8595515206,2756.77423676157,1530307.0,1540851.0,1530929.0,83.46929886924468,0.05351252483242416,83.38232,83.66084,83.45161,5
18543738.794498105,63002.633383460976,18517000.0,18777810.0,18521230.0,124.38786053448925,0.01687674465262692,124.375,124.4593,124.3823,2319973.044131199,2008.4789605561896,2318961.0,2326660.0,2319206.0,93.56609398921465,0.06901275912976232,93.53044,93.79426,93.53618,5
19349386.72821598,55022.685632002685,19321940.0,19557660.0,19330520.0,124.31717648725213,0.018765724980003295,124.307,124.3947,124.3105,5163749.730741664,781.3544671653879,5163268.0,5166447.0,5163470.0,96.01145348339533,0.1063132750041185,95.94748,96.35128,95.96179,5
20359463.75200519,45898.672442194176,20331370.0,20536340.0,20344560.0,124.11589843680672,0.01723010485631089,124.1044,124.1892,124.1109,7637606.537117308,477.72622641934265,7637198.0,7639333.0,7637460.0,95.11535065565377,0.11582854826832875,95.04343,95.4579,95.05772,5
21529819.408853546,33729.13404710422,21503010.0,21661040.0,21520330.0,123.73826821393222,0.02000501808133537,123.7293,123.8166,123.7303,10129754.794020275,323.61133518924385,10129350.0,10130950.0,10129680.0,92.24655901532476,0.16886945405893006,92.12729,92.68827,92.15875,5
14870149.432403836,1444058.5173568365,14159080.0,19233430.0,14297780.0,123.2136621284003,0.45246484815608007,122.7206,124.6699,123.0513,1292070.400116045,51351.92701087635,1263863.0,1433812.0,1270066.0,86.27817470562135,1.647669561056996,85.34342,90.72055,85.52731,5
14617297.994129492,1406377.4002761962,13999540.0,18852220.0,14051130.0,121.66469036827196,0.4757252004126581,121.1219,123.21,121.4916,1378026.5705314174,69507.67414492862,1339776.0,1573756.0,1348187.0,78.773811217789,1.5425879138378291,77.14564,82.76733,78.06253,5
14321774.34861258,1351318.427771585,13585100.0,18424430.0,13792300.0,124.46693698419742,0.3988433654548874,124.0662,125.7407,124.3224,1329643.4572511008,61195.29804367613,1292628.0,1498276.0,1303113.0,93.86691080617085,1.7558540871593973,92.818,98.42351,93.00457,5
13830372.462200075,1329187.2189056138,13010940.0,17901710.0,13326980.0,125.53545076623776,0.3679158415761752,125.2138,126.706,125.3969,1245682.5146933342,52269.03463267179,1211772.0,1394014.0,1223401.0,99.95663860302399,2.050880462589364,98.67478,105.0716,98.89837,5
15484137.541895628,1683760.6131715456,11880160.0,17323100.0,16139390.0,125.73917824499131,0.7333708718816122,124.8592,127.4685,125.5627,1154067.5829209187,50173.515484826516,1070439.0,1302903.0,1157965.0,100.8667712372436,4.823056047564769,93.90249,110.0864,98.90919,5
16334290.903443804,1558587.9679427329,15599790.0,21014800.0,15710580.0,123.7221083245162,0.4680367009531739,123.2441,125.2284,123.5532,1339262.5236356189,58751.25207333135,1308960.0,1503986.0,1314019.0,88.0820151093894,1.55343395187899,87.21336,92.28884,87.37444,5
17822228.679818425,1661007.9256179896,17077890.0,22837210.0,17156170.0,124.2162293627769,0.47703347998900303,123.7141,125.7433,124.0432,1387991.633025018,66068.36273690106,1354500.0,1573233.0,1359674.0,89.66415484965358,1.4134061331009735,88.88271,93.6925,89.02248,5
15094932.919553569,1428799.6583060487,14415630.0,19406810.0,14526040.0,122.94881865251374,0.43592355909403796,122.4461,124.3555,122.794,1309437.8523840404,52329.6379282477,1280831.0,1453274.0,1286930.0,85.28581107239155,1.5236387817150259,84.4358,89.43506,84.60831,5
15310473.511041332,1394187.2896150488,14668200.0,19517650.0,14756940.0,122.46096853476229,0.4118196614199675,121.9016,123.7979,122.3178,1351869.232670057,57415.997521578196,1319519.0,1507708.0,1327232.0,83.69636875183454,1.2801755029205824,82.64291,87.35262,83.14503,5
15513630.365882795,1387801.1173989205,14885160.0,19697110.0,14961600.0,122.21491314038022,0.3589773725083518,121.6562,123.4035,122.0958,1368149.8648759343,58525.144562850954,1334346.0,1526983.0,1343039.0,82.7528894395713,1.1410021941449184,81.24412,86.09052,82.29315,5
15710302.185740128,1364905.906538506,15081270.0,19826480.0,15167790.0,121.87200300010238,0.3967089332343149,121.2876,123.1591,121.7371,1384100.4073517867,59006.9512859913,1345940.0,1544207.0,1358823.0,81.70995740571351,1.1331448428987458,80.15655,85.03228,81.24538,5
15819411.224956483,1350830.7600385991,15210940.0,19881470.0,15280640.0,121.67117869210554,0.3865114885050397,121.0822,122.9254,121.5401,1402246.846752449,59856.53608656452,1362363.0,1565138.0,1376560.0,80.90318672446159,1.1214922945933206,78.85253,84.08366,80.45736,5
15147197.070889791,1403679.5735493165,14403140.0,19407920.0,14596620.0,123.22411930441312,0.4412241156217618,122.7209,124.6463,123.0667,2227969.085224752,41707.438709737864,2200339.0,2344898.0,2210539.0,89.78160401378886,1.7334102240540648,88.74871,94.38562,88.95921,5
16427136.710809242,1198551.081505676,15600660.0,20121510.0,15988230.0,123.17293734598451,0.42984137661662664,122.5345,124.5272,123.0155,5127271.910508891,16074.938428680884,5112944.0,5173789.0,5121186.0,91.35973573876241,2.2258231656530034,89.88025,96.91697,90.23851,5
17966541.79596573,977289.9003635517,17132400.0,21024640.0,17624430.0,122.95674889586674,0.44360847020573785,122.5627,124.3672,122.7844,7615153.398409502,9666.65094130667,7602410.0,7643958.0,7612025.0,89.58056902215093,2.9203875184695276,87.34179,96.32363,88.01028,5
19966693.519574046,648259.1061608738,19250940.0,22024850.0,19791470.0,122.36710238574695,0.5470912931063756,122.0378,124.0184,122.1393,10115371.089456977,6449.907276186902,10105570.0,10134300.0,10114090.0,84.67647577084543,4.397139555080607,80.56662,93.90534,82.73885,5
16873394.692651626,610627.6958611328,16634240.0,18852220.0,16634340.0,122.61496157206732,0.15497008506196716,122.439,123.21,122.5641,1478346.9876787604,31614.84903953248,1465191.0,1573756.0,1465264.0,81.11547754769788,0.586101810669596,80.80272,82.76733,80.85257,5
16428394.983105225,612070.958527728,16120890.0,18424430.0,16196070.0,125.1719456261306,0.16251674089551943,125.0026,125.7407,125.117,1416678.5012457762,27820.808793196407,1400553.0,1498276.0,1405088.0,96.53135811358749,0.6679575842201336,96.1634,98.42351,96.21814,5
15906812.958804054,606407.3630502074,15580600.0,17901710.0,15681870.0,126.18782696337757,0.14791040373910896,126.0636,126.706,126.1338,1318603.2872452985,25125.77571543126,1304556.0,1394014.0,1308147.0,102.90892631147821,0.8009100383892593,102.4537,105.0716,102.5126,5
15698918.520086009,479763.43538727215,15290070.0,17323100.0,15531740.0,126.9235095941841,0.16384059544524823,126.8535,127.4685,126.8579,1165029.6456193044,13194.694680855127,1157139.0,1208074.0,1159689.0,107.14103035939793,1.234464176367284,106.3089,110.0864,106.4457,5
12194410.792177208,439499.2351264945,11985540.0,13613760.0,12024530.0,122.18618478446363,0.17147817863427195,121.9354,122.7925,122.1309,1207662.2011672754,14093.908146175505,1199871.0,1248671.0,1201767.0,82.07695796409433,0.8523579502505164,81.53441,84.35789,81.65489,5
13806424.093655074,507380.6874595804,13565880.0,15451840.0,13611390.0,122.84944623365986,0.1734872381547888,122.6681,123.4669,122.7894,1255932.2343083383,17274.86186979218,1245883.0,1306123.0,1248735.0,84.77506268814635,0.7722708866881801,84.32244,86.95377,84.40978,5
15457863.673845524,574373.2233733156,15188030.0,17324980.0,15237920.0,123.45253380661455,0.18057927334986645,123.2719,124.0935,123.3896,1308002.305812485,20545.519979097127,1297062.0,1367923.0,1299462.0,87.02971693027065,0.7098707197292334,86.63944,89.08001,86.70982,5
18861117.78797911,664270.7168567972,18596860.0,21014800.0,18601170.0,124.54813305914878,0.19246034465066408,124.3529,125.2284,124.4807,1422701.0458718727,27128.2559608737,1411103.0,1503986.0,1411446.0,90.50292293388854,0.6086165927578177,90.16425,92.28884,90.21631,5
20507219.473360866,713352.9798816337,20213810.0,22837210.0,20231550.0,125.0573479026588,0.1954386067073056,124.8808,125.7433,124.9878,1484609.47950442,29695.626028481758,1470827.0,1573234.0,1472389.0,91.88379751766271,0.5861251139462144,91.22963,93.6925,91.63153,5
17372321.45602239,626912.1892943525,17086590.0,19406810.0,17131690.0,123.73401097989692,0.1740684637460743,123.5298,124.3555,123.6742,1383119.69876105,23960.00225741243,1369622.0,1453274.0,1373113.0,87.79160468104712,0.5542260948980967,87.44614,89.43506,87.55187,5
17526811.843407623,616343.7529346814,17246280.0,19517650.0,17289790.0,123.19297148708148,0.16886297525483715,122.9972,123.7979,123.1353,1434694.0935868118,25203.171547886635,1417369.0,1507708.0,1424177.0,85.8102298685962,0.4978754715893948,85.13033,87.35262,85.61473,5
17734579.492474146,607349.3463722784,17457250.0,19697110.0,17501550.0,122.81319674732926,0.16472114221870987,122.61,123.4035,122.7582,1453411.041025291,25327.526461340378,1435817.0,1526984.0,1442869.0,84.58603745998157,0.47765720570161896,83.75262,86.09052,84.40378,5
17915994.726099867,588740.6801134326,17653840.0,19826480.0,17688860.0,122.59099940953617,0.15781615133768345,122.3869,123.1591,122.5379,1470838.4562954367,25203.470590686065,1452464.0,1544207.0,1460401.0,83.57692776545275,0.4519587275307347,82.62713,85.03228,83.41185,5
18022831.986757226,573607.9566676251,17775520.0,19881470.0,17801470.0,122.37375731253626,0.15328100145779522,122.1668,122.9254,122.3224,1489124.4812792246,26030.061715751144,1473095.0,1565138.0,1478318.0,82.68096880303081,0.4617500461734033,82.0253,84.08366,82.50783,5
17358740.669306118,629053.6739781065,17053730.0,19407920.0,17119570.0,124.00302520222533,0.1814336655979549,123.8171,124.6463,123.9396,2287030.8199255946,19437.610431331865,2275264.0,2344898.0,2279157.0,92.40732018942626,0.6850367265562816,92.03532,94.38562,92.09955,5
18304830.39625926,549198.8938712128,17986640.0,20121510.0,18104720.0,123.94455322024643,0.168779082216624,123.7791,124.5272,123.8835,5150484.698283218,7584.3062410699395,5144663.0,5173789.0,5147618.0,94.61601005631593,0.8409937401387705,94.11303,96.91697,94.20724,5
19480696.765077308,459711.44317707734,19150230.0,21024640.0,19323130.0,123.74680731765591,0.1775181200862109,123.5604,124.366,123.6802,7629036.105532612,4674.036074734894,7623967.0,7643958.0,7627503.0,93.47895848151813,1.1105015324593959,92.73479,96.32363,92.90849,5
20879215.304276597,337619.1580442312,20567910.0,22024850.0,20768460.0,123.32972262875866,0.20542285461906984,123.2078,124.0184,123.2428,10124056.930270657,3212.4201587406224,10118820.0,10134300.0,10123300.0,90.1606916751425,1.5899796198148004,88.93454,93.90534,89.34921,5
18117858.403017167,328193.8616351054,17977100.0,19233430.0,17994290.0,124.33047050411278,0.08936283110804949,124.2461,124.6699,124.3001,1396010.723915492,12233.004519119915,1389574.0,1433812.0,1391018.0,89.8173487067818,0.2970113266536372,89.66482,90.72055,89.68977,5
17791832.378579475,311195.39607031236,17670440.0,18852220.0,17673460.0,122.77212754701524,0.11713857889060171,122.6829,123.21,122.7317,1522350.6746646643,16300.083981852511,1515678.0,1573756.0,1515737.0,81.7614560206833,0.3548495980563099,81.55754,82.76733,81.59225,5
17350650.564524386,312496.2250071704,17201340.0,18424430.0,17234960.0,125.44829009522509,0.07790782647083061,125.3741,125.7407,125.4226,1454318.054199802,14355.565137398364,1446357.0,1498276.0,1448474.0,97.45266386327178,0.3251628027452398,97.28104,98.42351,97.30467,5
16824316.180415712,310723.2942822493,16666680.0,17901710.0,16711710.0,126.43508198232023,0.07225317922839358,126.381,126.706,126.4092,1352423.4676268816,13318.873378158485,1345492.0,1394014.0,1346971.0,103.97614818253183,0.3869079597206527,103.7639,105.0716,103.7891,5
16415409.718079116,255251.24178724314,16255350.0,17323100.0,16327730.0,127.1879059524216,0.0792769706559477,127.1549,127.4685,127.1567,1183966.6112153998,7099.658687434574,1180941.0,1208074.0,1181101.0,108.59552031809959,0.5921427305011566,108.2177,110.0864,108.2696,5
14568215.767091027,258701.98629736132,14450080.0,15451840.0,14471380.0,123.14120613672821,0.08508947831933897,123.063,123.4669,123.1123,1278972.4604594014,8968.837720547212,1273921.0,1306123.0,1275321.0,85.8122253517185,0.3824856128490002,85.59698,86.95377,85.63568,5
19868799.212601114,334715.9094398768,19740120.0,21014800.0,19741850.0,124.86726774292637,0.09566317365368866,124.7873,125.2284,124.8343,1460310.9584286152,13974.672561813042,1454614.0,1503986.0,1454652.0,91.32547632478924,0.3082718739150068,91.15959,92.28884,91.18418,5
18363737.489334106,314587.0841940701,18231960.0,19437340.0,18244990.0,123.74738951158743,0.08505398718533004,123.6635,124.074,123.7187,1446187.5621693572,12633.523133175693,1439395.0,1484610.0,1441035.0,87.57199965425441,0.2492038693316843,87.40894,88.40365,87.47104,5
18475477.84566026,306069.06946729025,18341090.0,19517650.0,18360630.0,123.47924722686781,0.08298033014850657,123.396,123.7979,123.4514,1469171.5310078843,12582.11178044613,1461595.0,1507708.0,1464051.0,86.52543268405064,0.2569680666702695,86.1819,87.35262,86.42623,5
18834180.325608384,288083.01039762143,18716290.0,19826480.0,18725860.0,122.86238946721731,0.07661692839013513,122.7767,123.1591,122.837,1503642.3714119936,13414.652978079539,1496855.0,1544207.0,1498209.0,84.2365009624902,0.2268394013544429,84.01728,85.03228,84.15298,5
18909931.359432064,283858.0519752628,18778510.0,19881470.0,18804090.0,122.63836182463564,0.07418490745833828,122.5532,122.9254,122.6139,1523649.6343902522,13616.905798258875,1514201.0,1565138.0,1518077.0,83.31703089047409,0.25674264730868224,82.67907,84.08366,83.23404,5
18308617.420731083,320708.18238311907,18163940.0,19407920.0,18189110.0,124.31093416157549,0.0882221636068108,124.2299,124.6463,124.2808,2313656.7688999623,10022.198985952924,2307880.0,2344898.0,2309674.0,93.37289461517457,0.3325595833351319,93.19693,94.38562,93.22536,5
18657891.43213079,163073.58463984122,18593250.0,19233430.0,18597210.0,124.49583582033516,0.043438074210270065,124.458,124.6699,124.4815,1413897.865695075,6174.027471967234,1411046.0,1433812.0,1411424.0,90.25616139151508,0.15009039359743995,90.1793,90.72055,90.1913,5
18301966.92037271,155166.98702440015,18243760.0,18852220.0,18243880.0,122.98446638793133,0.05737689330926489,122.9451,123.21,122.9648,1546910.989931397,8221.89454279811,1543609.0,1573756.0,1543638.0,82.23278472098023,0.18094602887838573,82.13059,82.76733,82.14742,5
17865914.72814772,155935.90171610122,17794100.0,18424430.0,17809350.0,125.59225057169185,0.0373579877265455,125.5601,125.7407,125.5798,1475402.6662002115,7221.638005990784,1471586.0,1498276.0,1472517.0,97.933840330728,0.1575660271334899,97.85297,98.42351,97.86378,5
17339126.186559267,155694.726560899,17264630.0,17901710.0,17283640.0,126.56700173384758,0.03508263926771988,126.5434,126.706,126.5547,1372132.3622649238,6784.545771621043,1368847.0,1394014.0,1369402.0,104.52716943240384,0.1849015540179692,104.428,105.0716,104.4394,5
16845989.346394073,128656.34492942614,16774290.0,17323100.0,16802390.0,127.3254458616335,0.03854157596075309,127.3097,127.4685,127.3106,1195385.6285197446,3609.9520525232924,1193926.0,1208074.0,1193938.0,109.33776041503124,0.2864953458607226,109.1607,110.0864,109.1829,5
13216449.655278336,112103.1295806203,13167010.0,13613760.0,13175160.0,122.62742906583843,0.04052455724830404,122.589,122.7925,122.6145,1236965.2478241578,3740.4585090959695,1234965.0,1248671.0,1235467.0,83.7410728888358,0.20922317929397072,83.61659,84.35789,83.64098,5
14992547.800607529,129100.19183071757,14935700.0,15451840.0,14945220.0,123.29702345131233,0.04212234642425119,123.2595,123.4669,123.2831,1291962.2207242567,4531.468637729999,1289516.0,1306123.0,1290152.0,86.35780398170587,0.1912310237282892,86.2524,86.95377,86.27102,5
20419152.312706918,166816.34804183606,20355690.0,21014800.0,20357410.0,125.0421357623127,0.04670946299170231,125.0068,125.2284,125.0264,1481542.8214614834,6918.480098065691,1478792.0,1503986.0,1478810.0,91.7859785436363,0.1526915164914648,91.70482,92.28884,91.7167,5
22192184.453394312,178286.80669682307,22120260.0,22837210.0,22126820.0,125.56063606607735,0.04573593069616799,125.5286,125.7433,125.5449,1548369.2589849483,7790.2608917402085,1544730.0,1573236.0,1545300.0,93.19635720297622,0.14012938474343664,93.08719,93.6925,93.14311,5
18843590.154954094,158683.70803471934,18780930.0,19406810.0,18784690.0,124.18471407215263,0.04230275598150397,124.1474,124.3555,124.1707,1433226.273900133,6257.901628029395,1430481.0,1453274.0,1430716.0,88.98216100856683,0.13931861229209536,88.90905,89.43506,88.92089,5
18986528.531349193,149370.28505861593,18920800.0,19517650.0,18931910.0,123.63229529335474,0.040919329204230505,123.5946,123.7979,123.6189,1487211.0500017065,6451.102969262455,1483593.0,1507708.0,1484627.0,86.91079499163794,0.13459352410575326,86.75207,87.35262,86.85675,5
19316037.59889416,141660.30562564422,19251080.0,19826480.0,19264860.0,123.00647561350216,0.037208163982127195,122.9701,123.1591,122.9943,1522880.7887641217,6856.40258866378,1518798.0,1544207.0,1520137.0,84.59628905901225,0.12430401893991418,84.34565,85.03228,84.55996,5
19380616.907744292,140747.0191824539,19318730.0,19881470.0,19328620.0,122.77843831530087,0.035927022252833674,122.7403,122.9254,122.7671,1543548.81774122,6761.016373882174,1539250.0,1565138.0,1540827.0,83.67797726748351,0.1277897458337047,83.46484,84.08366,83.6282,5
18836941.468992114,160073.08604734615,18769260.0,19407920.0,18778250.0,124.47448915662649,0.042827602193296434,124.4382,124.6463,124.4602,2328640.532236595,5027.695283461967,2325970.0,2344898.0,2326678.0,93.86781415406669,0.16382836552852456,93.78324,94.38562,93.79646,5
20583995.219973378,119357.06433946954,20511970.0,21024640.0,20544010.0,124.20052645482782,0.04183919760264614,124.1722,124.3706,124.1863,7639649.004846582,1238.5318447100326,7638574.0,7643959.0,7639252.0,95.57285087306735,0.26434452073823306,95.40873,96.32363,95.44082,5
21689880.578518037,89631.58862435739,21621740.0,22024850.0,21662860.0,123.83731344755795,0.04796338952059995,123.8159,124.0184,123.8182,10131203.43970784,865.048570600745,10130170.0,10134300.0,10130990.0,92.93310533772484,0.3786547162168386,92.66684,93.90534,92.73527,5
16973913.59534455,96630.50952120601,16932490.0,17324980.0,16938880.0,123.97774913136968,0.028141598570809643,123.9548,124.0935,123.9685,1356208.0935868118,3686.897115026917,1354313.0,1367923.0,1354747.0,88.7503450172361,0.09858965126034329,88.69872,89.08001,88.70806,5
19071221.72429093,99999.38668889829,19028820.0,19437340.0,19035180.0,123.95867788661728,0.027644242320625186,123.9355,124.074,123.9496,1471017.5024403564,4250.8675007013,1469010.0,1484610.0,1469334.0,88.09849709955972,0.08669532215350435,88.03949,88.40365,88.06336,5
19347045.756510463,95830.74222214386,19304790.0,19697110.0,19312460.0,123.29687037100241,0.025549379019459296,123.2741,123.4035,123.2886,1512718.249974402,4487.326839430602,1510334.0,1526991.0,1510942.0,85.77806876104985,0.08350419140394669,85.67173,86.09052,85.74901,5
19775300.823236287,93432.1497893441,19729910.0,20121510.0,19742570.0,124.4392012935595,0.01969200505731928,124.4221,124.5272,124.4328,5169331.4930885015,1318.762100542075,5168526.0,5173789.0,5168850.0,96.54783991330764,0.11525042321562927,96.49091,96.91697,96.49914,5
19001949.735827163,63448.11804079622,18978000.0,19233430.0,18978610.0,124.59848923171438,0.017120422639145035,124.5852,124.6699,124.5929,1425396.9843680672,2519.210258568534,1424321.0,1433812.0,1424404.0,90.52547852691218,0.06266289230612875,90.48296,90.72055,90.49712,5
20771851.324959897,65426.757242319785,20746250.0,21014800.0,20748220.0,125.1507886310113,0.018587651415350192,125.138,125.2284,125.1446,1494764.323560531,2771.974552100149,1493571.0,1503986.0,1493683.0,92.07098078159665,0.06262693811604028,92.03897,92.28884,92.04405,5
19618625.34898802,55498.27945860365,19591130.0,19826480.0,19599300.0,123.09734604935322,0.01419084241827326,123.0826,123.1591,123.0932,1535293.921567289,2763.724059594369,1533671.0,1544207.0,1534197.0,84.82766756373938,0.05450880548274096,84.74252,85.03228,84.81009,5
18749439.12727397,27584.9306074965,18739350.0,18852220.0,18739380.0,123.16757230622207,0.010188958386602557,123.1616,123.21,123.1641,1568659.6859961092,1493.6511851490861,1568069.0,1573756.0,1568077.0,82.63367767398205,0.041417530742118326,82.60982,82.76733,82.61403,5
18319091.356018975,27915.940084968362,18306730.0,18424430.0,18309220.0,125.71218166490324,0.006479990126952112,125.7073,125.7407,125.7101,1493962.0377828595,1308.6475323614488,1493312.0,1498276.0,1493452.0,98.33451466534693,0.027402421834150807,98.32089,98.42351,98.32271,5
17795560.469299294,27927.229715869544,17782820.0,17901710.0,17785860.0,126.67957027543602,0.006104403799419767,126.6755,126.706,126.6776,1389871.1344073177,1234.8536634342836,1389312.0,1394014.0,1389385.0,104.97115018260008,0.032785856556553396,104.9539,105.0716,104.9559,5
17231906.391685724,23256.08195149441,17219810.0,17323100.0,17224220.0,127.44173746202942,0.0067703092418604244,127.4389,127.4685,127.4392,1205629.6892385406,661.2840486457185,1205368.0,1208074.0,1205370.0,109.94270820847129,0.05225256202427087,109.9116,110.0865,109.9152,5
13539387.419707157,19980.458966337348,13530800.0,13613760.0,13532220.0,122.75910540291478,0.007289939116735374,122.7505,122.7925,122.7571,1246471.5874944536,678.6835561529251,1246128.0,1248672.0,1246206.0,84.22722811427012,0.040431501889631995,84.20375,84.35789,84.20824,5
15365832.985426124,23056.962170492676,15355850.0,15451840.0,15357630.0,123.434764305949,0.007393604888046542,123.4287,123.4669,123.4324,1303464.3865660944,821.135673760168,1303065.0,1306124.0,1303143.0,86.82750262978259,0.03740261316080176,86.80738,86.95377,86.81103,5
17227603.52640022,25974.394920955114,17216650.0,17324980.0,17218360.0,124.06125773234581,0.007508338268239706,124.0556,124.0935,124.0588,1364643.2011672754,1004.0219525373311,1364137.0,1367923.0,1364251.0,88.98178468480153,0.027431137987656364,88.96751,89.08001,88.97016,5
22714785.117922112,31553.97496794691,22697670.0,22837210.0,22703710.0,125.70650430731423,0.008468094131115014,125.7012,125.7433,125.7039,1568544.0123553704,1438.5737484655756,1567769.0,1573244.0,1567978.0,93.57688481518142,0.030870370018138787,93.52193,93.6925,93.56771,5
19301716.774292637,27942.07338446476,19288660.0,19406810.0,19291890.0,124.32233620942694,0.007530955697675704,124.3156,124.3555,124.3201,1449372.398648418,1164.904188875737,1448880.0,1453275.0,1448918.0,89.33101069831736,0.029052465722923127,89.31563,89.43506,89.31837,5
19333254.03460869,27310.16257690705,19318110.0,19437340.0,19323950.0,124.04081470698658,0.007432060894566013,124.0327,124.074,124.0387,1480866.6786921055,1130.2790736481104,1480356.0,1484610.0,1480427.0,88.30964286255502,0.025828589352254756,88.29274,88.40365,88.29917,5
19418820.25666405,26194.673737019188,19408530.0,19517650.0,19409710.0,123.76599567220725,0.0072732689133975246,123.7602,123.7979,123.7638,1503771.5604969454,1189.775080344587,1503304.0,1507708.0,1503308.0,87.2492755353425,0.028550902335086753,87.23377,87.35262,87.23656,5
19601596.55551384,25104.344072478536,19586770.0,19697120.0,19593300.0,123.37355415543192,0.006824306247823611,123.3662,123.4035,123.3717,1522836.0054609373,1275.4644271745035,1522041.0,1526995.0,1522330.0,85.97196111061811,0.030734600169994235,85.92702,86.09052,85.96145,5
19787721.43622649,25077.843806878023,19778300.0,19881470.0,19778630.0,122.89782750264514,0.006253713589534539,122.8923,122.9254,122.8959,1561019.52486433,1224.1730439636453,1560535.0,1565138.0,1560539.0,83.9718685992696,0.031640373665185094,83.95445,84.08366,83.95765,5
19300323.354722004,28917.316216017614,19289280.0,19407920.0,19289870.0,124.61460772381312,0.007361950463866945,124.6087,124.6463,124.6123,2341859.423563944,892.7164655983565,2341467.0,2344898.0,2341518.0,94.28333917505716,0.030903105109330958,94.26747,94.38562,94.26988,5
20024678.45045906,25377.85618392823,20012710.0,20121510.0,20015930.0,124.49507765452745,0.007291468040950388,124.4887,124.5272,124.4929,5172555.009078808,354.7820105665944,5172347.0,5173789.0,5172427.0,96.788401066248,0.0397560774716841,96.76624,96.91697,96.76994,5
20941596.04184443,21417.894314229605,20929280.0,21024640.0,20934540.0,124.33396419673026,0.007736749581971612,124.3267,124.3711,124.3321,7643151.8644663645,222.4252590491017,7642975.0,7643959.0,7643081.0,96.16577869551861,0.050123948294390167,96.13514,96.32363,96.14112,5
21960946.915594388,16248.689024936428,21949390.0,22024850.0,21956050.0,123.98399750162123,0.008436797542441551,123.9804,124.0184,123.9807,10133717.45486194,152.80166333900192,10133540.0,10134300.0,10133680.0,93.7200137161678,0.06807358674724812,93.67397,93.90534,93.68473,5
2941990000.0,0.0,2941990000.0,2941990000.0,2941990000.0,44.753653808799854,9.957229812327588,19.56679,55.66987,48.33161,3019210.5409944556,1474561.384525231,914159.5,5114989.0,3745482.5,30.386624324807727,2.1971503483093384,27.7,34.32,30.09,5
0.0,0.0,0.0,0.0,0.0,0.0,0.0,0.0,0.0,0.0,2060389.2185065772,890982.5666961112,964992.9,4031656.0,1970901.0,40.60835999613103,1.2660711214338283,37.54575,42.78,40.645355,5
10244181.251585623,622854.9866533956,8753125.0,10796550.0,10555520.0,52.80998858350951,22.379501466412556,16.36878,77.12772,51.83884,902653.4881606766,71615.57068631622,826040.9,1117193.0,871216.9,51.705814451827244,1.6897520318279189,48.70423,54.16492,51.84557,5
11175811.729166666,219385.07355391973,10542310.0,11374050.0,11265620.0,58.5659661736111,14.290760098589764,36.84726,74.59704,63.065185,843342.9017361111,10079.880427079243,821881.7,865819.3,842631.5,54.04489890972222,1.2180399364582506,52.09994,56.10642,53.972314999999995,5
11138695.061071092,49180.42815147095,11014690.0,11257670.0,11132890.0,35.83107941747573,18.47223654303778,16.78636,72.59288,29.0709,843282.5242405261,26427.362697766486,824377.3,1112202.0,839346.8,51.92328883495146,2.070552303599089,50.05914,56.96577,50.61398,5
10912617.812426925,642827.3305365512,8750911.0,11461270.0,11106115.0,27.845271506597626,23.003350771174844,12.09603,77.167,15.49484,880674.540771672,36340.74348819731,767810.5,1044779.0,878237.8999999999,38.92307331718724,7.2485839265674405,30.20246,53.68751,37.07022,5
12965206.841904817,1048293.4255889321,11451060.0,15282880.0,12807630.0,86.07419827952657,0.4151062785949565,85.15394,87.4195,86.04565,5916758.574931521,835120.535117293,4823878.0,7662553.0,5723197.0,29.68457612737846,1.4908469465025345,26.35662,32.31004,29.952965,5
8414412.437181855,232414.59887134528,8048589.0,8877560.0,8397430.0,98.49246046064776,0.3211570536719515,97.80984,99.02074,98.51295,3795189.409884209,120110.02297755521,3510466.0,4039242.0,3808712.0,44.52491377775914,0.48471256773508914,43.10294,46.03471,44.52199,5
7663461.645757443,249331.99370770896,7261646.0,8199275.0,7616415.0,98.59008518310748,0.5426749918088785,97.49735,99.84103,98.46672,3340886.125431055,252946.05566532467,2526697.0,3952439.0,3348763.0,44.4638936874059,1.28521984899982,41.02184,48.70066,44.49515,5
6942593.654917599,228102.25319674832,6523511.0,7341444.0,6933475.0,98.45111887565879,0.6895578729201763,96.98955,99.45042,98.50221,2866323.742171161,264439.4970252439,1946562.0,3458384.0,2888425.0,44.47740699478542,1.2962232530600255,40.72562,47.35629,44.59086,5
6447464.418259194,166417.95825588485,6108258.0,6742957.0,6443047.0,99.20384970370966,0.4739536651337524,98.27858,99.84103,99.42136,2548013.7640115623,196916.37261141016,1796103.0,3142999.0,2554082.0,45.99418493375622,0.6543356264062088,43.86246,47.88037,46.06056,5
5614688.999836418,351615.2271926198,4867696.0,6244217.0,5648390.0,97.2945128457213,3.8134866594418204,85.37659,102.0285,98.45695,1970791.8514732646,424307.69211536966,940368.0,3018581.0,1993797.0,45.60459741580616,5.049201755638991,33.4226,52.4983,46.98714,5
19209393.1564132,1547282.9629351767,14301020.0,19842570.0,19800460.0,,,,,,9614105.644838698,1983259.7982101927,2609378.0,10499460.0,10230080.0,75.40985652542686,4.20572422432336,71.05411,85.45151,73.82578,6
19649621.274862032,1543428.3824863862,14805040.0,20290840.0,20242850.0,,,,,,10613910.36453202,2175804.6915235203,2857994.0,11450460.0,11286040.0,66.01157779621468,4.30946707024408,61.61325,76.62851,64.25173,6
18615981.70784103,1505778.0529631793,13770280.0,19214860.0,19186780.0,,,,,,8263723.484573503,1735084.3952667254,2253837.0,9407827.0,8796637.0,82.4864776676914,4.3898511490733165,77.89621,92.29649,80.944,6
13734640.772250824,1105508.683169392,10299030.0,14240480.0,14196360.0,,,,,,6154972.8143634945,1239082.0356773124,1904285.0,7118745.0,6510558.0,62.89575209748509,5.684836738735575,55.94405,76.51786,61.93501,6
21031995.29464054,1669654.6430539414,15699460.0,21730900.0,21645380.0,,,,,,10830225.58705878,2247016.2940504677,2857058.0,11761200.0,11528410.0,78.63532899662951,3.836064684766192,74.91248,87.61441,76.88907,6
22874326.612837512,1793965.7922875637,17108300.0,23598530.0,23516890.0,,,,,,12069470.12826401,2519826.3959945105,3096461.0,13037170.0,12854950.0,81.56475205489092,3.4464908805473327,78.38039,89.51716,79.72436,6
19446087.996592466,1552817.2294258054,14533060.0,20078110.0,20043790.0,,,,,,10028770.709915182,2063080.023183416,2709372.0,10895440.0,10670320.0,74.46252660913366,4.1412163039448195,70.21582,84.57809,72.88954,6
19669467.67361754,1556905.114439126,14753120.0,20310340.0,20271660.0,,,,,,10404409.944442388,2135948.9252582327,2801008.0,11295940.0,11066070.0,73.51633850772251,4.081855518719847,69.36412,83.69382,71.96103,6
20068102.90640394,1584306.1409528633,15088310.0,20729950.0,20687000.0,,,,,,11062762.500129635,2261279.034673741,2977596.0,11960650.0,11761580.0,71.67055057853995,3.9834058412860553,67.67458,82.05918,70.13188,6
20237827.94807215,1587050.1294261436,15248730.0,20877540.0,20855950.0,,,,,,11345694.478091782,2317356.0380129954,3045600.0,12258930.0,12060960.0,70.73275585577244,3.9686020409104588,66.80605,81.18489,69.11926,6
20415633.693470128,1586577.8650928673,15431770.0,21066520.0,21034150.0,,,,,,11616988.24537946,2370548.2393652378,3113702.0,12552610.0,12349050.0,69.85341276195415,3.9347399684253714,65.98821,80.33553,68.29622,6
21044268.90551502,1352048.6621871435,16629850.0,21565950.0,21522470.0,,,,,,10820852.845142413,2169454.4780349145,3016992.0,11987160.0,11441700.0,78.73807083669764,4.248096066263697,74.68763,88.88985,76.71681,6
21890451.859328125,1248579.4891247202,17765040.0,22364920.0,22318830.0,,,,,,11381313.03326049,2258014.5067717363,3208296.0,12653160.0,12009120.0,80.12482155857623,4.2096354288100395,76.2294,90.24678,78.01441,6
22376298.67809919,1185392.9318681129,18434410.0,22811000.0,22776580.0,,,,,,11705202.177821402,2309934.383972108,3318524.0,13010130.0,12338060.0,80.89079231860438,4.185031438987677,77.07565,90.9643,78.75085,6
17776213.860883735,1095323.5088114014,14301020.0,18222060.0,18199190.0,,,,,,8095094.657802141,1524061.8504963766,2609378.0,8623306.0,8567729.0,79.26386789584801,2.3398336854057438,77.09004,85.76956,78.077,6
18205204.86943961,1083506.3549779358,14805040.0,18697340.0,18628700.0,,,,,,8916922.13570873,1674961.1212743765,2857994.0,9497435.0,9438480.0,70.17921804659431,2.2137952953817326,68.08009,77.64807,69.08663,6
12849856.9250713,820826.7791197767,10299030.0,13217350.0,13198790.0,,,,,,5334625.030001111,967706.3040742811,1904285.0,5882429.0,5628536.0,67.58943793770139,3.6028915778992436,63.64376,76.86171,66.65259,6
16130379.134412386,1014614.1648766204,12934870.0,16542540.0,16540690.0,,,,,,7145365.2747138785,1333620.225307971,2359977.0,7668563.0,7554691.0,75.82009034556836,2.7024195386081393,73.20575,83.34203,74.67666,6
19446622.907515094,1172961.9048446289,15699460.0,19966520.0,19880840.0,,,,,,9046461.882477129,1715504.4224038166,2857058.0,9676441.0,9581412.0,82.15606564798696,2.0374691708809625,80.33154,88.04161,81.00271,6
21131134.957220636,1250572.2021000367,17108560.0,21656140.0,21588900.0,,,,,,9974870.859328123,1902793.8235890407,3096461.0,10635750.0,10563520.0,84.4984817548798,1.7650045843373778,82.9801,90.02963,83.48132,6
18216760.948924035,1096913.2274234227,14753120.0,18667250.0,18642750.0,,,,,,8765229.343271973,1650043.4573475283,2801008.0,9339404.0,9278501.0,77.59328367013593,2.195644002419909,75.57977,83.92831,76.47172,6
18421927.44583133,1102144.893112669,14948250.0,18898310.0,18851900.0,,,,,,9051767.025223156,1703129.4517439639,2887965.0,9659637.0,9581966.0,75.70444868995148,2.3676660800742813,73.67062,83.43267,74.51557,6
18609906.718026593,1121454.9216796341,15088310.0,19131330.0,19047470.0,,,,,,9315423.098262899,1750015.0333411423,2977596.0,9942820.0,9863874.0,74.81800831993777,2.3356128414677366,72.82628,82.70984,73.6492,6
18974850.667061742,1130537.4965765066,15432640.0,19449190.0,19426120.0,,,,,,9777262.228452906,1836510.1213309115,3113702.0,10400360.0,10350220.0,72.9771052213045,2.2434241781913484,71.12332,80.9557,71.93472,6
19803592.397866588,974206.7672599744,16629870.0,20219440.0,20153210.0,,,,,,9235596.349235157,1709123.8332747626,3016992.0,9976041.0,9738157.0,82.74477072484166,2.2480308844805528,80.78979,89.38803,81.48432,6
20758725.94133116,908825.3265320212,17765520.0,21104080.0,21080050.0,,,,,,9759146.512093041,1793863.030456202,3208296.0,10558250.0,10271080.0,84.0452972558243,2.1839218459362972,82.20941,90.83007,82.8285,6
21309596.698766623,867590.8568603247,18434890.0,21654070.0,21611960.0,,,,,,10062916.39105152,1843692.7693266629,3318524.0,10913720.0,10582230.0,84.7780378514019,2.162182164532252,82.99397,91.53085,83.57425,6
16829836.942108966,797189.0318503707,14301020.0,17196290.0,17135430.0,,,,,,6941482.510204081,1190324.4570625462,2609378.0,7342949.0,7311810.0,81.32431323493464,1.3359609206871905,80.09477,86.40024,80.58452,6
17269183.767546948,785105.7250247985,14805040.0,17588020.0,17584370.0,,,,,,7615753.622467499,1303398.3888534734,2857994.0,8039264.0,8018603.0,70.91834583688285,1.5216996489624983,69.70741,78.36241,70.21928,6
16366451.305603912,805866.2145732025,13770280.0,16686530.0,16684340.0,,,,,,5939860.653616801,1020737.0133635047,2253837.0,6423690.0,6247779.0,87.87296050187045,1.6443147207289357,86.47018,92.15235,87.05776,6
15901761.11522649,776204.4950406925,13321720.0,16191190.0,16187740.0,,,,,,4660069.0051113,806474.2181897744,1845380.0,5514227.0,4896682.0,93.12260291344124,1.876400908991801,91.48756,98.15635,92.20973,6
12210002.379347384,615685.9359833547,10299030.0,12484120.0,12476990.0,,,,,,4670053.525241676,766852.3018049092,1904285.0,4990198.0,4905990.0,70.40783168635875,2.3482783134967957,68.01959,77.26193,69.63475,6
13730059.259231823,688082.4014619446,11588520.0,14027160.0,14020790.0,,,,,,5408201.741583021,910882.4448517928,2107253.0,5767314.0,5685936.0,74.5715821326716,1.9794825572265626,72.67759,80.83533,73.76563,6
15265885.845401682,741567.4028718191,12934870.0,15575380.0,15570960.0,,,,,,6173969.918478462,1049539.0225832278,2359977.0,6532455.0,6495598.0,78.19985340382978,1.6105705174200982,76.71184,83.88012,77.44338,6
18429175.772436015,855411.1916110446,15699460.0,18786280.0,18756590.0,,,,,,7687402.721989703,1325051.9644504539,2857058.0,8134581.0,8094292.0,83.69565120226676,1.1285992878458848,82.71152,88.31132,83.27195,6
20036054.675358348,911702.863397861,17108590.0,20384630.0,20383800.0,,,,,,8420258.085151302,1458020.2926569227,3096461.0,8892602.0,8862024.0,85.83561382014148,0.9746322370527634,85.03867,90.20963,85.30348,6
17061357.176562093,799846.8370021062,14533060.0,17407950.0,17375620.0,,,,,,7228569.82354902,1239619.1363568623,2709372.0,7636350.0,7611870.0,80.37892706248378,1.274468752260531,79.23284,85.49812,79.77521,6
17279650.660024446,801393.2093087612,14753120.0,17624430.0,17599480.0,,,,,,7491563.0303714955,1285171.2396074552,2801008.0,7915453.0,7887451.0,78.49523056261343,1.4422968815549275,77.34286,84.61956,77.78166,6
17668621.672654543,822768.4252346485,15088310.0,18002230.0,18001520.0,,,,,,7960370.379125153,1364630.5235702987,2977596.0,8406722.0,8382893.0,76.75119846327641,1.4168405357876432,75.67183,82.52732,76.08438,6
17847796.706544686,829271.2567808176,15249930.0,18184330.0,18183510.0,,,,,,8167836.370495204,1402414.3819226671,3045600.0,8626480.0,8603471.0,75.91113908441054,1.4016460760288725,74.86584,81.77623,75.26441,6
18021609.513685692,826875.2931383107,15433890.0,18358360.0,18356820.0,,,,,,8361912.71669321,1436160.578914279,3113702.0,8827891.0,8808709.0,75.09033908959591,1.3861329198475132,74.08141,80.98266,74.46565,6
9516184.398681432,802197.8809153922,7263253.0,9978876.0,9929229.0,,,,,,3359365.1805252046,604437.9581804462,1286751.0,3620677.0,3617250.0,59.37673798659209,1.6797019414649057,57.81706,64.77723,59.0623,6
18974929.20367421,722030.3221636714,16629860.0,19247790.0,19247340.0,,,,,,7932914.296862847,1340781.7688970044,3016992.0,8431335.0,8321979.0,84.47036667321012,1.2836092905344805,83.42513,89.57303,83.78668,6
19988089.73443461,677209.6846094178,17765410.0,20238910.0,20238250.0,,,,,,8396371.848401792,1411372.8415721569,3208296.0,8953362.0,8796240.0,85.79103735323531,1.2397988173325987,84.8141,90.76794,85.13203,6
20576667.64732027,648592.3363508341,18434800.0,20812500.0,20811870.0,,,,,,8666008.112485647,1452967.51777356,3318524.0,9256432.0,9072503.0,86.52203136005038,1.2274246283380583,85.57144,91.58355,85.86877,6
16192260.031112263,596928.506090561,14301020.0,16432940.0,16432230.0,,,,,,6039946.202970481,935917.767840674,2609378.0,6341830.0,6324601.0,82.35961723026779,0.8379787606773366,81.63744,86.41541,81.92072,6
16638953.597911034,584766.0049101405,14805040.0,16874680.0,16874230.0,,,,,,6631882.452387125,1027909.8905506233,2857994.0,6956611.0,6947812.0,72.20714937219897,1.0118298625555542,71.44377,75.9577,71.7219,6
11731435.446868403,463873.82498558314,10299030.0,11946120.0,11932980.0,,,,,,4128825.7892514537,610238.9973482481,1904285.0,4373964.0,4314351.0,72.1738925578725,1.5879282923494402,70.62769,77.64009,71.57078,6
14675320.012593059,553839.5559911618,12934870.0,14905770.0,14904540.0,,,,,,5402561.364161636,830774.9478283129,2359977.0,5670812.0,5655696.0,79.62462087151377,1.0033132971658036,78.71911,83.85002,79.1361,6
19284921.32560465,678501.1004512511,17108680.0,19546450.0,19546080.0,,,,,,7287906.763102337,1141165.2494393848,3096461.0,7641303.0,7631948.0,86.73800114856107,0.5992223501329987,86.25826,90.01673,86.41001,6
16415353.460868921,595645.6250548117,14533060.0,16655020.0,16654780.0,,,,,,6292986.931812289,976856.5109943501,2709372.0,6602876.0,6590916.0,80.56738515907998,0.9830823373055437,79.81449,85.4521,80.08095,6
16629941.537834734,595278.3777607784,14753120.0,16870210.0,16870010.0,,,,,,6522821.724063855,1013869.4733925839,2801008.0,6841001.0,6832532.0,79.68882644690544,0.9603846925908885,78.97342,84.46554,79.22409,6
16831540.658172525,598431.8287867362,14948250.0,17073250.0,17072940.0,,,,,,6734621.526945442,1047551.2438116224,2887965.0,7066716.0,7055401.0,78.83456339716287,0.9494124220604013,78.14776,83.57252,78.38211,6
17019553.04752028,616558.7644606844,15088310.0,17269570.0,17269240.0,,,,,,6928813.68180303,1076419.9845382462,2977596.0,7269174.0,7260993.0,78.00774999629617,0.9491281561711384,77.33682,83.02033,77.56191,6
17196177.08989222,621838.046930063,15251180.0,17449050.0,17448770.0,,,,,,7105709.696210971,1105868.7280353617,3045600.0,7454702.0,7447824.0,77.1885665132042,0.9372376806885764,76.54234,80.85467,76.75823,6
17363879.7788807,617268.5936530265,15436210.0,17616050.0,17615660.0,,,,,,7272397.978739954,1132080.6907271855,3113702.0,7627703.0,7621741.0,76.39711225860218,0.9275041987479697,75.77506,80.0789,75.98147,6
18386891.586725432,541866.7019057736,16629830.0,18595900.0,18592030.0,,,,,,6933609.116337642,1063062.5725818102,3016992.0,7287698.0,7242533.0,85.597557416571,0.7956925917324777,84.96471,89.37622,85.17355,6
19442078.45994296,512219.05152956466,17765500.0,19633930.0,19633560.0,,,,,,7351608.415941332,1122469.579609502,3208296.0,7740668.0,7672641.0,86.93050082299344,0.7692349917214214,86.33754,90.71668,86.51662,6
20057882.498981442,493154.7050423541,18435180.0,20240110.0,20239610.0,,,,,,7592995.560242972,1156840.8136814605,3318524.0,8004677.0,7920812.0,87.66314039223676,0.7547223835598103,87.08797,92.17051,87.25692,6
14760500.53816808,145091.14164154252,14301020.0,14818380.0,14818300.0,,,,,,3642604.730656691,278110.2403017319,2609378.0,3724596.0,3724063.0,83.58113469017371,0.18360661284747867,83.45079,84.40426,83.48875,6
15236748.21623023,137107.64875748914,14805040.0,15290870.0,15290800.0,,,,,,3996382.6490981146,306359.5098645374,2857994.0,4086929.0,4086316.0,74.56259258083632,0.19223897245510244,74.30231,75.4328,74.46989,6
14255991.906737287,152190.51328229991,13770280.0,14318940.0,14317930.0,,,,,,3142037.5917256195,239125.92342843796,2253837.0,3211822.0,3211205.0,91.31274827697322,0.204126941282403,91.15939,91.93265,91.20707,6
13809475.79354791,147079.6490221447,13321730.0,13866510.0,13866100.0,,,,,,2483732.6706174305,172895.519151575,1845380.0,2590368.0,2532753.0,96.73816145301677,0.25516615716189933,96.54259,97.45472,96.601,6
10635582.174154598,108858.00371406753,10299030.0,10684280.0,10683340.0,,,,,,2571414.515870958,179738.73545717142,1904285.0,2625357.0,2624694.0,76.37385579539983,0.3667791634476857,74.92777,77.73331,76.41804,6
13360951.435238343,134899.82087284976,12934870.0,13416770.0,13416510.0,,,,,,3288389.5376495426,249950.91027072407,2359977.0,3362072.0,3361619.0,81.22269126375052,0.2213798205150749,81.06593,82.16422,81.11964,6
16189585.040927442,153693.27216241637,15699460.0,16249640.0,16249380.0,,,,,,3996177.6676543574,306525.2955716088,2857058.0,4086017.0,4085529.0,85.62753120226674,0.15047470953562067,85.52278,86.35599,85.55012,6
14986773.574206453,143494.4299647526,14533060.0,15044090.0,15043830.0,,,,,,3787700.482869736,290201.5929663294,2709372.0,3873204.0,3872721.0,82.72081421830438,0.17727968459744925,82.5984,83.54347,82.63309,6
15202362.053039001,142159.02670531254,14753120.0,15259210.0,15258750.0,,,,,,3920580.1618578467,301264.1507373496,2801008.0,4009292.0,4008861.0,81.88172183117894,0.17245439693539935,81.76629,82.69983,81.79784,6
15395672.589725545,141662.73907073282,14948250.0,15452250.0,15451770.0,,,,,,4046193.8580688173,311646.52568700316,2887965.0,4137957.0,4137575.0,81.0748592158969,0.1677533825899994,80.96683,81.88274,80.99569,6
15535051.889329234,142711.89855843157,15088310.0,15592400.0,15591970.0,,,,,,4174261.023297159,321942.48395210446,2977596.0,4269184.0,4268858.0,80.3604771439683,0.17090830426630943,79.51359,81.16271,80.29097,6
15695860.316308012,142451.59963892325,15251490.0,15754270.0,15752590.0,,,,,,4272339.865883921,329963.096665223,3045600.0,4369667.0,4369310.0,79.56430133597541,0.1813716566821356,78.71591,80.37208,79.49589,6
15872694.508315124,140105.49899083888,15436390.0,15930940.0,15929040.0,,,,,,4369774.469943332,337820.9885853105,3113702.0,4469434.0,4469106.0,78.81553427312123,0.1739570837134367,78.09555,79.61131,78.75692,6
17060814.669802584,133131.57738738332,16629870.0,17111650.0,17111220.0,,,,,,4205745.096410979,319490.3844821049,3016992.0,4297642.0,4297019.0,86.75606715582059,0.16162155046702367,86.6469,87.5154,86.67283,6
18176897.13962963,125817.59771585399,17765680.0,18224020.0,18223530.0,,,,,,4469080.4032962965,338655.81737293396,3208296.0,4565634.0,4564922.0,88.05219437296296,0.15310540613327797,87.95136,88.77853,87.97347,6
18834041.192636766,121380.06783801247,18435320.0,18878780.0,18878580.0,,,,,,4621682.809955925,349949.5449506725,3318524.0,4721079.0,4720218.0,88.75607597096189,0.15620152980010873,88.65336,89.48704,88.67512,6
19818957.256194673,1690702.0015163,14548540.0,20516600.0,20486170.0,,,,,,10665360.829401089,2460069.4126631785,1855633.0,11662080.0,11427020.0,72.69602350272233,4.143334456167251,68.52095,83.44685,71.24794,6
17959284.592021927,1189524.3722635328,14222910.0,18448150.0,18424250.0,,,,,,8375699.988518094,1820366.4887352586,1788527.0,9001012.0,8941541.0,78.51642687803252,2.320904327376829,76.35083,85.36876,77.34046,6
18746561.156709507,1231611.1147346501,14915850.0,19329400.0,19233000.0,,,,,,9472286.871587837,2072983.7353898238,1944398.0,10184340.0,10124400.0,74.01313936330975,2.4103573328756913,71.99391,82.64122,72.87741,6
10397484.8864032,1200065.355827351,7084353.0,11088220.0,11004470.0,,,,,,3983149.2961961553,888643.1933060823,1134155.0,4387021.0,4377890.0,57.51531415682062,2.31528831192164,55.01151,64.71172,57.09083,6
17236855.900218528,900430.0648946842,14423670.0,17624660.0,17599500.0,,,,,,7414823.983110486,1533762.1331426788,1804078.0,7914869.0,7887654.0,79.55823433534574,1.4049529210392955,78.37656,84.66404,78.87273,6
17429605.54983518,926431.5997915673,14548540.0,17808680.0,17807970.0,,,,,,7653607.154190896,1585802.0243030952,1855633.0,8173389.0,8144250.0,77.70302660320752,1.5969285463713496,76.49767,84.46892,76.96889,6
17687557.27508426,733657.7414377141,15363550.0,17977030.0,17976770.0,,,,,,6597350.074187933,1281639.3947703387,1887249.0,6998874.0,6985192.0,84.72403894181267,0.7651425967143418,84.08064,88.79658,84.31104,6
14724332.86010593,234592.98694493785,13986210.0,14818400.0,14818240.0,,,,,,3578774.363013445,498312.08610281575,1726020.0,3724919.0,3724106.0,85.07491060335568,0.5231351633240752,83.29258,86.52758,85.23963,6
15193743.467165451,234520.4625853045,14461380.0,15287130.0,15287030.0,,,,,,3922132.329234416,561888.6178768594,1834629.0,4109044.0,4072397.0,75.51527556502093,0.2643580451820809,75.24112,76.99632,75.388,6
11944408.380680766,203802.21249746231,11314100.0,12031930.0,12031200.0,,,,,,2875855.195414645,401221.7638931367,1384822.0,2994793.0,2993840.0,79.3515422715656,0.2520374448529425,79.10637,81.63611,79.23306,6
16152194.44905367,248685.57978785393,15363550.0,16249590.0,16249320.0,,,,,,3926312.51442646,548298.2650115947,1887249.0,4086259.0,4085545.0,85.85306094707211,0.6453389586587641,85.52373,88.54689,85.56485,6
17590895.68058076,261950.98846590778,16754100.0,17691530.0,17690940.0,,,,,,4262207.974776844,596859.8788546076,2041957.0,4435404.0,4434738.0,87.53200662098595,0.28794141799147543,87.38813,90.30877,87.41907,6
15153146.056890996,233326.9729557274,14423670.0,15247060.0,15246610.0,,,,,,3851300.9405533536,550374.6865307115,1804078.0,4012533.0,4011910.0,82.64596187710656,0.22238754039375036,82.17073,84.02408,82.53564,6
15354407.58916997,258593.4395835063,14548540.0,15459060.0,15458550.0,,,,,,3967454.173747176,568691.2130249254,1855633.0,4153571.0,4123297.0,81.7767983451239,0.2528917547672008,81.16649,83.35304,81.66545,6
15663168.926997297,239423.37022913096,14920630.0,15761750.0,15759580.0,,,,,,4192743.8454757584,604840.5783658485,1944398.0,4390157.0,4355555.0,80.1319606818771,0.25044375399025687,79.09627,81.92281,80.04673,6
15834701.477091745,246302.97959374308,15065750.0,15936130.0,15933850.0,,,,,,4286940.4585725395,619044.5362536466,1990558.0,4510815.0,4454630.0,79.32015545909107,0.2635008541813123,77.97949,80.92553,79.2501,6
14266421.74932405,88746.94058635074,13986210.0,14301940.0,14301480.0,,,,,,2546998.7271750807,220078.06804948417,1726020.0,2609628.0,2609453.0,84.16013559391088,0.08385225042825942,84.09841,84.76445,84.11661,6
14736085.951331532,87953.09390494267,14461380.0,14770950.0,14770920.0,,,,,,2791025.1968961814,256376.36944378517,1834629.0,2864142.0,2863926.0,76.0651152068595,0.08483231067523496,75.61838,76.94493,76.03078,6
11578722.326382458,85207.4590791869,11314100.0,11614800.0,11614550.0,,,,,,2107658.9944442385,193892.98204094125,1384822.0,2165305.0,2163064.0,80.66233733434572,0.46206215372986803,79.08494,81.64059,80.82509,6
12901685.734286455,83963.72401802342,12638920.0,12936200.0,12935980.0,,,,,,2304228.9371828586,196207.4157031079,1572413.0,2360312.0,2360171.0,81.9344081403015,0.09909402341477913,81.86336,82.60407,81.88655,6
15663245.305752065,94239.8446886306,15363550.0,15700060.0,15699620.0,,,,,,2788718.161450424,241628.80624061008,1887249.0,2857222.0,2857076.0,86.0897463965332,0.060271275011586446,86.04569,86.6437,86.05762,6
17070948.861068927,98953.12199397708,16754200.0,17108580.0,17108490.0,,,,,,3022356.1682654913,262750.4813412082,2041957.0,3096577.0,3096402.0,87.8341078376977,0.05816202858913923,87.79075,88.3439,87.80183,6
14498961.957479907,87486.11665915136,14222910.0,14533960.0,14533480.0,,,,,,2644363.56983592,229400.99356981562,1788527.0,2709588.0,2709436.0,83.28781130078892,0.07626363302609764,83.23247,83.90941,83.24871,6
14703913.791621912,89904.89553770551,14423670.0,14740080.0,14739720.0,,,,,,2732444.627838068,248802.0779476007,1804078.0,2803168.0,2803047.0,83.10692061594874,0.0753653631806271,82.40667,83.89902,83.07929,6
14911961.401163006,115936.36850508707,14548540.0,14958670.0,14958580.0,,,,,,2774192.3825697247,248060.58289199244,1855633.0,2955550.0,2821352.0,82.22346394829438,0.11986361906205782,81.64176,84.04722,82.21438,6
15103558.455498353,121462.03035749124,14725390.0,15153330.0,15152260.0,,,,,,2879143.5776139856,263330.293741536,1899311.0,3067034.0,2943375.0,81.318208985518,0.14519175230235748,80.22234,82.45157,81.29565,6
15291821.812289344,118653.36818184218,14920540.0,15341350.0,15339340.0,,,,,,2951033.950701878,270615.6170308859,1944398.0,3135210.0,3016080.0,80.48999254490907,0.13023443685781178,79.67916,81.83078,80.47086,6
15349149.415904293,89168.15470245693,15067130.0,15386340.0,15383960.0,,,,,,3045015.4600170376,282686.0134195339,1990558.0,3125724.0,3125246.0,79.87497763694951,0.06059440366426351,79.70159,80.79849,79.85675,6
16599828.396607282,82041.91162254824,16335190.0,16630890.0,16630740.0,,,,,,2946035.9627023223,254377.7100124725,1996581.0,3017340.0,3017146.0,87.25679272232306,0.07102774596496127,87.20642,87.82133,87.21861,6
17736272.77602874,78066.26070635456,17484070.0,17765500.0,17765420.0,,,,,,3133042.1519685914,270678.2980899425,2122474.0,3208507.0,3208240.0,88.52568668580317,0.08152692397523274,87.93378,89.08311,88.48744,6
18407622.875662062,74637.33763677797,18165620.0,18435280.0,18435210.0,,,,,,3241045.4750546315,279883.9712604531,2195960.0,3318895.0,3318526.0,89.24049928589947,0.09249738108513757,88.50702,89.80609,89.19934,6
14092528.17993259,33557.33676916877,13986210.0,14106180.0,14105670.0,,,,,,2065160.1501907478,90804.49168576748,1726020.0,2090627.0,2090579.0,84.31532410311492,0.028426666711367503,84.29357,84.55905,84.30023,6
14801743.077891774,108066.25565448085,14461380.0,14844010.0,14843970.0,,,,,,2897150.9527389905,287017.3663985255,1834629.0,3061319.0,2977135.0,76.22564764361643,0.501434527541773,74.5899,78.73333,76.08836,6
13514086.712841216,29569.44749143425,13419760.0,13526060.0,13525980.0,,,,,,1710141.1416719137,64901.68796923247,1467722.0,1728262.0,1728215.0,92.05430280973368,0.02112982201412328,92.02985,92.13859,92.04302,6
12736029.84962406,30843.388915898562,12638920.0,12748790.0,12748410.0,,,,,,1870645.1285973554,79854.64822896407,1572413.0,1893125.0,1893078.0,82.11401949887032,0.037279085634337454,82.08711,82.39932,82.09572,6
15463295.296862846,31094.406298192942,15363550.0,15475220.0,15475070.0,,,,,,2215807.711100411,87863.21647373364,1887249.0,2239703.0,2239702.0,86.20958152153786,0.01519432537610366,86.19833,86.42385,86.20152,6
16841409.297011,27190.703555781834,16754200.0,16851750.0,16851670.0,,,,,,2340661.8799214787,79946.73611857406,2041957.0,2362906.0,2362864.0,87.9254549790733,0.01604802983718108,87.90562,88.12514,87.91654,6
14327076.976554688,32922.962931821545,14222910.0,14340330.0,14339970.0,,,,,,2140935.987851402,94352.9840985491,1788527.0,2167386.0,2167348.0,83.44161671469313,0.02277988834510677,83.42429,83.6823,83.42961,6
14633467.145449832,27633.686045670685,14548540.0,14644990.0,14644960.0,,,,,,2187379.836808771,88807.18271509194,1855633.0,2212859.0,2211779.0,82.46264444534982,0.04110443381528446,82.11106,82.80435,82.47141,6
15006786.9250713,26949.8233609808,14920630.0,15018100.0,15016990.0,,,,,,2295372.0370754474,93952.24947661984,1944398.0,2321617.0,2321592.0,80.76584069484055,0.01570553648135912,80.73774,81.14023,80.75896,6
15155511.553390866,27454.687791863107,15067780.0,15167220.0,15165580.0,,,,,,2350844.093040483,96454.96884633218,1990558.0,2377812.0,2377788.0,80.00090376199117,0.014691176399360573,79.98207,80.34323,79.9946,6
7136929.735434646,13295.406799115524,7084353.0,7143641.0,7143216.0,,,,,,1181251.3495685025,12193.877278531496,1134155.0,1184753.0,1184741.0,64.2944215522797,0.021531424864307275,64.14108,64.35425,64.2982,6
16408154.885736508,22567.513832763863,16335190.0,16416670.0,16416630.0,,,,,,2286323.003555687,77517.99705806663,1996581.0,2307760.0,2307706.0,87.38459113337531,0.02169748159744888,87.3686,87.61751,87.37269,6
17552568.525500946,21536.981550733224,17484070.0,17560770.0,17560770.0,,,,,,2432251.674136079,82896.79671107589,2122474.0,2460262.0,2455048.0,88.65361054409422,0.03269909701426153,88.2464,88.82439,88.64631,6
18231906.74913886,20330.753413596565,18165640.0,18239380.0,18239350.0,,,,,,2516366.2817141376,85727.09161277972,2195960.0,2539981.0,2539862.0,89.35989143449757,0.029232792986209385,89.30784,89.54764,89.34503,6
19143434.5879477,1692460.4888629687,13835570.0,19842670.0,19800440.0,,,,,,9509596.98951813,2314808.8493568315,1282082.0,10448000.0,10231360.0,75.57785432978999,4.318117628523008,71.06764,86.11862,74.00293,6
19579992.94010889,1695515.8712483712,14323220.0,20289230.0,20242990.0,,,,,,10491861.117671024,2557294.800524769,1335590.0,11444590.0,11285470.0,66.17897562206008,4.431769474047785,61.62849,77.0039,64.43163,6
17883450.384458683,1516790.6635025905,12924260.0,18447830.0,18439050.0,,,,,,6444958.926367643,1570372.590495958,1219230.0,8034137.0,6920593.0,88.07882401163008,4.783922160443921,82.87284,99.16756,86.83143,6
15492628.88292159,1361763.6730537869,11275060.0,16079240.0,16057480.0,,,,,,7202045.448609208,1691285.5155707076,1259238.0,8111287.0,7710402.0,67.84190024223119,5.364595719630911,61.64497,80.86703,66.74682,6
17308586.592096005,1537545.853445491,12517310.0,17933870.0,17929200.0,,,,,,8333141.3007889185,2005354.4759168236,1237002.0,9247472.0,8951832.0,71.94725400570391,4.810857202187645,66.65042,83.67129,70.56854,6
20961901.704877958,1829417.9883704986,15184160.0,21728090.0,21645470.0,,,,,,10708861.60146672,2629810.9108735155,1330416.0,11711180.0,11529070.0,78.77477757287306,3.9407095120540623,74.92057,88.2344,77.11542,6
22799539.39405163,1967062.4372564324,16551940.0,23595610.0,23517020.0,,,,,,11933740.71461906,2949238.756178273,1381056.0,12994740.0,12856160.0,81.69333023260121,3.540160516823077,78.38658,90.1564,79.82134,6
19377671.32819734,1702578.7402401818,14055530.0,20076420.0,20043850.0,,,,,,9917940.072669359,2413891.132970511,1300715.0,10895880.0,10671180.0,74.60778437497684,4.23203354158409,70.22818,85.237,73.07545,6
19594135.981703024,1719506.3242032225,14239920.0,20310260.0,20271630.0,,,,,,10287266.759028113,2504653.5956909717,1320205.0,11292510.0,11066350.0,73.65583246453573,4.154220120824884,69.37736,84.32719,72.10486,6
19991537.773621246,1746971.923237175,14568780.0,20731000.0,20687240.0,,,,,,10933253.392458979,2667489.004445017,1355624.0,11972720.0,11760160.0,71.77339402311198,4.042101617076378,67.68693,82.56227,70.29729,6
20166483.80310382,1738271.9072442707,14766930.0,20881180.0,20856040.0,,,,,,11212823.125634283,2736653.201701464,1372317.0,12274170.0,12060720.0,70.83219009000334,4.043295183358641,66.81737,81.69261,69.27037,6
20315309.831845623,1794596.4102891984,14772510.0,21065880.0,21034230.0,,,,,,11472272.936293937,2807539.1266901614,1396487.0,12546980.0,12347160.0,69.1330409470721,4.195191392227331,65.1461,81.11019,67.62565,6
11800103.164376458,1769238.8801249175,7057665.0,12865080.0,12712140.0,,,,,,4943386.484573503,1280941.631800744,1098067.0,5568570.0,5544028.0,54.298969085151306,3.434776302031942,50.34644,64.31673,53.56982,6
20985465.403533462,1492150.9114078316,16168920.0,21569520.0,21522540.0,,,,,,10698605.02259343,2582309.2694498417,1366664.0,11964370.0,11442390.0,78.90003158857733,4.369951615467516,74.69739,89.61837,76.8507,6
21835509.695914663,1382892.1563077406,17316940.0,22362460.0,22318490.0,,,,,,11252107.402940849,2708549.294864237,1411420.0,12635270.0,12011620.0,80.28779307122487,4.32303672768281,76.24084,91.06361,78.1409,6
22323816.020222973,1315028.5552948997,17999410.0,22809430.0,22776670.0,,,,,,11571121.577502871,2781857.6492514396,1438357.0,12983160.0,12339500.0,81.03250352235267,4.269715669282281,77.0838,91.86317,78.86964,6
17714120.300381497,1236629.7205175098,13835570.0,18221040.0,18199210.0,,,,,,7991440.148672173,1855918.5131288539,1282082.0,8624259.0,8566814.0,79.40328738619948,2.463953452106315,77.09643,86.27157,78.17289,6
18139916.001703765,1230949.024376009,14323220.0,18697550.0,18628760.0,,,,,,8796346.681247454,2056834.0539452673,1335590.0,9499676.0,9439045.0,70.32323292714544,2.3605976884796775,68.08761,77.24704,69.19877,6
17245471.811548576,1219015.5647513757,13358380.0,17739760.0,17728900.0,,,,,,6868423.447794363,1558342.532001809,1301190.0,7639060.0,7347008.0,86.09050044853514,2.638097973275254,83.62233,92.97421,84.9191,6
16682914.539057001,1143109.8191104783,12924270.0,17112190.0,17102740.0,,,,,,5393513.548798104,1217239.2924362137,1219230.0,6652207.0,5756027.0,91.38009405940961,2.978180158507057,88.55818,99.04647,90.06248,6
14442680.737064335,1024243.6169420109,11275060.0,14883250.0,14875530.0,,,,,,6166996.273158265,1365436.755338859,1259238.0,6671401.0,6589113.0,72.23612615170933,3.32507007472901,68.84218,81.13798,71.13353,6
16073065.082040075,1142307.30526185,12517310.0,16544350.0,16542120.0,,,,,,7057060.181265973,1613412.315848174,1237002.0,7657325.0,7552065.0,75.9690392662691,2.829251140721027,73.20875,83.91929,74.80734,6
19380675.143333334,1328263.7150648683,15184160.0,19966050.0,19880890.0,,,,,,8926895.612407407,2097819.399210872,1330416.0,9695724.0,9581631.5,82.27136573407408,2.148136825460047,80.33554,88.31206,81.067305,6
21060374.93203452,1418668.2602559444,16552090.0,21657430.0,21588500.0,,,,,,9841304.614948701,2331668.605457782,1381056.0,10640760.0,10563690.0,84.60659802807513,1.869054921174729,82.98273,90.16071,83.53415,6
18146248.250305567,1255023.392208019,14239920.0,18667960.0,18642820.0,,,,,,8648024.068484018,2019922.3688917498,1320205.0,9355505.0,9278773.0,77.70797952961222,2.2951011864934694,75.58577,84.56216,76.56286,6
18340047.461757842,1283345.7110282828,14352600.0,18897380.0,18851950.0,,,,,,8926770.853735324,2091235.5482193043,1338895.0,9666945.0,9582345.0,76.80161741508945,2.257829023126308,74.75249,83.78488,75.70262,6
18538307.946960997,1279745.1783178751,14567700.0,19127190.0,19047500.0,,,,,,9186704.027667692,2156226.9736294113,1355624.0,9939960.0,9864110.0,75.91553373458277,2.227663795189239,73.91467,82.92503,74.82863,6
18880434.10015186,1333024.589565097,14774160.0,19449260.0,19426150.0,,,,,,9634266.451424127,2271192.9670096952,1396487.0,10401570.0,10350310.0,73.05267378125116,2.393954029245815,71.12985,81.88156,72.04963,6
19747405.253157523,1111468.874486573,16168920.0,20218990.0,20153310.0,,,,,,9112647.09685544,2121449.9621814787,1366664.0,9976780.0,9738585.0,82.87924211674505,2.376247192464187,80.79436,89.65222,81.55507,6
20705763.51346346,1040709.3814021456,17317150.0,21107300.0,21079860.0,,,,,,9627610.289195897,2243347.82011103,1411420.0,10564610.0,10271320.0,84.17562830364089,2.3060110068068655,82.21323,90.9968,82.89463,6
21258948.59550354,995122.1560222226,18000030.0,21660050.0,21612110.0,,,,,,9926711.897292493,2314183.123375211,1438357.0,10923960.0,10582820.0,84.8934748512908,2.259971029477072,82.99802,91.71805,83.63662,6
16770423.639394052,935781.064927229,13835570.0,17195810.0,17135410.0,,,,,,6839209.700544464,1522175.4987348213,1282082.0,7344564.0,7311940.0,81.44896120152598,1.4629025662920523,80.09885,86.24212,80.65576,6
17207265.092040446,929559.4407491612,14323220.0,17588350.0,17585670.0,,,,,,7496935.493573836,1685030.1346699826,1335590.0,8041377.0,8018048.0,72.26811717285825,1.4557388046744864,71.00383,77.04405,71.60605,6
15210323.489388496,866050.9278988456,12517310.0,15572240.0,15570680.0,,,,,,6087547.626615801,1330222.4993706953,1237002.0,6534734.0,6496010.0,78.33955796362828,1.7454601026209606,76.71801,84.05198,77.53454,6
18365689.500351865,1007885.250738754,15184160.0,18786360.0,18756620.0,,,,,,7570238.675950961,1706936.072583158,1330416.0,8136699.0,8094472.0,83.80147458757732,1.2448133269346855,82.71434,88.2104,83.31932,6
19968300.210378163,1076659.085663384,16552180.0,20384860.0,20383940.0,,,,,,8289615.6193933105,1886945.5861732007,1381056.0,8893406.0,8862310.0,85.93672201377828,1.0848838336324031,85.04115,90.1375,85.34319,6
16999758.936997667,942716.5061533776,14055530.0,17408030.0,17375630.0,,,,,,7119975.447905478,1591495.6743937675,1300715.0,7637735.0,7611990.0,80.48764605355754,1.3882081035820577,79.23658,85.41362,79.868,6
17599832.65343161,977939.9448334827,14571980.0,18002300.0,18001540.0,,,,,,7833849.821548946,1770595.1446798802,1355624.0,8408304.0,8383092.0,76.8328341853402,1.5460232632972148,75.67532,83.65686,76.14355,6
17783721.68154376,973351.5295557432,14768850.0,18184410.0,18183530.0,,,,,,8038218.390088522,1820953.6058697635,1372317.0,8627910.0,8603705.0,75.99089659209601,1.538032835881038,74.86922,82.71374,75.31905,6
17931335.10315197,1025722.7755281739,14774170.0,18358460.0,18356840.0,,,,,,8221740.046483203,1869233.9779763995,1396487.0,8828963.0,8808948.0,75.16053024667579,1.5638079053860976,74.08553,81.52066,74.48447,6
18920314.914626468,857041.6207075582,16168920.0,19247900.0,19247380.0,,,,,,7810958.934479055,1753208.5471027012,1366664.0,8435104.0,8322223.0,84.59332239823698,1.4204084312621312,83.42828,89.37176,83.83731,6
19936589.92851587,807204.3779663831,17317300.0,20238900.0,20238210.0,,,,,,8265867.022667506,1860779.9845365195,1411420.0,8962983.0,8796494.0,85.91063579947406,1.3681067349027796,84.81698,91.57887,85.17998,6
20527258.86032816,774451.9548098285,18000730.0,20812790.0,20812090.0,,,,,,8530709.462165266,1923282.167053031,1438357.0,9270254.0,9072867.0,86.6274201563021,1.3326294838699928,85.57445,91.78679,85.91428,6
16134455.25537983,733739.23410668,13835570.0,16432970.0,16432350.0,,,,,,5939338.487647691,1267575.6601791643,1282082.0,6343373.0,6324799.0,82.47804441571911,0.968312700454786,81.64084,85.98362,81.97734,6
16578557.854364976,726917.1924694601,14323220.0,16874770.0,16874240.0,,,,,,6515230.393421979,1409325.6568490737,1335590.0,6958250.0,6948043.0,72.33525649949998,1.2054568885657244,71.44803,78.07944,71.78173,6
15668781.266296295,725874.8283165067,13358380.0,15964200.0,15961740.0,,,,,,5113659.291037037,1041144.0645775809,1301190.0,5463984.0,5424857.5,89.19999110037037,1.185707899919468,88.19947,92.8377,88.59452,6
15239625.158339199,701675.0100123764,12924260.0,15508070.0,15505130.0,,,,,,4020166.7388792178,783153.8053530435,1219230.0,4764360.0,4248351.0,94.4681584962406,1.4624496598366659,93.23586,98.42771,93.72532,6
13141220.958183637,606061.7535485949,11275060.0,13407370.0,13403390.0,,,,,,4702181.767287677,938805.9359575436,1259238.0,5000767.0,4988492.0,76.37810482795659,1.479433235807293,75.04666,81.17075,75.75453,6
14621581.07818808,676815.6775912063,12517310.0,14905670.0,14904190.0,,,,,,5317147.851068558,1111398.6230066777,1237002.0,5673122.0,5656168.0,79.75371275010185,1.1412398504630679,78.72391,83.88042,79.20983,6
19218946.52148148,841103.8081508833,16552160.0,19546440.0,19546030.0,,,,,,7159179.371703704,1569792.1852689863,1381056.0,7642862.0,7632075.5,86.83388012185186,0.711109169291877,86.26009,90.88937,86.441685,6
16355551.295233157,736560.1245998236,14055530.0,16655020.0,16654710.0,,,,,,6186008.686506907,1328603.5292344678,1300715.0,6603738.0,6591042.0,81.6021481288196,0.9265365215718535,80.81203,85.73358,81.12496,6
16564450.477054706,747805.5114867194,14239920.0,16870240.0,16870020.0,,,,,,6409220.688210675,1384163.377597827,1320205.0,6842334.0,6832743.0,79.7898207726212,1.096507022585359,78.97656,84.87948,79.27418,6
16755977.271750806,773330.3900971322,14355910.0,17073290.0,17072880.0,,,,,,6613549.804177932,1435473.5243437958,1338895.0,7068724.0,7055499.0,78.92386227489907,1.094697249608992,78.15112,84.18924,78.43501,6
16953125.90873736,769450.3077697579,14572400.0,17269620.0,17269250.0,,,,,,6804038.444497945,1482251.7539406803,1355624.0,7270229.0,7261115.0,78.0840371298937,1.0944750470099716,77.21407,83.22257,77.58525,6
17132821.411163375,763617.3897572418,14769520.0,17447480.0,17447140.0,,,,,,6978923.583429016,1524505.9092290278,1372317.0,7459721.0,7449026.0,77.26852172376755,1.092802136404652,76.25659,82.37413,76.77749,6
17275579.34330901,812184.7761126582,14773520.0,17614530.0,17614090.0,,,,,,7135921.039445905,1564427.1468549396,1396487.0,7629553.0,7622874.0,76.47051373569391,1.1287732702957682,74.97902,81.48075,75.99186,6
8896658.28186229,643680.2992622984,7057665.0,9241260.0,9213656.0,,,,,,2873276.192896033,515964.8476784117,1098067.0,3083649.0,3081693.0,60.82088940627431,1.1805163454758458,59.63827,64.94183,60.56982,6
18333693.19974814,675262.6553610776,16168920.0,18595430.0,18592170.0,,,,,,6812917.432941961,1475503.9308191745,1366664.0,7287086.0,7242948.0,85.71445102374162,0.9368578215446742,84.96718,90.36195,85.21807,6
19391974.023482352,641063.615497611,17317600.0,19633970.0,19633570.0,,,,,,7221648.803511241,1571511.480774571,1411420.0,7741214.0,7672825.0,86.18438612578244,1.0464342775937192,85.4301,91.50517,85.64237,6
20009296.51135227,618157.8725847971,18000630.0,20240030.0,20239500.0,,,,,,7457865.184080892,1626626.2638845136,1438357.0,8005668.0,7920904.0,86.90728811585615,1.0109519030850882,86.18457,92.13044,86.3852,6
15440906.355050188,358786.5374944527,14323220.0,15584160.0,15583830.0,,,,,,3802670.3973850883,665882.0198844541,1335590.0,4018485.0,3992734.0,75.08125354716842,0.3675622834965266,74.7818,76.71219,74.89387,6
13273894.327567687,241032.73789885157,12517310.0,13373500.0,13373020.0,,,,,,3131244.0926330606,510269.2739164364,1237002.0,3284787.0,3278357.0,82.19116336049483,0.23732695591779682,81.99382,84.52677,82.07994,6
14935328.39364421,281965.9727421287,14055530.0,15049410.0,15049130.0,,,,,,3607462.528834401,620508.6030442452,1300715.0,3801672.0,3788894.0,83.49432954368682,0.2094572219904002,83.3147,86.06702,83.38609,6
15153374.178673284,291381.60379586887,14239920.0,15270340.0,15269890.0,,,,,,3809163.71787844,670970.160119795,1320205.0,4035397.0,4001187.0,81.84482455942812,0.36878264323450877,80.95801,84.89148,81.69118,6
15327056.184673507,310362.90526205616,14360350.0,15452650.0,15452110.0,,,,,,3931253.2328604762,699113.7550653009,1338895.0,4169758.0,4126826.0,81.04181278232527,0.39345297066054624,79.80752,84.20464,80.90646,6
15512506.369124783,301632.7841794677,14573000.0,15635670.0,15633630.0,,,,,,4034808.446201711,721922.2591232872,1355624.0,4286444.0,4234439.0,80.89902993184931,0.2619977800947673,79.68809,82.44823,80.80758,6
15644255.763176413,280086.78559841274,14773320.0,15759350.0,15757160.0,,,,,,4151942.1884884625,748271.6465667702,1372317.0,4411713.0,4357482.0,80.14092932664173,0.2515466160889387,79.00569,81.66256,80.06442,6
15764396.828030668,317370.6691701917,14777080.0,15896100.0,15893760.0,,,,,,4252113.648875885,770136.2831429369,1396487.0,4500343.0,4470174.0,79.36596322678618,0.3454931853627425,77.23489,81.04177,79.29965,6
7609100.686173562,177103.05421814838,7057665.0,7684653.0,7681657.0,,,,,,1716646.4246083188,170994.87975120608,1098067.0,1795220.0,1775177.0,63.51496010296677,0.3430416221068953,63.16584,64.71931,63.38618,6
17022493.041964516,266802.69931398577,16168920.0,17124810.0,17124480.0,,,,,,4013566.207970666,711129.6432805475,1366664.0,4228237.0,4215122.0,87.45690978851069,0.2294544016477609,87.04226,89.93429,87.33423,6
18143610.78928849,255734.83862713445,17317600.0,18239920.0,18239440.0,,,,,,4264627.6944331275,766222.9479038777,1411420.0,4492122.0,4480136.0,88.6984723626801,0.22346118929328937,88.2032,91.25002,88.58053,6
18798504.377939925,246403.3529000899,18001040.0,18890560.0,18890340.0,,,,,,4414956.859217008,799022.6106809686,1438357.0,4651133.0,4638925.0,89.37900548501797,0.21748718213028229,88.92948,91.96595,89.26785,6
14438018.550687062,190963.09209612693,13835570.0,14513690.0,14513390.0,,,,,,2769419.2445646133,399083.16131154663,1282082.0,2885913.0,2883986.0,84.67628655616875,0.13141959447208762,84.56417,86.42315,84.61504,6
13724176.50209267,115328.45917700708,13358380.0,13771230.0,13770980.0,,,,,,2186925.259491092,237444.92180547272,1301190.0,2254142.0,2253912.0,91.94342954813142,0.0913563720155351,91.86413,92.3237,91.8929,6
13283489.563687544,109738.33316765184,12924270.0,13327210.0,13326930.0,,,,,,1800913.1150412979,156281.78973185303,1219230.0,1861480.0,1844582.0,97.47237150042595,0.15463710700298752,97.35243,97.98289,97.38823,6
12989638.888847735,150850.96260475632,12517310.0,13051470.0,13051240.0,,,,,,2523355.0908181784,345372.5637535646,1237002.0,2623986.0,2621537.0,82.60628423311975,0.12212583153816071,82.35229,84.60474,82.55072,6
15657608.634023482,149200.9714892671,15184160.0,15715700.0,15715240.0,,,,,,2746037.100003704,380022.40870544396,1330416.0,2883367.0,2836227.0,86.72473208674394,0.08349308717462664,86.59678,87.52636,86.70625,6
17049784.23237898,156648.71038307756,16552510.0,17109750.0,17109660.0,,,,,,2974969.9069224787,428123.0068253795,1381056.0,3142491.0,3097978.0,88.41715001592651,0.09777476374825765,87.59916,89.36826,88.40674,6
14548554.126078743,156760.47508975284,14055530.0,14611100.0,14610570.0,,,,,,2595384.6430238155,347669.07219339226,1300715.0,2709722.0,2686780.0,83.11313413126413,0.21568914176285753,82.66186,86.17494,83.03103,6
14700869.588503279,147062.49515722925,14239920.0,14759610.0,14759230.0,,,,,,2677950.6529130707,366032.1911005855,1320205.0,2849251.0,2767766.0,83.08512957146561,0.11348733650722913,82.17279,84.69842,83.0853,6
14904305.642801585,175365.6779421767,14360270.0,14975840.0,14975730.0,,,,,,2771505.4302751953,385659.8525684316,1338895.0,2925341.0,2877824.0,81.4961972069336,0.27658788470199847,80.38956,85.43775,81.45946,6
15036397.44434979,147920.80552006993,14573000.0,15096970.0,15095420.0,,,,,,2854619.8558835513,403130.5417988025,1355624.0,3208402.0,2964551.0,81.41076865883923,0.14143872070373736,80.22736,83.17272,81.4218,6
15228600.468165487,143477.2064771884,14773680.0,15287680.0,15285420.0,,,,,,2924145.792918256,418610.8185661221,1372317.0,3276768.0,3033654.0,80.57696601318568,0.12482762626924991,79.34278,81.86167,80.58599,6
15175085.07426201,128136.44594635218,14779060.0,15228940.0,15227210.0,,,,,,3032038.9762954186,438462.37180288136,1396487.0,3157367.0,3156649.0,80.06955684469794,0.1427957292086821,79.12698,81.07033,80.08608,6
16591341.392273787,132129.90586086246,16168920.0,16641720.0,16641540.0,,,,,,2899010.0439645913,411080.1956344045,1366664.0,3041050.0,2996690.0,87.85648068002517,0.09630136108591779,87.18471,88.82041,87.82839,6
17718455.670950774,124357.19040853625,17317650.0,17765070.0,17764980.0,,,,,,3083103.3260861514,448649.3966553178,1411420.0,3254470.0,3210025.0,89.08448424386089,0.10595657698638763,88.34328,90.14718,89.06286,6
18376900.007778067,116215.70285673284,18001140.0,18420100.0,18420080.0,,,,,,3117017.1263380125,449889.09890280146,1438357.0,3310951.0,3229229.0,89.76775672247122,0.11135526078541677,89.0449,90.81893,89.75218,6
14174684.367569169,106942.39061164275,13835570.0,14217210.0,14216670.0,,,,,,2316714.138338457,277394.26158201933,1282082.0,2398856.0,2393775.0,84.94681733360494,0.0955988205519077,84.56962,85.43309,84.9268,6
14609819.702581577,89859.4265189679,14323220.0,14644810.0,14644800.0,,,,,,2219517.9506648392,241527.73469639878,1335590.0,2386998.0,2281691.0,76.34593241749695,0.15340890234450605,75.2424,78.97782,76.35258,6
13041595.02074074,35673.60911320941,12924270.0,13055810.0,13055690.0,,,,,,1426134.7446296297,55368.4470094711,1219230.0,1443278.0,1441284.0,97.73157457814814,0.04658069475092083,97.69542,97.91944,97.70611,6
11404470.094818326,41918.67414598291,11275060.0,11422260.0,11422170.0,,,,,,1661794.939849624,108361.55721374725,1259238.0,1693196.0,1693131.0,80.24636689395903,0.03314923675559678,80.20962,80.43281,80.23101,6
12860092.562317124,109443.43441556707,12517310.0,12904930.0,12904660.0,,,,,,1844369.945738731,163337.78786867202,1227883.0,1903223.0,1884724.0,81.84144307122487,0.20599965290658723,81.70831,84.61699,81.76397,6
15572679.985184636,122213.61850784541,15184160.0,15620100.0,15619700.0,,,,,,2223511.6659135525,239808.61930775945,1330416.0,2305828.0,2282398.0,86.84485521982296,0.08821371346942114,86.48959,88.85675,86.83431,6
14520228.379569614,147482.75600229064,14055530.0,14578770.0,14578280.0,,,,,,2467949.3470869293,313055.5228062249,1300715.0,2571135.0,2552183.0,83.89637540057038,0.08854221937021006,83.5614,85.71232,83.86002,6
14972448.590688543,61779.86172799232,14779640.0,14999470.0,14997720.0,,,,,,2332641.4588688468,250624.41540757025,1396487.0,2402840.0,2402822.0,80.2065748653654,0.06892347065015593,79.89954,80.84569,80.22482,6
12996691.78990562,238622.1480791109,12767730.0,13406110.0,12877110.0,118.75676756668035,0.08139304358607045,118.5905,118.9421,118.7478,2783572.9011489535,358850.611736388,2463764.0,3373924.0,2514753.0,83.2041046573656,0.15080595830195193,83.05411,83.49664,83.13806,6
13026011.684962537,96571.16770220912,12927320.0,13455370.0,13010135.0,119.02556550792819,0.039541090641771685,118.9421,119.1374,119.0202,2060522.500871232,463078.79985298705,1629007.0,3545587.0,1900730.0,84.17054843962363,0.11803005076773457,83.84234,84.2686,84.22868,6
13093657.555943765,572457.0047431077,12588180.0,14056070.0,12650730.0,118.6083957324682,0.036062755561544264,118.4733,118.6839,118.6212,3196984.1047333833,1113391.5986415148,2118721.0,4591278.0,2416131.0,82.12734282422427,0.5655318768131011,80.85149,82.60818,82.49551,6
13286849.782487452,48508.72529555129,13242510.0,13410290.0,13268940.0,106.9725353876185,0.03398992696511416,106.8378,107.0178,106.9863,5368900.576965978,219614.3288026464,5244155.0,5819155.0,5249231.0,73.68337943669827,0.09452745992045448,73.32733,73.84,73.665255,6
13412777.052826691,36411.332830144,13357430.0,13474640.0,13389600.0,106.84178294717331,0.028772169579760202,106.7478,106.9008,106.8468,5885876.051899907,132905.08532517593,5734155.0,6055821.0,5922261.0,72.58210050973123,0.11781625915217298,72.37832,72.78588,72.5821,6
13497384.356376639,38716.48971924769,13451650.0,13552780.0,13478470.0,106.70144332538736,0.03325831965125815,106.6128,106.7658,106.7163,6095978.509535161,111962.92599178191,5984154.0,6254988.0,6002185.0,71.83465491656735,0.1429839380630915,71.59116,72.09918,71.83211,6
136.60961669323873,1.12443453340154,135.1851,139.0,136.4268,59.66226173581673,0.27040171703249244,59.08355,59.97429,59.73072,15.00530481694208,1.9940467187121256,12.39075,19.22879,14.74036,54.5027554620791,0.27331881212558395,54.13496,54.89974,54.48136,7
135.66786990083943,0.4205699193423607,135.1054,136.6041,135.6183,59.60380185120992,0.14990490799871853,59.29306,59.78663,59.63111,13.160221290389783,0.8802604438008009,12.05656,15.38303,13.10026,51.501473405458896,0.29221760226617594,51.03213,51.93573,51.47044,7
135.3801894751462,0.284883829066298,135.0437,135.9781,135.313,59.91125843770707,0.050888313050890664,59.82648,59.98329,59.91774,12.831108671271206,0.6062640514805261,12.07712,13.97429,12.69795,57.69472520056366,0.15530945817210656,57.52828,57.96015,57.63625,7
135.03338977338487,1.3288120382407924,133.2879,136.7789,134.761,117.68086335501494,0.16939707223663947,117.4949,117.9576,117.6278,55.477723811254364,0.947430684543849,54.18509,56.62596,55.22815,73.40236733270062,0.3209054273332689,73.04756,73.84961,73.35218,7
159.4024954754182,0.2618637546723409,159.0244,159.9704,159.3843,64.78647604856467,0.14667935040414962,64.509,64.97301,64.80591,46.5930139204169,1.0174454644469224,45.10283,48.92288,46.58869,52.374204906120056,0.27992666569225877,52.02442,52.89846,52.3162,7
160.48130045920007,0.307239438503654,160.0308,160.8368,160.6009,64.7968895649029,0.04148014075115599,64.72365,64.85604,64.79434,46.47203011403323,0.9282060225626206,45.12339,47.67995,46.80077,51.479255166044084,0.15422223358463835,51.29434,51.69409,51.42416,7
93.75922853165935,1.8350427814289225,91.14781,95.92931,93.97237,70.6461961483329,0.2935375309632932,70.01028,70.96787,70.72686,22.79672833339603,2.557708628730967,19.21594,25.98201,22.79949,60.94330154255919,0.5004843167196584,60.24679,61.67352,60.94344,7
206.38697200363424,0.2591529083870345,206.027,206.9422,206.376,118.78980278239128,0.043944115271861914,118.7275,118.8895,118.7755,105.78584474626884,1.890623030331592,103.117,109.883,105.5553,70.7071512025972,0.10246330752885836,70.55784,70.91388,70.6928,7
87.47883216707947,0.2858630614832832,87.05141,88.0,87.51671,109.94772478877805,0.010307684165872322,109.928,109.9717,109.9473,21.496892257818107,0.29466370051705865,21.04113,21.99229,21.57841,59.83490779657879,0.012405944400057954,59.81491,59.86375,59.83033,7
211.3922243365239,0.3063850906002168,211.018,211.8869,211.3092,117.93878419462736,0.03471170703494646,117.8766,117.9807,117.9524,121.21088416800731,0.985110316518661,120.0578,122.9152,120.9197,65.21906203782363,0.15107807942398074,65.02185,65.45244,65.21658,7
13445107.581879955,114402.73140527467,13286420.0,13685410.0,13406110.0,117.92646594110985,0.17211313382753052,117.614,118.1609,117.9776,5504003.918323896,116691.94220717186,5257381.0,5752159.0,5482106.0,72.75301569716873,1.0217266914224055,70.63583,74.29675,73.121395,7
20700562.040650986,44794.83846921484,20627860.0,20787460.0,20687710.0,118.2044972414834,0.03597714307838339,118.1218,118.278,118.2167,10714271.207377225,212523.09616561732,10239160.0,11096340.0,10742430.0,70.25328748024242,0.4332912323552618,69.12125,71.30264,70.28606,7
21202174.91479574,27336.20169465403,21125440.0,21246300.0,21206400.0,117.49658097876404,0.08918283075337013,117.3015,117.6531,117.4941,12196469.418904062,63851.72905577376,12032370.0,12354990.0,12204890.0,65.44562909168499,0.4332376422771994,64.72781,66.26978,65.4422,7
8716757.52836758,2726.1858420644,8710634.0,8725215.0,8716221.0,109.4766380576367,0.021223793727566706,109.4208,109.5347,109.4768,2149277.556502005,19231.188091603497,2073573.0,2195037.0,2149291.0,68.58690359187987,0.21992533900527478,67.77083,69.21528,68.59182,7
26978936.50024075,2687977.171998258,19824230.0,28208950.0,28103580.0,21.259919864365347,41.873764881576655,3.123855,126.1639,3.419258,4011367.4869809994,19721.741569746355,4001760.0,4059666.0,4002576.0,50.281856422460095,24.776921114013643,27.83199,97.55283,36.62745,8
27292088.233638283,2621610.502465832,20259390.0,28502150.0,28330180.0,21.093594795955404,41.47067435992204,3.206365,125.3736,3.421202,4012155.8292529355,21691.815040565125,4001947.0,4065518.0,4002566.0,47.69142377902885,22.135977897071534,26.41041,90.77351,36.96717,8
26408595.47279529,2723540.554037394,19240200.0,27874720.0,27628300.0,21.47606338971814,42.20322425783233,3.332142,126.7742,3.461222,4010762.9442942333,17523.33416811546,4001775.0,4053553.0,4002647.0,52.15837019037742,27.491480973320254,27.66964,102.9675,38.08083,8
25404233.991999704,2520345.217540306,18799810.0,26730880.0,26548490.0,21.6988119613319,42.49215434620505,3.211591,127.3769,3.445359,4008955.4324604613,15614.96189647116,4001251.0,4047865.0,4002422.0,53.74295948109189,26.2394295539869,29.78455,106.709,44.86889,8
23266890.59779992,1468983.42497257,19381780.0,23963560.0,23860040.0,22.269371773028627,42.53487668397232,3.411306,127.7401,3.4269,4008937.0291121895,16348.39569193544,4001226.0,4050223.0,4002370.0,54.01924106263195,26.27849294063512,30.75726,106.1207,40.31153,8
22911523.495555557,2287934.93266259,16869460.0,24041600.0,23906895.0,21.11373492155555,41.5776371874997,3.261694,125.2916,3.4104225,4009380.731851852,14980.619384675303,4001713.0,4045911.0,4002598.0,49.10717969481482,23.604178105420665,27.68089,93.91385,36.275369999999995,8
24910580.706322458,2478794.245248479,18331300.0,26074350.0,25955830.0,21.183440645023893,41.73045624016093,3.15682,125.7467,3.427894,4010346.3303455682,17285.32248668793,4001616.0,4052604.0,4002557.0,49.71462411126338,24.23701441590626,27.67663,95.89114,36.70944,8
29064064.598318458,2908289.828244528,21291990.0,30360880.0,30258540.0,21.324675584280897,42.01520874414478,3.397789,126.5504,3.401796,4012507.711100411,22340.832795000457,4001710.0,4067501.0,4002580.0,50.97510222267491,25.291033720114996,27.83334,99.09749,37.09795,8
31132898.916996926,3140987.6530005382,22716160.0,32513300.0,32435020.0,21.412459130930777,42.147457787306905,3.324098,126.9501,3.41483,4013765.471017445,25273.731961768513,4001705.0,4076270.0,4002570.0,51.44185311900441,25.761529045316202,27.75609,100.5468,37.50867,8
26884902.14082003,2816081.5500800405,19378210.0,28191870.0,28096080.0,21.257475960331867,41.886555243233786,3.169242,126.2582,3.4169,2017912.6669876662,36611.70047445577,2000775.0,2107117.0,2001378.0,51.29232443979407,23.32299483218692,27.61326,95.21422,40.63437,8
27036157.702877883,2469821.470956151,20480730.0,28216440.0,28089660.0,21.265499081003007,41.85213909486028,3.166956,126.0202,3.420443,6010239.46742472,14898.10640302229,6002916.0,6046892.0,6003801.0,49.24257906329864,25.077298170068016,26.6644,97.96082,34.40437,8
27161094.61239305,2219232.4190432946,21288690.0,28219710.0,28105840.0,21.24133616782103,41.82581614835088,3.167131,125.8249,3.419694,8010493.276899144,12694.679139073554,8003789.0,8041980.0,8005214.0,44.438151292270085,24.779622448489643,26.82305,97.22513,32.1561,8
27203675.528723285,1923376.1814374751,22145780.0,28162780.0,28065230.0,21.25670857216934,41.780570565882776,3.175991,125.6012,3.418888,10011539.675913922,11511.456966619911,10005710.0,10040070.0,10006680.0,41.37526321123005,23.648405291886778,26.03704,95.46084,30.73347,8
27538476.4920923,2776013.521961939,20160910.0,28867300.0,28683010.0,21.115064244527574,41.69955333588467,2.990937,125.7823,3.434439,4011840.069150709,20964.686803871522,4001749.0,4063204.0,4002591.0,49.0167840571873,24.113592826146178,27.38084,95.75851,37.34428,8
27938381.76747287,2819108.5064088367,20439250.0,29220450.0,29145190.0,21.007213666061705,41.532644825918965,3.028973,125.4384,3.433766,4012283.9242194155,22089.7282932564,4001751.0,4066473.0,4002656.0,47.89843192562688,23.832464589471677,27.00904,94.06068,36.04608,8
28327302.48749954,2877013.186736454,20672260.0,29645520.0,29555900.0,20.898330957109525,41.382085361833795,3.093682,125.1096,3.420758,4012598.783584577,22851.443212522077,4001802.0,4068745.0,4002622.0,47.28275143671988,23.17266148023712,26.70008,92.3494,35.75325,8
28546788.20734101,2921176.0031829076,20756910.0,29935460.0,29817560.0,20.819262796214673,41.206694462447594,3.014438,124.8398,3.397906,4013186.101929701,24233.122528915374,4001789.0,4072809.0,4002662.0,46.0729750579651,22.675372120483445,26.61063,90.89337,34.63264,8
26691653.71717471,3435642.968626345,17607750.0,28238040.0,28106900.0,21.19742840601504,41.70416588371151,3.158958,125.9271,3.420688,4009892.5034260526,16159.84933675023,4001775.0,4049268.0,4002592.0,49.24621406644691,24.065785413081827,27.9267,94.95005,36.56472,8
26865467.280640025,2925750.1025291113,19097750.0,28215000.0,28105110.0,21.254801837364344,41.81720817539921,3.132332,126.1055,3.419528,4010874.168043261,18545.56852792266,4001718.0,4056217.0,4002578.0,50.04268661765251,24.507331594480863,27.41678,96.81276,36.93238,8
27036292.341197822,2441062.784676299,20528020.0,28201600.0,28087410.0,21.295874999851847,41.919493883806126,3.135177,126.2251,3.42011,4011862.4214230157,20884.418952827582,4001776.0,4063142.0,4002579.0,50.662546435053144,24.96815567664036,27.83889,98.28446,37.28382,8
26210577.53287159,3415798.7627109364,20259390.0,28518140.0,28311280.0,39.12505417100633,54.26519112282805,3.242176,124.9381,3.432141,4020593.5226860256,27334.51004548992,4001875.0,4065518.0,4002598.0,56.55434997481388,24.723717143760446,27.10645,90.77351,44.68779,8
25212838.28845513,3499008.2036603573,19240200.0,27873150.0,27128920.0,39.845959038112525,55.158921834129266,3.303968,126.6391,3.512942,4017571.478239935,22161.47210210518,4001398.0,4053553.0,4002517.0,64.63085499833328,28.63816530138874,29.19862,102.9675,52.92408,8
24308426.818030298,3247980.3252110453,18799810.0,26662750.0,26266980.0,40.15374798103635,55.4875773629296,3.051965,127.3766,3.435677,4015240.998629579,19981.753872146906,4001508.0,4047865.0,4002511.0,64.52415774547205,30.111257771990118,32.20868,106.709,48.44695,8
21911417.107670654,2949732.1916258703,16869460.0,23997820.0,23801570.0,39.27638254942776,54.38674206563874,3.277538,125.0351,3.411247,4015232.7413978297,18881.12094744662,4001805.0,4045911.0,4002631.0,58.313086373569384,26.26977399216586,29.4616,93.91385,46.53416,8
23842078.65661691,3207171.962932934,18331300.0,26059300.0,25808180.0,39.36587829545539,54.58350040174645,3.078312,125.4712,3.438392,4017106.6425423166,21795.269100629863,4001840.0,4052604.0,4002618.0,59.40157472573058,26.87468779254694,29.80427,95.89114,47.77126,8
27865497.75954665,3794417.199687816,21291990.0,30387820.0,30277160.0,39.60592847875847,54.91244307236065,3.434505,126.1927,3.50839,4021258.424015704,28213.05192251841,4001835.0,4067501.0,4002604.0,60.3667381680803,28.377841936915868,28.75666,99.09749,43.46981,8
29761735.135005,4045322.0053236987,22716160.0,32397730.0,32235840.0,39.73414091425608,55.07700894900524,3.379238,126.5282,3.442597,4023677.3753472352,31906.28623774527,4001648.0,4076270.0,4002577.0,61.581223334567945,28.609249136262058,29.76216,100.5468,44.7188,8
25707988.002148226,3663233.696119541,19378210.0,28196390.0,28005980.0,39.48677583932737,54.75733789722362,3.190006,125.9139,3.421203,2032080.4784992037,45981.66828800541,2000823.0,2107117.0,2001414.0,60.78555409904071,25.390576007673435,29.05787,95.21422,50.2459,8
25955755.098336976,3186851.838470499,20480730.0,28163370.0,27846600.0,39.5051438530316,54.72461972275143,3.16241,125.7587,3.419558,6016076.975776881,18893.122680939116,6002824.0,6046892.0,6003880.0,58.03616980925219,28.478451821272927,29.05648,97.96082,43.69893,8
26191618.171043374,2868370.737747879,21288690.0,28192900.0,27998300.0,39.479775006518764,54.7083883589109,3.165483,125.6332,3.419795,8015565.972813808,16198.38333454499,8004026.0,8041980.0,8005271.0,54.24013407015075,29.383570748984514,27.38375,97.22513,36.26798,8
26367476.251713026,2484262.7907466833,22145780.0,28180030.0,27728790.0,39.47368002196377,54.63446803889367,3.107126,125.52,3.419063,10015985.562798623,14767.69571997161,10004800.0,10040070.0,10006710.0,51.86399061409682,29.235618003720194,26.17111,95.46089,33.1319,8
26366924.5135005,3601328.6786383386,20160910.0,28858180.0,28590840.0,39.24721502477869,54.545953887811336,3.06881,125.4338,3.456205,4019979.967035816,26455.376645716573,4001857.0,4063204.0,4002600.0,58.84812657246565,26.792071395006126,28.5813,95.75851,44.68823,8
26750939.35664284,3657767.6326314397,20439250.0,29212460.0,29082030.0,39.05480678051039,54.35439938124328,3.074182,125.061,3.4284,4020840.6529871477,27870.677597928625,4001885.0,4066473.0,4002666.0,57.16687611985628,26.629405614294466,27.96566,94.06068,42.18517,8
27129035.360198528,3738949.876174565,20672260.0,29642910.0,29497870.0,38.90556827038039,54.16059098021612,3.036968,124.7185,3.423519,4021449.3248268454,28834.515997050814,4001883.0,4068745.0,4002637.0,56.2945858172525,25.9316516026418,27.55955,92.3494,42.39136,8
25199243.15826512,4451313.366417271,17607750.0,28195060.0,27889410.0,39.356245622689734,54.52385421912909,3.129175,125.5145,3.419792,4016266.6939886664,20389.248566665174,4001769.0,4049268.0,4002634.0,58.864760497425834,26.704407951158498,29.44705,94.95005,46.22335,8
25559710.681877106,3757919.689836632,19097750.0,28100570.0,27939530.0,39.453461953664956,54.67374831990017,3.270667,125.7639,3.425565,4018136.247712878,23399.78350268417,4001863.0,4056217.0,4002617.0,59.90563946109115,27.129002356683852,29.80288,96.81276,47.4923,8
25917996.300603725,3277230.340253755,20253970.0,28183080.0,27878560.0,39.513059946072076,54.78642696465551,3.140293,125.9078,3.421775,4019632.716730249,25763.01129420889,4001836.0,4061706.0,4002597.0,60.24245791547835,27.65265306562269,29.80787,97.99114,47.80915,8
24664895.438719954,3792047.073294547,19824230.0,28222430.0,27281130.0,57.7941607121375,59.78765702736061,3.158814,125.7578,6.203557,4026786.8383643837,26917.444079863904,4001688.0,4059666.0,4004679.0,69.3294943531242,27.358526833657628,31.5136,97.55283,74.02947,8
25098298.63291233,3740683.3724410175,20259390.0,28466270.0,27928280.0,57.28128073043446,59.256382871368444,3.239028,124.7823,6.310221,4029017.9169969256,29602.246276998718,4001838.0,4065518.0,4002696.0,64.86772773917552,24.685680620032432,31.83376,90.77351,67.49705,8
23989701.601540796,3750285.394167005,19240200.0,27745470.0,26439900.0,58.30447955561317,60.20205856101361,3.319027,126.6391,6.06345,4024120.6542464537,24222.699444084436,4001512.0,4053553.0,4002569.0,74.99746462424534,27.309450530125563,35.52668,102.9675,80.36951,8
23178169.119967405,3491379.5918970755,18799810.0,26688580.0,25232910.0,58.71256021597097,60.541208901864955,3.083742,127.3765,6.424141,4021540.3629764067,21764.53452466921,4001609.0,4047865.0,4002572.0,75.10012249972222,30.201079120123282,34.83981,106.709,78.40809,8
26589551.197822142,4120833.95862461,21291990.0,30327350.0,29547770.0,57.97253236845809,59.961261935808075,3.398065,126.1021,6.078424,4029993.0111485613,30554.997606424935,4001807.0,4067501.0,4003010.0,70.16081352050075,28.075130024850967,31.9469,99.09749,75.27044,8
28380279.205155745,4373403.362881233,22716160.0,32229060.0,31732850.0,58.1558127740657,60.12731903569127,3.390433,126.4366,6.364855,4033569.2025260194,34577.81642997521,4001578.0,4076270.0,4003376.0,70.68601419534058,28.917601204911826,31.75817,100.5468,76.31749,8
24476671.527093597,3981062.243967892,19378210.0,28154060.0,27293350.0,57.81077199744435,59.793848493004056,3.136026,125.8008,6.247015,2046175.5126115782,49664.805264346476,2000855.0,2107117.0,2004510.0,69.70890576206526,24.675812072261863,33.11072,95.21422,74.35054,8
24897169.534797587,3472909.6380431303,20480730.0,28180180.0,27270820.0,57.81658975417608,59.76111769359139,3.149434,125.6939,6.19888,6021939.21904515,20518.47665825746,6002249.0,6046892.0,6003994.0,67.22033977073224,29.04211553822838,29.96205,97.96082,62.41848,8
25194535.62872699,3087615.796469312,21288690.0,28153880.0,27266350.0,57.80201113611616,59.72136314076793,3.117542,125.6301,6.147323,8020646.204711285,17633.455472863476,8003568.0,8041980.0,8005352.0,64.1130242712693,30.533226353746176,28.7193,97.22513,54.98717,8
25534984.355346493,2696056.2501099533,22145780.0,28146530.0,27252500.0,57.739554262787514,59.6533276504319,3.126627,125.5198,6.168319,10020663.461239304,16139.33633313769,10004850.0,10040070.0,10006810.0,61.79011617133968,30.466429669814794,26.89291,95.46093,46.43386,8
25156040.56779881,3912139.24278511,20160910.0,28786080.0,27896130.0,57.483160857587315,59.58548583431652,3.086019,125.3017,5.753177,4028138.8363272715,28628.900540796494,4001627.0,4063204.0,4002745.0,67.49183457831772,27.112024074048172,31.09866,95.75851,70.71465,8
25533179.849994443,3983997.898847192,20439250.0,29163030.0,28379590.0,57.23832592125635,59.37559220237792,2.985015,124.9078,5.171373,4029385.4639060707,30185.279965889073,4001757.0,4066473.0,4002711.0,66.18653608133636,26.479550500957345,31.52128,94.06068,69.90173,8
25753675.963554207,3959877.2181852073,20672260.0,29571480.0,28672280.0,57.02085288462535,59.169319993867894,3.006143,124.5511,5.303496,4030269.423904589,31241.355462785825,4001767.0,4068745.0,4002736.0,65.29086768472906,25.741412666106463,29.06893,92.3494,68.61167,8
26122250.566687655,4176754.057375404,20756910.0,29922470.0,29136770.0,56.7832332816771,58.92150167810232,3.057257,124.2432,4.912552,4031804.001148191,33083.74771913626,4001854.0,4072809.0,4002770.0,63.81574009704064,25.4536397152549,28.41811,90.89337,63.77874,8
24975958.4799437,3462047.2215569355,20528020.0,28183020.0,27319370.0,57.84556018800696,59.87653140734025,3.126661,125.8908,6.341983,4028173.4341271897,28522.070023796503,4001744.0,4063142.0,4003160.0,69.66505387310642,27.732326727348116,31.79951,98.28446,74.60057,8
22827403.420126673,3670458.7605827968,19240200.0,27618580.0,20440740.0,76.73782523271231,59.38532457104138,3.324739,126.6391,126.5532,4031035.02211193,24030.148529989438,4001157.0,4053553.0,4048493.0,83.18387551131524,25.079754273999924,39.09455,102.9675,101.9877,8
22118695.30797437,3439096.713051443,18799810.0,26693330.0,19775900.0,77.25711243705322,59.69810614872055,3.126228,127.3765,127.255,4027860.3718656246,21621.9678837766,4001488.0,4047865.0,4044110.0,85.11107400718545,27.28156091247554,37.81075,106.709,105.9176,8
19914262.79195526,3121494.3232174534,16869460.0,23940110.0,17880420.0,75.61947136038371,58.64317014374247,3.241249,124.9639,124.9258,4026820.9587392127,20319.128938168407,4001627.0,4045911.0,4041430.0,75.01560614133857,24.145264839606696,30.97576,93.91385,92.87663,8
21695358.936627284,3427517.8076303275,18331300.0,25936160.0,19487250.0,75.85629794103485,58.839009846035744,3.12695,125.3584,125.3178,4030605.441942294,23332.35220967438,4001628.0,4052604.0,4047246.0,77.18720059631838,23.77475255922581,34.68193,95.89114,94.82043,8
23281693.615319084,3949994.5369449537,19378210.0,28174720.0,20799770.0,76.12831442020075,59.00456030495036,3.184877,125.7623,125.7033,2060277.6085040187,49098.33344265347,2000844.0,2107117.0,2094107.0,78.05627393421979,21.61644803541124,35.2843,95.21422,94.01857,8
23838588.132893812,3423822.220080273,20480730.0,28170370.0,21618740.0,76.0877376886181,58.997072442286004,3.115025,125.6829,125.6659,6027809.018185859,20385.0742505488,6002592.0,6046892.0,6042701.0,77.16723792881218,25.877161338510042,32.98128,97.96082,96.90003,8
22252515.945405386,4804105.531386962,17607750.0,28134910.0,18921240.0,75.81371448949962,58.75687752435162,3.152599,125.3399,125.1319,4028950.00325938,21804.342133518632,4001760.0,4049268.0,4044934.0,76.3132886055039,23.84087413373903,34.55681,94.95005,94.03329,8
23106852.14822771,4095991.27035768,19097750.0,28160260.0,20417370.0,76.0067147239157,58.933362041890405,3.134994,125.5915,125.5107,4032661.2885662434,25025.801905971373,4001736.0,4056217.0,4050607.0,77.59635885773547,24.367286764549913,34.25683,96.81276,95.7243,8
23760995.21760065,3546023.0874128747,20253970.0,28165160.0,21550620.0,76.14307440045928,59.061865924729176,3.122911,125.8143,125.7822,4035580.892736768,27584.62884357226,4001680.0,4061706.0,4055118.0,78.46145521130413,24.800043363604257,31.87242,97.99114,96.86724,8
22354234.031260416,3308585.9803183023,19824230.0,27923840.0,20092200.0,94.40591949920368,52.13482777224346,3.218454,125.7141,125.6833,4042189.1335605024,23983.1634869023,4001817.0,4059666.0,4058005.0,86.7178097836957,18.501622718223025,37.63431,97.55283,97.2596,8
22882988.842549723,3373155.1054733573,20259390.0,28447420.0,20587060.0,93.55329254698322,51.71693722090072,3.173971,124.685,124.5746,4045875.9487018036,26473.27941238223,4001861.0,4065518.0,4063249.0,80.59280405978,16.980286814300275,36.57939,90.77351,90.41399,8
21694514.740175564,3243770.7130661607,19240200.0,27319610.0,19485000.0,95.1478172838994,52.47741293133065,3.375475,126.6391,126.6137,4037985.0589281083,21674.81890878317,4001086.0,4053553.0,4052219.0,91.81445396755434,19.009590027479746,40.03783,102.9675,102.661,8
21027093.575317603,2983634.9988043155,18799810.0,26261300.0,19003010.0,95.79350297970296,52.684957372675804,3.212891,127.3765,127.3492,4034187.577206563,19516.932236859706,4001558.0,4047865.0,4046938.0,94.53032579354792,20.991339594229355,39.10448,106.709,106.4834,8
18999659.891477462,2838016.852760857,16869460.0,23892060.0,17074740.0,93.79789509837401,51.85044181376852,3.293145,124.955,124.9447,4032645.9639245896,18386.743128773644,4001584.0,4045911.0,4044729.0,84.16738454498315,16.3136203613629,41.59706,93.91385,93.62253,8
20651394.622763805,3056769.7123953057,18331300.0,25959150.0,18568600.0,94.08447679791844,52.03902399930924,2.968598,125.3475,125.3187,4037289.8466980257,21099.869371020453,4001580.0,4052604.0,4051182.0,84.8515127238046,19.092381319265368,32.459,95.89114,95.60233,8
24065306.381717842,3580825.4074041513,21291990.0,29882660.0,21628200.0,94.67598969917405,52.30470529386141,3.182738,126.0519,126.0436,4047456.930960406,27258.536212593426,4001798.0,4067501.0,4065331.0,87.87531363013444,19.17668048712581,37.72549,99.09749,98.81625,8
25848007.856957667,4030411.2982762842,22716160.0,32258140.0,23098740.0,94.9265588287344,52.482569833600046,3.345851,126.4098,126.3963,4053327.9595170193,30925.43676729158,4001839.0,4076270.0,4073602.0,89.42773127893626,19.040375237894576,38.51912,100.5468,100.2504,8
22065857.628801066,3503080.496030452,19378210.0,27927410.0,19667910.0,94.43093318997,52.13119346165139,3.257012,125.7412,125.7025,2074357.0396310973,44229.28320640637,2000886.0,2107117.0,2103548.0,85.5435315133894,16.243865848363058,43.97828,95.21422,94.93065,8
22780505.9520723,3026826.423432953,20480730.0,27937820.0,20715080.0,94.40351930023334,52.11084456441721,3.239123,125.6781,125.6674,6033705.197822141,18426.876443655732,6002663.0,6046892.0,6045828.0,85.95077714767213,20.180764717925037,39.20217,97.96082,97.67332,8
23284348.35919849,2639758.4253311423,21288690.0,27784010.0,21486610.0,94.33656031149303,52.089847857138814,3.289099,125.63,125.6139,8030900.332382681,15800.581872014369,8003948.0,8041980.0,8041224.0,83.64477548057336,22.784836369333792,31.91828,97.22513,96.93275,8
23875680.860402238,2309770.5295972032,22145780.0,27996560.0,22296880.0,94.2334840923738,52.030939415572,3.152633,125.5197,125.4971,10030185.333160488,14477.087965228633,10005140.0,10040070.0,10039470.0,80.6461431660432,24.15795162459183,29.85643,95.46099,95.13546,8
22800680.275565762,3463674.846915143,20160910.0,28723910.0,20434870.0,93.91178500051853,52.05989385123913,3.142911,125.2229,125.1435,4044436.4076447277,25615.476657758256,4001852.0,4063204.0,4061387.0,85.18963949368495,17.832007343676928,38.65363,95.75851,95.43879,8
23082070.717433978,3444924.2907435587,20439250.0,28884880.0,20731300.0,93.53375083040112,51.87348088908588,2.981573,124.7945,124.6505,4046507.073187896,27084.137782466656,4001695.0,4066473.0,4064473.0,83.46932751731545,17.732668634807993,35.93131,94.06068,93.74671,8
23432937.760657802,3600816.998821576,20672260.0,29481820.0,20971770.0,93.14862266006149,51.7631787368357,3.01563,124.4221,124.1873,4047943.4838327346,28096.335581029238,4001821.0,4068745.0,4066561.0,81.64603634912403,17.873778684590246,35.1041,92.3494,92.02621,8
23629058.006222453,3707690.703501736,20756910.0,29824240.0,21117600.0,92.76888141220046,51.557932969071324,2.954238,124.1001,123.6621,4050429.6412089337,29844.65148429746,4001900.0,4072809.0,4070102.0,80.20112145375755,17.618913120701613,36.56608,90.89337,90.4549,8
20780727.551761176,4271589.53204293,17607750.0,27816900.0,17873640.0,94.04364639260714,51.91337707165526,3.269659,125.2833,125.1336,4035199.7433608654,19720.424136302594,4001542.0,4049268.0,4048128.0,84.74783085262416,17.4075713041907,35.3313,94.95005,94.69852,8
21854192.213044927,3644564.926343664,19097750.0,28069370.0,19366540.0,94.29234139245897,52.06826142485429,3.12665,125.5669,125.511,4039904.393607171,22523.54040885622,4001853.0,4056217.0,4054732.0,86.26253234267936,17.983386332939812,37.64727,96.81276,96.48373,8
22690839.75443535,3177554.29347388,20253970.0,28132390.0,20522320.0,94.45188143264566,52.21467664172526,3.127848,125.8016,125.7857,4043541.46205415,24857.17924692322,4001750.0,4061706.0,4059950.0,87.14788209970739,18.44814859640809,37.39583,97.99114,97.70977,8
22867843.199377757,3025432.9917876455,20528020.0,28076570.0,20803830.0,94.51323991355234,52.21198646410398,3.133744,125.861,125.8502,4044463.2208229937,25448.1206324662,4001780.0,4063142.0,4061243.0,87.26106106596541,18.894314210002474,36.58019,98.28446,97.99216,8
0.0,0.0,0.0,0.0,0.0,0.0,0.0,0.0,0.0,0.0,1403983.743336784,619717.2583079734,904138.7,3150104.0,1176780.0,,,,,,8
1378685974.3689444,313476014.34179735,673938100.0,1825980000.0,1405049000.0,21.979242749617544,14.60264650308875,9.250252,66.42302,14.969045000000001,2968496.8754143296,450832.1880792783,942928.2,3149214.0,3149025.0,,,,,,8
1448276421.6162617,390269697.28095025,849585300.0,1979143000.0,1618969000.0,13.086142500537102,5.46944973093681,4.311131,23.34272,16.0231,1416711.9215914726,354066.5244961603,897946.9,3150695.0,1332503.5,,,,,,8
